cliente_id,sku,fecha,unidades_inventario,kilos_inventario,sell_in_unidades,sell_in_kilos,sell_in_valor,sell_out_unidades,sell_out_kilos,sell_out_valor,cum_si_u,cum_so_u,cum_si_k,cum_so_k,inv_unidades_cierre,inv_kilos_cierre,inv_negativa_flag,inv_kilos_cierre_clip,avg_diario_30d_kilos,sell_out_kilos_30d,doh_30d,mes,cliente,canal,regional,zona,ciudad,formato_cliente,descripcion_producto,peso_kg,unidad,variedad,subcategoria,categoria,tipo_producto,marca,origen,anio_mes
C002,130101,2025-01-31,104,15.6,0.0,0.0,0.0,8.0,1.2,44900.0,245.0,237.0,36.75,34.8,112.0,17.550000000000004,False,17.550000000000004,1.095,32.85,16.027397260273975,2025-01-01,SuperAhorro,Grandes Superficies,Antioquia,Valle de Aburrá,Medellín,Supermercado,CHEDDAR ESTILO AMERICANO DELILAT 150G,0.15,UND,CHEDDAR ANALOGO,LONCHAS,QUESOS ANALOGOS,regular,DELILAT,MAQUILA,2025-01
C013,900102,2025-01-31,19,1.52,0.0,0.0,0.0,3.0,0.24,32160.0,33.0,43.0,2.64,3.44,9.0,0.7200000000000002,False,0.7200000000000002,0.10933333333333332,3.28,6.585365853658539,2025-01-01,La Mesa Premium,Tiendas Especializadas,Occidente,,Cali,Especialidad,PEPPERONI TAJADO CASA IBERIA 80G,0.08,UND,PEPPERONI,CHARCUTERIA,CARNES MADURADAS,regular,CASA IBERIA,IMPORTADO,2025-01
C013,190101,2025-01-31,4,1.6,0.0,0.0,0.0,0.0,0.0,0.0,0.0,1.0,0.0,0.4,3.0,1.2000000000000002,False,1.2000000000000002,0.013333333333333334,0.4,90.00000000000001,2025-01-01,La Mesa Premium,Tiendas Especializadas,Occidente,,Cali,Especialidad,TABLA APERITIVO NAVIDEÑA MONTE AZUL 400G,0.4,UND,MIXTO QUESOS,TEMPORADA,QUESOS MADURADOS,temporada,MONTE AZUL,IMPORTADO,2025-01
C003,110113,2025-01-31,58,14.5,0.0,0.0,0.0,4.0,1.0,61310.0,146.0,143.0,36.5,35.75,61.0,15.25,False,15.25,1.15,34.5,13.260869565217392,2025-01-01,MaxiCompra Caribe,Grandes Superficies,Caribe,Costa Norte,Barranquilla,Supermercado,PARMESANO RALLADO ORO LECHE 250G,0.25,UND,TIPO PARMESANO,RALLADOS,QUESO PARMESANO,regular,ORO LECHE,MAQUILA,2025-01
C014,900101,2025-01-31,67,0.0,0.0,0.0,0.0,2.0,0.16,20250.0,105.0,124.0,8.399999999999999,9.92,48.0,-1.5200000000000014,True,0.0,0.32266666666666666,9.68,0.0,2025-01-01,Plaza Hogar,Grandes Superficies,Occidente,Valle del Cauca,Cali,Hipermercado,SALAMI TAJADO CASA IBERIA 80G,0.08,UND,SALAMI,CHARCUTERIA,CARNES MADURADAS,regular,CASA IBERIA,IMPORTADO,2025-01
C016,120104,2025-01-31,81,16.2,0.0,0.0,0.0,5.0,1.0,39390.0,112.0,129.0,9.6,25.8,64.0,-3.552713678800501e-15,True,0.0,0.84,25.2,0.0,2025-01-01,Canasta Familiar,Grandes Superficies,Santanderes,Bucaramanga Metropolitana,Bucaramanga,Supermercado,MOZZARELLA LIGHT CAMPOCLARO 200G,0.2,UND,MOZZARELLA,QUESOS TAJADOS,QUESOS FRESCOS,regular,CAMPOCLARO,NACIONAL,2025-01
C003,120101,2025-01-31,113,28.25,0.0,0.0,0.0,4.0,1.0,40450.0,132.0,190.0,33.0,47.5,55.0,13.75,False,13.75,1.5416666666666667,46.25,8.91891891891892,2025-01-01,MaxiCompra Caribe,Grandes Superficies,Caribe,Costa Norte,Barranquilla,Supermercado,MOZZARELLA TAJADA CAMPOCLARO 250G,0.25,UND,MOZZARELLA,QUESOS TAJADOS,QUESOS FRESCOS,regular,CAMPOCLARO,NACIONAL,2025-01
C015,110112,2025-01-31,32,3.2,0.0,0.0,0.0,3.0,0.3,19640.0,41.0,61.0,4.1,6.1,12.0,1.2000000000000002,False,1.2000000000000002,0.19666666666666668,5.9,6.101694915254238,2025-01-01,Abarrotes Norte,Tradicional Modernizado,Caribe,Costa Norte,Barranquilla,Supermercado Regional,PARMESANO RALLADO ORO LECHE 100G,0.1,UND,TIPO PARMESANO,RALLADOS,QUESO PARMESANO,regular,ORO LECHE,MAQUILA,2025-01
C016,190101,2025-01-31,16,6.4,0.0,0.0,0.0,0.0,0.0,0.0,0.0,0.0,0.0,0.0,16.0,6.4,False,6.4,0.0,0.0,,2025-01-01,Canasta Familiar,Grandes Superficies,Santanderes,Bucaramanga Metropolitana,Bucaramanga,Supermercado,TABLA APERITIVO NAVIDEÑA MONTE AZUL 400G,0.4,UND,MIXTO QUESOS,TEMPORADA,QUESOS MADURADOS,temporada,MONTE AZUL,IMPORTADO,2025-01
C013,190103,2025-01-31,5,3.0,0.0,0.0,0.0,0.0,0.0,0.0,0.0,0.0,0.0,0.0,5.0,3.0,False,3.0,0.0,0.0,,2025-01-01,La Mesa Premium,Tiendas Especializadas,Occidente,,Cali,Especialidad,RACLETTE CELEBRACION LOMA DORADA 600G,0.6,UND,MIXTO QUESOS,TEMPORADA,QUESOS MADURADOS,temporada,LOMA DORADA,IMPORTADO,2025-01
C003,110115,2025-01-31,50,12.5,0.0,0.0,0.0,2.0,0.5,50100.0,114.0,104.0,28.5,26.0,60.0,15.0,False,15.0,0.85,25.5,17.647058823529413,2025-01-01,MaxiCompra Caribe,Grandes Superficies,Caribe,Costa Norte,Barranquilla,Supermercado,FETA CUBOS CASA SIERRA 250G,0.25,UND,FETA,ESPECIALES,QUESOS MADURADOS,regular,CASA SIERRA,IMPORTADO,2025-01
C002,120104,2025-01-31,82,16.4,0.0,0.0,0.0,6.0,1.2,47380.0,121.0,155.0,24.200000000000003,31.0,48.0,9.600000000000001,False,9.600000000000001,1.0066666666666666,30.2,9.536423841059605,2025-01-01,SuperAhorro,Grandes Superficies,Antioquia,Valle de Aburrá,Medellín,Supermercado,MOZZARELLA LIGHT CAMPOCLARO 200G,0.2,UND,MOZZARELLA,QUESOS TAJADOS,QUESOS FRESCOS,regular,CAMPOCLARO,NACIONAL,2025-01
C013,110114,2025-01-31,14,3.5,0.0,0.0,0.0,0.0,0.0,0.0,28.0,30.0,7.0,7.25,12.0,3.25,False,3.25,0.23333333333333334,7.0,13.928571428571429,2025-01-01,La Mesa Premium,Tiendas Especializadas,Occidente,,Cali,Especialidad,GOUDA NATURAL CUÑA LOMA DORADA 250G,0.25,UND,GOUDA NATURAL,CUÑAS,QUESOS MADURADOS,regular,LOMA DORADA,IMPORTADO,2025-01
C001,900101,2025-01-31,80,6.4,0.0,0.0,0.0,9.0,0.72,88930.0,200.0,198.0,16.0,15.120000000000001,82.0,7.279999999999998,False,7.279999999999998,0.4826666666666667,14.48,15.08287292817679,2025-01-01,HiperMax Nacional,Grandes Superficies,Centro,Bogotá y Sabana,Bogotá,Hipermercado,SALAMI TAJADO CASA IBERIA 80G,0.08,UND,SALAMI,CHARCUTERIA,CARNES MADURADAS,regular,CASA IBERIA,IMPORTADO,2025-01
C001,900102,2025-01-31,121,9.68,0.0,0.0,0.0,5.0,0.4,49140.0,122.0,194.0,9.76,15.52,49.0,3.919999999999998,False,3.919999999999998,0.512,15.36,7.6562499999999964,2025-01-01,HiperMax Nacional,Grandes Superficies,Centro,Bogotá y Sabana,Bogotá,Hipermercado,PEPPERONI TAJADO CASA IBERIA 80G,0.08,UND,PEPPERONI,CHARCUTERIA,CARNES MADURADAS,regular,CASA IBERIA,IMPORTADO,2025-01
C003,110114,2025-01-31,60,15.0,0.0,0.0,0.0,4.0,1.0,95780.0,126.0,124.0,31.5,30.44,62.0,16.06,False,16.06,1.0063333333333333,30.19,15.958926796952632,2025-01-01,MaxiCompra Caribe,Grandes Superficies,Caribe,Costa Norte,Barranquilla,Supermercado,GOUDA NATURAL CUÑA LOMA DORADA 250G,0.25,UND,GOUDA NATURAL,CUÑAS,QUESOS MADURADOS,regular,LOMA DORADA,IMPORTADO,2025-01
C014,900103,2025-01-31,71,5.68,0.0,0.0,0.0,5.0,0.4,53240.0,111.0,125.0,8.879999999999999,10.0,57.0,4.559999999999999,False,4.559999999999999,0.32266666666666666,9.68,14.132231404958674,2025-01-01,Plaza Hogar,Grandes Superficies,Occidente,Valle del Cauca,Cali,Hipermercado,JAMON SERRANO TAJADO CASA IBERIA 80G,0.08,UND,JAMON SERRANO,CHARCUTERIA,CARNES MADURADAS,regular,CASA IBERIA,IMPORTADO,2025-01
C013,900101,2025-01-31,19,1.52,0.0,0.0,0.0,1.0,0.08,10940.0,23.0,27.0,1.8399999999999999,2.16,15.0,1.1999999999999997,False,1.1999999999999997,0.07200000000000001,2.16,16.66666666666666,2025-01-01,La Mesa Premium,Tiendas Especializadas,Occidente,,Cali,Especialidad,SALAMI TAJADO CASA IBERIA 80G,0.08,UND,SALAMI,CHARCUTERIA,CARNES MADURADAS,regular,CASA IBERIA,IMPORTADO,2025-01
C002,130103,2025-01-31,124,35.712,0.0,0.0,0.0,13.0,0.0,106620.0,162.0,237.0,46.656,64.512,49.0,17.855999999999995,False,17.855999999999995,2.1024000000000003,63.072,8.493150684931503,2025-01-01,SuperAhorro,Grandes Superficies,Antioquia,Valle de Aburrá,Medellín,Supermercado,LONCHAS AMERICANAS DELILAT 288G,0.288,UND,CHEDDAR ANALOGO,LONCHITAS,QUESOS ANALOGOS,regular,DELILAT,MAQUILA,2025-01
C003,130103,2025-01-31,87,25.056,0.0,0.0,0.0,10.0,2.88,82270.0,199.0,204.0,57.312,57.888,82.0,24.479999999999997,False,24.479999999999997,1.8527999999999998,55.583999999999996,13.212435233160623,2025-01-01,MaxiCompra Caribe,Grandes Superficies,Caribe,Costa Norte,Barranquilla,Supermercado,LONCHAS AMERICANAS DELILAT 288G,0.288,UND,CHEDDAR ANALOGO,LONCHITAS,QUESOS ANALOGOS,regular,DELILAT,MAQUILA,2025-01
C014,900104,2025-01-31,74,5.92,0.0,0.0,0.0,2.0,0.16,18770.0,96.0,131.0,7.68,10.16,39.0,3.4399999999999995,False,3.4399999999999995,0.3253333333333333,9.76,10.573770491803279,2025-01-01,Plaza Hogar,Grandes Superficies,Occidente,Valle del Cauca,Cali,Hipermercado,CHORIZO TAJADO CASA IBERIA 80G,0.08,UND,CHORIZO,CHARCUTERIA,CARNES MADURADAS,regular,CASA IBERIA,IMPORTADO,2025-01
C016,190102,2025-01-31,20,10.0,0.0,0.0,0.0,0.0,0.0,0.0,0.0,1.0,0.0,0.5,19.0,9.5,False,9.5,0.016666666666666666,0.5,570.0,2025-01-01,Canasta Familiar,Grandes Superficies,Santanderes,Bucaramanga Metropolitana,Bucaramanga,Supermercado,DUO FESTIVO QUESOS Y CARNES 500G,0.5,UND,MIXTO QUESOS-CARNES,TEMPORADA,QUESOS MADURADOS,temporada,MONTE AZUL,MAQUILA,2025-01
C001,300102,2025-01-31,84,19.32,0.0,0.0,0.0,10.0,2.3,97570.0,229.0,212.0,52.67,48.76,101.0,23.23000000000001,False,23.23000000000001,1.6176666666666668,48.53,14.36018957345972,2025-01-01,HiperMax Nacional,Grandes Superficies,Centro,Bogotá y Sabana,Bogotá,Hipermercado,JAMON DE PAVO FINAS LONCHAS SIERRA CARNES 230G,0.23,UND,JAMON PAVO,LONCHAS,CARNES FRIAS,regular,SIERRA CARNES,NACIONAL,2025-01
C016,190103,2025-01-31,18,10.8,0.0,0.0,0.0,0.0,0.0,0.0,0.0,0.0,0.0,0.0,18.0,10.8,False,10.8,0.0,0.0,,2025-01-01,Canasta Familiar,Grandes Superficies,Santanderes,Bucaramanga Metropolitana,Bucaramanga,Supermercado,RACLETTE CELEBRACION LOMA DORADA 600G,0.6,UND,MIXTO QUESOS,TEMPORADA,QUESOS MADURADOS,temporada,LOMA DORADA,IMPORTADO,2025-01
C016,130103,2025-01-31,88,25.344,0.0,0.0,0.0,5.0,1.44,41780.0,133.0,150.0,38.304,43.131,71.0,20.517000000000003,False,20.517000000000003,1.3800999999999999,41.403,14.866314035214844,2025-01-01,Canasta Familiar,Grandes Superficies,Santanderes,Bucaramanga Metropolitana,Bucaramanga,Supermercado,LONCHAS AMERICANAS DELILAT 288G,0.288,UND,CHEDDAR ANALOGO,LONCHITAS,QUESOS ANALOGOS,regular,DELILAT,MAQUILA,2025-01
C013,190102,2025-01-31,4,2.0,0.0,0.0,0.0,0.0,0.0,0.0,0.0,1.0,0.0,0.5,3.0,1.5,False,1.5,0.016666666666666666,0.5,90.0,2025-01-01,La Mesa Premium,Tiendas Especializadas,Occidente,,Cali,Especialidad,DUO FESTIVO QUESOS Y CARNES 500G,0.5,UND,MIXTO QUESOS-CARNES,TEMPORADA,QUESOS MADURADOS,temporada,MONTE AZUL,MAQUILA,2025-01
C015,110113,2025-01-31,12,0.0,0.0,0.0,0.0,0.0,0.0,0.0,35.0,37.0,8.75,9.25,10.0,-0.5,True,0.0,0.2833333333333333,8.5,0.0,2025-01-01,Abarrotes Norte,Tradicional Modernizado,Caribe,Costa Norte,Barranquilla,Supermercado Regional,PARMESANO RALLADO ORO LECHE 250G,0.25,UND,TIPO PARMESANO,RALLADOS,QUESO PARMESANO,regular,ORO LECHE,MAQUILA,2025-01
C014,300102,2025-01-31,61,14.03,0.0,0.0,0.0,7.0,1.61,67530.0,153.0,159.0,35.19,36.57,55.0,12.649999999999999,False,12.649999999999999,1.1806666666666668,35.42,10.714285714285712,2025-01-01,Plaza Hogar,Grandes Superficies,Occidente,Valle del Cauca,Cali,Hipermercado,JAMON DE PAVO FINAS LONCHAS SIERRA CARNES 230G,0.23,UND,JAMON PAVO,LONCHAS,CARNES FRIAS,regular,SIERRA CARNES,NACIONAL,2025-01
C013,110110,2025-01-31,10,3.6,0.0,0.0,0.0,0.0,0.0,0.0,5.0,8.0,1.8,2.88,7.0,2.5200000000000005,False,2.5200000000000005,0.096,2.88,26.250000000000004,2025-01-01,La Mesa Premium,Tiendas Especializadas,Occidente,,Cali,Especialidad,MIX QUESOS PREMIUM MONTE AZUL 360G,0.36,UND,MIXTO QUESOS,MEZCLAS PREMIUM,QUESOS MADURADOS,regular,MONTE AZUL,IMPORTADO,2025-01
C014,900102,2025-01-31,76,6.08,0.0,0.0,0.0,4.0,0.32,39350.0,99.0,131.0,7.92,10.48,44.0,3.5199999999999996,False,3.5199999999999996,0.33866666666666667,10.16,10.393700787401574,2025-01-01,Plaza Hogar,Grandes Superficies,Occidente,Valle del Cauca,Cali,Hipermercado,PEPPERONI TAJADO CASA IBERIA 80G,0.08,UND,PEPPERONI,CHARCUTERIA,CARNES MADURADAS,regular,CASA IBERIA,IMPORTADO,2025-01
C013,110115,2025-01-31,11,2.75,0.0,0.0,0.0,3.0,0.75,83860.0,22.0,29.0,5.5,7.0,4.0,1.25,False,1.25,0.23333333333333334,7.0,5.357142857142857,2025-01-01,La Mesa Premium,Tiendas Especializadas,Occidente,,Cali,Especialidad,FETA CUBOS CASA SIERRA 250G,0.25,UND,FETA,ESPECIALES,QUESOS MADURADOS,regular,CASA SIERRA,IMPORTADO,2025-01
C016,130101,2025-01-31,125,18.75,0.0,0.0,0.0,8.0,1.2,45650.0,168.0,201.0,25.200000000000003,30.150000000000002,92.0,13.8,False,13.8,0.9900000000000001,29.700000000000003,13.93939393939394,2025-01-01,Canasta Familiar,Grandes Superficies,Santanderes,Bucaramanga Metropolitana,Bucaramanga,Supermercado,CHEDDAR ESTILO AMERICANO DELILAT 150G,0.15,UND,CHEDDAR ANALOGO,LONCHAS,QUESOS ANALOGOS,regular,DELILAT,MAQUILA,2025-01
C014,120101,2025-01-31,115,28.75,0.0,0.0,0.0,10.0,2.5,99680.0,253.0,256.0,63.25,61.0,112.0,31.0,False,31.0,1.95,58.5,15.897435897435898,2025-01-01,Plaza Hogar,Grandes Superficies,Occidente,Valle del Cauca,Cali,Hipermercado,MOZZARELLA TAJADA CAMPOCLARO 250G,0.25,UND,MOZZARELLA,QUESOS TAJADOS,QUESOS FRESCOS,regular,CAMPOCLARO,NACIONAL,2025-01
C013,900103,2025-01-31,18,1.44,0.0,0.0,0.0,1.0,0.08,11940.0,33.0,39.0,2.64,3.12,12.0,0.96,False,0.96,0.10400000000000001,3.12,9.23076923076923,2025-01-01,La Mesa Premium,Tiendas Especializadas,Occidente,,Cali,Especialidad,JAMON SERRANO TAJADO CASA IBERIA 80G,0.08,UND,JAMON SERRANO,CHARCUTERIA,CARNES MADURADAS,regular,CASA IBERIA,IMPORTADO,2025-01
C014,110113,2025-01-31,68,17.0,0.0,0.0,0.0,4.0,1.0,62260.0,107.0,122.0,26.75,29.25,53.0,14.5,False,14.5,0.925,27.75,15.675675675675675,2025-01-01,Plaza Hogar,Grandes Superficies,Occidente,Valle del Cauca,Cali,Hipermercado,PARMESANO RALLADO ORO LECHE 250G,0.25,UND,TIPO PARMESANO,RALLADOS,QUESO PARMESANO,regular,ORO LECHE,MAQUILA,2025-01
C002,110110,2025-01-31,31,11.16,0.0,0.0,0.0,2.0,0.72,67230.0,41.0,52.0,14.76,18.36,20.0,7.560000000000002,False,7.560000000000002,0.612,18.36,12.352941176470592,2025-01-01,SuperAhorro,Grandes Superficies,Antioquia,Valle de Aburrá,Medellín,Supermercado,MIX QUESOS PREMIUM MONTE AZUL 360G,0.36,UND,MIXTO QUESOS,MEZCLAS PREMIUM,QUESOS MADURADOS,regular,MONTE AZUL,IMPORTADO,2025-01
C013,110107,2025-01-31,12,1.5,0.0,0.0,0.0,0.0,0.0,0.0,21.0,22.0,2.625,2.75,11.0,1.375,False,1.375,0.09166666666666666,2.75,15.000000000000002,2025-01-01,La Mesa Premium,Tiendas Especializadas,Occidente,,Cali,Especialidad,CAMEMBERT CUÑA MONTE AZUL 125G,0.125,UND,CAMEMBERT,QUESOS BLANDOS,QUESOS MADURADOS,regular,MONTE AZUL,IMPORTADO,2025-01
C014,110112,2025-01-31,98,9.8,0.0,0.0,0.0,10.0,1.0,69500.0,226.0,233.0,22.6,23.388,91.0,9.012000000000004,False,9.012000000000004,0.7496000000000002,22.488000000000003,12.022411953041624,2025-01-01,Plaza Hogar,Grandes Superficies,Occidente,Valle del Cauca,Cali,Hipermercado,PARMESANO RALLADO ORO LECHE 100G,0.1,UND,TIPO PARMESANO,RALLADOS,QUESO PARMESANO,regular,ORO LECHE,MAQUILA,2025-01
C016,110103,2025-01-31,45,6.75,0.0,0.0,0.0,6.0,0.9,88270.0,102.0,97.0,15.3,14.04,50.0,8.010000000000002,False,8.010000000000002,0.448,13.44,17.87946428571429,2025-01-01,Canasta Familiar,Grandes Superficies,Santanderes,Bucaramanga Metropolitana,Bucaramanga,Supermercado,MUENSTER TAJADO LOMA DORADA 150G,0.15,UND,MUENSTER,QUESOS TAJADOS PREMIUM,QUESOS MADURADOS,regular,LOMA DORADA,IMPORTADO,2025-01
C003,120103,2025-01-31,88,17.6,0.0,0.0,0.0,2.0,0.4,19830.0,142.0,152.0,28.4,30.4,78.0,15.600000000000001,False,15.600000000000001,0.98,29.4,15.918367346938778,2025-01-01,MaxiCompra Caribe,Grandes Superficies,Caribe,Costa Norte,Barranquilla,Supermercado,QUESO CREMA CAMPOCLARO 200G,0.2,UND,CREMAS,UNTABLES,QUESOS FRESCOS,regular,CAMPOCLARO,NACIONAL,2025-01
C014,130101,2025-01-31,100,15.0,0.0,0.0,0.0,4.0,0.6,22260.0,165.0,208.0,24.75,31.2,57.0,8.55,False,8.55,0.9949999999999999,29.849999999999998,8.592964824120605,2025-01-01,Plaza Hogar,Grandes Superficies,Occidente,Valle del Cauca,Cali,Hipermercado,CHEDDAR ESTILO AMERICANO DELILAT 150G,0.15,UND,CHEDDAR ANALOGO,LONCHAS,QUESOS ANALOGOS,regular,DELILAT,MAQUILA,2025-01
C015,300101,2025-01-31,15,3.45,0.0,0.0,0.0,2.0,0.46,17300.0,35.0,37.0,8.049999999999999,8.51,13.0,2.99,False,2.99,0.26833333333333337,8.05,11.142857142857142,2025-01-01,Abarrotes Norte,Tradicional Modernizado,Caribe,Costa Norte,Barranquilla,Supermercado Regional,JAMON DE CERDO FINAS LONCHAS SIERRA CARNES 230G,0.23,UND,JAMON CERDO,LONCHAS,CARNES FRIAS,regular,SIERRA CARNES,NACIONAL,2025-01
C002,900104,2025-01-31,92,7.36,0.0,0.0,0.0,7.0,0.56,66560.0,96.0,146.0,7.68,11.693,42.0,3.3469999999999995,False,3.3469999999999995,0.3711,11.133,9.019132309350578,2025-01-01,SuperAhorro,Grandes Superficies,Antioquia,Valle de Aburrá,Medellín,Supermercado,CHORIZO TAJADO CASA IBERIA 80G,0.08,UND,CHORIZO,CHARCUTERIA,CARNES MADURADAS,regular,CASA IBERIA,IMPORTADO,2025-01
C016,110110,2025-01-31,24,8.64,0.0,0.0,0.0,1.0,0.36,34650.0,55.0,54.0,19.8,19.44,25.0,9.0,False,9.0,0.636,19.080000000000002,14.150943396226415,2025-01-01,Canasta Familiar,Grandes Superficies,Santanderes,Bucaramanga Metropolitana,Bucaramanga,Supermercado,MIX QUESOS PREMIUM MONTE AZUL 360G,0.36,UND,MIXTO QUESOS,MEZCLAS PREMIUM,QUESOS MADURADOS,regular,MONTE AZUL,IMPORTADO,2025-01
C014,110110,2025-01-31,33,11.88,0.0,0.0,0.0,2.0,0.72,67760.0,48.0,56.0,17.28,20.16,25.0,9.000000000000004,False,9.000000000000004,0.648,19.44,13.888888888888895,2025-01-01,Plaza Hogar,Grandes Superficies,Occidente,Valle del Cauca,Cali,Hipermercado,MIX QUESOS PREMIUM MONTE AZUL 360G,0.36,UND,MIXTO QUESOS,MEZCLAS PREMIUM,QUESOS MADURADOS,regular,MONTE AZUL,IMPORTADO,2025-01
C014,130103,2025-01-31,91,26.208,0.0,0.0,0.0,11.0,3.168,89650.0,226.0,222.0,65.088,62.496,95.0,28.79999999999999,False,28.79999999999999,2.0352,61.056000000000004,14.15094339622641,2025-01-01,Plaza Hogar,Grandes Superficies,Occidente,Valle del Cauca,Cali,Hipermercado,LONCHAS AMERICANAS DELILAT 288G,0.288,UND,CHEDDAR ANALOGO,LONCHITAS,QUESOS ANALOGOS,regular,DELILAT,MAQUILA,2025-01
C002,110103,2025-01-31,59,8.85,0.0,0.0,0.0,6.0,0.9,89510.0,136.0,128.0,20.4,19.2,67.0,10.05,False,10.05,0.6199999999999999,18.599999999999998,16.209677419354843,2025-01-01,SuperAhorro,Grandes Superficies,Antioquia,Valle de Aburrá,Medellín,Supermercado,MUENSTER TAJADO LOMA DORADA 150G,0.15,UND,MUENSTER,QUESOS TAJADOS PREMIUM,QUESOS MADURADOS,regular,LOMA DORADA,IMPORTADO,2025-01
C013,110108,2025-01-31,15,2.25,0.0,0.0,0.0,0.0,0.0,0.0,28.0,27.0,4.2,4.062,16.0,2.388,False,2.388,0.13540000000000002,4.062,17.63663220088626,2025-01-01,La Mesa Premium,Tiendas Especializadas,Occidente,,Cali,Especialidad,MANCHEGO CUÑA MONTE AZUL 150G,0.15,UND,MANCHEGO,CUÑAS PREMIUM,QUESOS MADURADOS,regular,MONTE AZUL,IMPORTADO,2025-01
C002,110115,2025-01-31,68,17.0,0.0,0.0,0.0,5.0,1.25,126840.0,126.0,130.0,31.5,32.5,64.0,16.0,False,16.0,1.025,30.75,15.609756097560977,2025-01-01,SuperAhorro,Grandes Superficies,Antioquia,Valle de Aburrá,Medellín,Supermercado,FETA CUBOS CASA SIERRA 250G,0.25,UND,FETA,ESPECIALES,QUESOS MADURADOS,regular,CASA SIERRA,IMPORTADO,2025-01
C002,900103,2025-01-31,58,4.64,0.0,0.0,0.0,4.0,0.32,44470.0,146.0,137.0,11.68,10.96,67.0,5.359999999999999,False,5.359999999999999,0.35200000000000004,10.56,15.227272727272725,2025-01-01,SuperAhorro,Grandes Superficies,Antioquia,Valle de Aburrá,Medellín,Supermercado,JAMON SERRANO TAJADO CASA IBERIA 80G,0.08,UND,JAMON SERRANO,CHARCUTERIA,CARNES MADURADAS,regular,CASA IBERIA,IMPORTADO,2025-01
C002,300102,2025-01-31,97,22.31,0.0,0.0,0.0,7.0,1.61,66900.0,136.0,162.0,31.28,37.26,71.0,16.330000000000005,False,16.330000000000005,1.242,37.26,13.148148148148152,2025-01-01,SuperAhorro,Grandes Superficies,Antioquia,Valle de Aburrá,Medellín,Supermercado,JAMON DE PAVO FINAS LONCHAS SIERRA CARNES 230G,0.23,UND,JAMON PAVO,LONCHAS,CARNES FRIAS,regular,SIERRA CARNES,NACIONAL,2025-01
C002,110114,2025-01-31,66,16.5,0.0,0.0,0.0,4.0,1.0,95850.0,94.0,100.0,23.5,25.04,60.0,14.96,False,14.96,0.818,24.54,18.288508557457217,2025-01-01,SuperAhorro,Grandes Superficies,Antioquia,Valle de Aburrá,Medellín,Supermercado,GOUDA NATURAL CUÑA LOMA DORADA 250G,0.25,UND,GOUDA NATURAL,CUÑAS,QUESOS MADURADOS,regular,LOMA DORADA,IMPORTADO,2025-01
C016,110102,2025-01-31,56,8.4,0.0,0.0,0.0,3.0,0.45,44290.0,68.0,90.0,10.2,12.75,34.0,5.850000000000001,False,5.850000000000001,0.4,12.0,14.625000000000004,2025-01-01,Canasta Familiar,Grandes Superficies,Santanderes,Bucaramanga Metropolitana,Bucaramanga,Supermercado,HOLANDES TAJADO LOMA DORADA 150G,0.15,UND,HOLANDES,QUESOS TAJADOS PREMIUM,QUESOS MADURADOS,regular,LOMA DORADA,IMPORTADO,2025-01
C002,110113,2025-01-31,61,15.25,0.0,0.0,0.0,2.0,0.5,31000.0,141.0,134.0,35.25,33.5,68.0,17.0,False,17.0,1.075,32.25,15.813953488372094,2025-01-01,SuperAhorro,Grandes Superficies,Antioquia,Valle de Aburrá,Medellín,Supermercado,PARMESANO RALLADO ORO LECHE 250G,0.25,UND,TIPO PARMESANO,RALLADOS,QUESO PARMESANO,regular,ORO LECHE,MAQUILA,2025-01
C001,190103,2025-01-31,29,17.4,0.0,0.0,0.0,0.0,0.0,0.0,0.0,2.0,0.0,1.2,27.0,16.2,False,16.2,0.04,1.2,405.0,2025-01-01,HiperMax Nacional,Grandes Superficies,Centro,Bogotá y Sabana,Bogotá,Hipermercado,RACLETTE CELEBRACION LOMA DORADA 600G,0.6,UND,MIXTO QUESOS,TEMPORADA,QUESOS MADURADOS,temporada,LOMA DORADA,IMPORTADO,2025-01
C003,130101,2025-01-31,98,14.7,0.0,0.0,0.0,9.0,1.35,52390.0,264.0,241.0,39.6,35.4,121.0,18.9,False,18.9,1.13,33.9,16.72566371681416,2025-01-01,MaxiCompra Caribe,Grandes Superficies,Caribe,Costa Norte,Barranquilla,Supermercado,CHEDDAR ESTILO AMERICANO DELILAT 150G,0.15,UND,CHEDDAR ANALOGO,LONCHAS,QUESOS ANALOGOS,regular,DELILAT,MAQUILA,2025-01
C014,120103,2025-01-31,87,17.4,0.0,0.0,0.0,2.0,0.4,20600.0,193.0,182.0,38.599999999999994,36.304,98.0,19.69599999999999,False,19.69599999999999,1.1701333333333332,35.104,16.832269826800356,2025-01-01,Plaza Hogar,Grandes Superficies,Occidente,Valle del Cauca,Cali,Hipermercado,QUESO CREMA CAMPOCLARO 200G,0.2,UND,CREMAS,UNTABLES,QUESOS FRESCOS,regular,CAMPOCLARO,NACIONAL,2025-01
C015,900101,2025-01-31,15,1.2,0.0,0.0,0.0,0.0,0.0,0.0,21.0,28.0,1.68,2.24,8.0,0.6399999999999997,False,0.6399999999999997,0.07466666666666667,2.24,8.571428571428566,2025-01-01,Abarrotes Norte,Tradicional Modernizado,Caribe,Costa Norte,Barranquilla,Supermercado Regional,SALAMI TAJADO CASA IBERIA 80G,0.08,UND,SALAMI,CHARCUTERIA,CARNES MADURADAS,regular,CASA IBERIA,IMPORTADO,2025-01
C015,900102,2025-01-31,12,0.96,0.0,0.0,0.0,1.0,0.08,9600.0,30.0,33.0,2.4,2.64,9.0,0.7199999999999998,False,0.7199999999999998,0.08800000000000001,2.64,8.181818181818178,2025-01-01,Abarrotes Norte,Tradicional Modernizado,Caribe,Costa Norte,Barranquilla,Supermercado Regional,PEPPERONI TAJADO CASA IBERIA 80G,0.08,UND,PEPPERONI,CHARCUTERIA,CARNES MADURADAS,regular,CASA IBERIA,IMPORTADO,2025-01
C016,300102,2025-01-31,55,12.65,0.0,0.0,0.0,2.0,0.46,18910.0,113.0,121.0,25.990000000000002,27.83,47.0,10.810000000000002,False,10.810000000000002,0.8969999999999999,26.909999999999997,12.051282051282055,2025-01-01,Canasta Familiar,Grandes Superficies,Santanderes,Bucaramanga Metropolitana,Bucaramanga,Supermercado,JAMON DE PAVO FINAS LONCHAS SIERRA CARNES 230G,0.23,UND,JAMON PAVO,LONCHAS,CARNES FRIAS,regular,SIERRA CARNES,NACIONAL,2025-01
C002,300101,2025-01-31,76,17.48,0.0,0.0,0.0,6.0,1.38,54420.0,128.0,154.0,29.439999999999998,35.42,50.0,11.5,False,11.5,1.1193333333333333,33.58,10.273972602739727,2025-01-01,SuperAhorro,Grandes Superficies,Antioquia,Valle de Aburrá,Medellín,Supermercado,JAMON DE CERDO FINAS LONCHAS SIERRA CARNES 230G,0.23,UND,JAMON CERDO,LONCHAS,CARNES FRIAS,regular,SIERRA CARNES,NACIONAL,2025-01
C002,900102,2025-01-31,86,6.88,0.0,0.0,0.0,3.0,0.24,28920.0,226.0,264.0,18.08,20.372,48.0,4.587999999999997,False,4.587999999999997,0.37866666666666665,11.36,12.116197183098585,2025-01-01,SuperAhorro,Grandes Superficies,Antioquia,Valle de Aburrá,Medellín,Supermercado,PEPPERONI TAJADO CASA IBERIA 80G,0.08,UND,PEPPERONI,CHARCUTERIA,CARNES MADURADAS,regular,CASA IBERIA,IMPORTADO,2025-01
C014,110115,2025-01-31,41,10.25,0.0,0.0,0.0,2.0,0.5,50360.0,95.0,85.0,23.75,21.29,51.0,12.71,False,12.71,0.7013333333333333,21.04,18.12262357414449,2025-01-01,Plaza Hogar,Grandes Superficies,Occidente,Valle del Cauca,Cali,Hipermercado,FETA CUBOS CASA SIERRA 250G,0.25,UND,FETA,ESPECIALES,QUESOS MADURADOS,regular,CASA SIERRA,IMPORTADO,2025-01
C002,110112,2025-01-31,158,15.8,0.0,0.0,0.0,4.0,0.4,27120.0,209.0,249.0,20.9,24.2,118.0,12.500000000000004,False,12.500000000000004,0.7633333333333333,22.9,16.37554585152839,2025-01-01,SuperAhorro,Grandes Superficies,Antioquia,Valle de Aburrá,Medellín,Supermercado,PARMESANO RALLADO ORO LECHE 100G,0.1,UND,TIPO PARMESANO,RALLADOS,QUESO PARMESANO,regular,ORO LECHE,MAQUILA,2025-01
C015,300102,2025-01-31,18,4.14,0.0,0.0,0.0,2.0,0.46,18160.0,38.0,45.0,8.74,10.35,11.0,2.5299999999999994,False,2.5299999999999994,0.3373333333333333,10.12,7.499999999999998,2025-01-01,Abarrotes Norte,Tradicional Modernizado,Caribe,Costa Norte,Barranquilla,Supermercado Regional,JAMON DE PAVO FINAS LONCHAS SIERRA CARNES 230G,0.23,UND,JAMON PAVO,LONCHAS,CARNES FRIAS,regular,SIERRA CARNES,NACIONAL,2025-01
C016,110101,2025-01-31,52,7.8,0.0,0.0,0.0,7.0,1.05,101670.0,72.0,84.0,10.8,12.588000000000001,40.0,6.0120000000000005,False,6.0120000000000005,0.41459999999999997,12.437999999999999,14.50072358900145,2025-01-01,Canasta Familiar,Grandes Superficies,Santanderes,Bucaramanga Metropolitana,Bucaramanga,Supermercado,GOUDA AHUMADO TAJADO LOMA DORADA 150G,0.15,UND,GOUDA AHUMADO,QUESOS TAJADOS PREMIUM,QUESOS MADURADOS,regular,LOMA DORADA,IMPORTADO,2025-01
C014,110114,2025-01-31,74,18.5,0.0,0.0,0.0,3.0,0.75,74020.0,180.0,243.0,45.0,57.25,11.0,6.25,False,6.25,1.0083333333333333,30.25,6.198347107438017,2025-01-01,Plaza Hogar,Grandes Superficies,Occidente,Valle del Cauca,Cali,Hipermercado,GOUDA NATURAL CUÑA LOMA DORADA 250G,0.25,UND,GOUDA NATURAL,CUÑAS,QUESOS MADURADOS,regular,LOMA DORADA,IMPORTADO,2025-01
C002,900101,2025-01-31,77,6.16,0.0,0.0,0.0,2.0,0.16,19890.0,149.0,166.0,11.92,13.040000000000001,60.0,5.039999999999997,False,5.039999999999997,0.4266666666666667,12.8,11.812499999999993,2025-01-01,SuperAhorro,Grandes Superficies,Antioquia,Valle de Aburrá,Medellín,Supermercado,SALAMI TAJADO CASA IBERIA 80G,0.08,UND,SALAMI,CHARCUTERIA,CARNES MADURADAS,regular,CASA IBERIA,IMPORTADO,2025-01
C003,110101,2025-01-31,51,7.65,0.0,0.0,0.0,4.0,0.6,58120.0,126.0,128.0,18.9,19.188,49.0,7.361999999999998,False,7.361999999999998,0.5945999999999999,17.837999999999997,12.381432896064581,2025-01-01,MaxiCompra Caribe,Grandes Superficies,Caribe,Costa Norte,Barranquilla,Supermercado,GOUDA AHUMADO TAJADO LOMA DORADA 150G,0.15,UND,GOUDA AHUMADO,QUESOS TAJADOS PREMIUM,QUESOS MADURADOS,regular,LOMA DORADA,IMPORTADO,2025-01
C014,110107,2025-01-31,58,7.25,0.0,0.0,0.0,1.0,0.125,13260.0,83.0,100.0,10.375,12.25,41.0,5.375,False,5.375,0.4041666666666667,12.125,13.298969072164947,2025-01-01,Plaza Hogar,Grandes Superficies,Occidente,Valle del Cauca,Cali,Hipermercado,CAMEMBERT CUÑA MONTE AZUL 125G,0.125,UND,CAMEMBERT,QUESOS BLANDOS,QUESOS MADURADOS,regular,MONTE AZUL,IMPORTADO,2025-01
C016,110112,2025-01-31,136,13.6,0.0,0.0,0.0,8.0,0.8,56340.0,143.0,211.0,14.3,20.5,68.0,7.399999999999999,False,7.399999999999999,0.6666666666666666,20.0,11.099999999999998,2025-01-01,Canasta Familiar,Grandes Superficies,Santanderes,Bucaramanga Metropolitana,Bucaramanga,Supermercado,PARMESANO RALLADO ORO LECHE 100G,0.1,UND,TIPO PARMESANO,RALLADOS,QUESO PARMESANO,regular,ORO LECHE,MAQUILA,2025-01
C014,110102,2025-01-31,74,11.1,0.0,0.0,0.0,2.0,0.3,29130.0,92.0,102.0,13.8,15.3,64.0,9.599999999999998,False,9.599999999999998,0.51,15.3,18.823529411764703,2025-01-01,Plaza Hogar,Grandes Superficies,Occidente,Valle del Cauca,Cali,Hipermercado,HOLANDES TAJADO LOMA DORADA 150G,0.15,UND,HOLANDES,QUESOS TAJADOS PREMIUM,QUESOS MADURADOS,regular,LOMA DORADA,IMPORTADO,2025-01
C014,190103,2025-01-31,16,9.6,0.0,0.0,0.0,0.0,0.0,0.0,0.0,0.0,0.0,0.0,16.0,9.6,False,9.6,0.0,0.0,,2025-01-01,Plaza Hogar,Grandes Superficies,Occidente,Valle del Cauca,Cali,Hipermercado,RACLETTE CELEBRACION LOMA DORADA 600G,0.6,UND,MIXTO QUESOS,TEMPORADA,QUESOS MADURADOS,temporada,LOMA DORADA,IMPORTADO,2025-01
C002,190102,2025-01-31,22,11.0,0.0,0.0,0.0,0.0,0.0,0.0,0.0,0.0,0.0,0.0,22.0,11.0,False,11.0,0.0,0.0,,2025-01-01,SuperAhorro,Grandes Superficies,Antioquia,Valle de Aburrá,Medellín,Supermercado,DUO FESTIVO QUESOS Y CARNES 500G,0.5,UND,MIXTO QUESOS-CARNES,TEMPORADA,QUESOS MADURADOS,temporada,MONTE AZUL,MAQUILA,2025-01
C001,300101,2025-01-31,170,39.1,0.0,0.0,0.0,8.0,1.84,72130.0,188.0,280.0,43.24,64.4,78.0,17.939999999999998,False,17.939999999999998,2.0853333333333333,62.559999999999995,8.602941176470587,2025-01-01,HiperMax Nacional,Grandes Superficies,Centro,Bogotá y Sabana,Bogotá,Hipermercado,JAMON DE CERDO FINAS LONCHAS SIERRA CARNES 230G,0.23,UND,JAMON CERDO,LONCHAS,CARNES FRIAS,regular,SIERRA CARNES,NACIONAL,2025-01
C003,120104,2025-01-31,86,17.2,0.0,0.0,0.0,7.0,1.4,57600.0,91.0,147.0,18.200000000000003,29.256,30.0,6.1440000000000055,False,6.1440000000000055,0.9352,28.056,6.569717707442264,2025-01-01,MaxiCompra Caribe,Grandes Superficies,Caribe,Costa Norte,Barranquilla,Supermercado,MOZZARELLA LIGHT CAMPOCLARO 200G,0.2,UND,MOZZARELLA,QUESOS TAJADOS,QUESOS FRESCOS,regular,CAMPOCLARO,NACIONAL,2025-01
C015,120101,2025-01-31,35,8.75,0.0,0.0,0.0,2.0,0.5,19210.0,33.0,53.0,8.25,13.21,15.0,3.789999999999999,False,3.789999999999999,0.44033333333333335,13.21,8.607115821347461,2025-01-01,Abarrotes Norte,Tradicional Modernizado,Caribe,Costa Norte,Barranquilla,Supermercado Regional,MOZZARELLA TAJADA CAMPOCLARO 250G,0.25,UND,MOZZARELLA,QUESOS TAJADOS,QUESOS FRESCOS,regular,CAMPOCLARO,NACIONAL,2025-01
C016,110115,2025-01-31,46,11.5,0.0,0.0,0.0,2.0,0.5,50440.0,62.0,87.0,15.5,21.67,21.0,5.329999999999998,False,5.329999999999998,0.6723333333333333,20.17,7.92761527020327,2025-01-01,Canasta Familiar,Grandes Superficies,Santanderes,Bucaramanga Metropolitana,Bucaramanga,Supermercado,FETA CUBOS CASA SIERRA 250G,0.25,UND,FETA,ESPECIALES,QUESOS MADURADOS,regular,CASA SIERRA,IMPORTADO,2025-01
C003,110112,2025-01-31,120,12.0,0.0,0.0,0.0,9.0,0.9,62890.0,616.0,580.0,61.599999999999994,58.0,156.0,15.599999999999994,False,15.599999999999994,0.9466666666666667,28.4,16.478873239436613,2025-01-01,MaxiCompra Caribe,Grandes Superficies,Caribe,Costa Norte,Barranquilla,Supermercado,PARMESANO RALLADO ORO LECHE 100G,0.1,UND,TIPO PARMESANO,RALLADOS,QUESO PARMESANO,regular,ORO LECHE,MAQUILA,2025-01
C016,120101,2025-01-31,92,0.0,0.0,0.0,0.0,9.0,2.25,92400.0,120.0,165.0,30.0,41.25,47.0,-11.25,True,0.0,1.35,40.5,0.0,2025-01-01,Canasta Familiar,Grandes Superficies,Santanderes,Bucaramanga Metropolitana,Bucaramanga,Supermercado,MOZZARELLA TAJADA CAMPOCLARO 250G,0.25,UND,MOZZARELLA,QUESOS TAJADOS,QUESOS FRESCOS,regular,CAMPOCLARO,NACIONAL,2025-01
C014,110101,2025-01-31,70,10.5,0.0,0.0,0.0,7.0,1.05,101580.0,135.0,141.0,20.25,21.15,64.0,9.600000000000001,False,9.600000000000001,0.6799999999999999,20.4,14.117647058823533,2025-01-01,Plaza Hogar,Grandes Superficies,Occidente,Valle del Cauca,Cali,Hipermercado,GOUDA AHUMADO TAJADO LOMA DORADA 150G,0.15,UND,GOUDA AHUMADO,QUESOS TAJADOS PREMIUM,QUESOS MADURADOS,regular,LOMA DORADA,IMPORTADO,2025-01
C014,300101,2025-01-31,90,20.7,0.0,0.0,0.0,7.0,1.61,62810.0,213.0,202.0,48.989999999999995,41.4,101.0,28.29,False,28.29,1.3339999999999999,40.019999999999996,21.20689655172414,2025-01-01,Plaza Hogar,Grandes Superficies,Occidente,Valle del Cauca,Cali,Hipermercado,JAMON DE CERDO FINAS LONCHAS SIERRA CARNES 230G,0.23,UND,JAMON CERDO,LONCHAS,CARNES FRIAS,regular,SIERRA CARNES,NACIONAL,2025-01
C016,120103,2025-01-31,73,14.6,0.0,0.0,0.0,4.0,0.8,40020.0,85.0,107.0,17.0,21.4,51.0,10.200000000000003,False,10.200000000000003,0.6666666666666666,20.0,15.300000000000004,2025-01-01,Canasta Familiar,Grandes Superficies,Santanderes,Bucaramanga Metropolitana,Bucaramanga,Supermercado,QUESO CREMA CAMPOCLARO 200G,0.2,UND,CREMAS,UNTABLES,QUESOS FRESCOS,regular,CAMPOCLARO,NACIONAL,2025-01
C013,900104,2025-01-31,21,1.68,0.0,0.0,0.0,0.0,0.0,0.0,25.0,27.0,2.0,2.08,19.0,1.5999999999999996,False,1.5999999999999996,0.06933333333333333,2.08,23.076923076923073,2025-01-01,La Mesa Premium,Tiendas Especializadas,Occidente,,Cali,Especialidad,CHORIZO TAJADO CASA IBERIA 80G,0.08,UND,CHORIZO,CHARCUTERIA,CARNES MADURADAS,regular,CASA IBERIA,IMPORTADO,2025-01
C002,120103,2025-01-31,97,19.4,0.0,0.0,0.0,8.0,1.6,82200.0,124.0,179.0,24.8,34.0,42.0,10.200000000000003,False,10.200000000000003,1.0933333333333333,32.8,9.32926829268293,2025-01-01,SuperAhorro,Grandes Superficies,Antioquia,Valle de Aburrá,Medellín,Supermercado,QUESO CREMA CAMPOCLARO 200G,0.2,UND,CREMAS,UNTABLES,QUESOS FRESCOS,regular,CAMPOCLARO,NACIONAL,2025-01
C002,190101,2025-01-31,18,7.2,0.0,0.0,0.0,0.0,0.0,0.0,0.0,1.0,0.0,0.4,17.0,6.8,False,6.8,0.013333333333333334,0.4,509.99999999999994,2025-01-01,SuperAhorro,Grandes Superficies,Antioquia,Valle de Aburrá,Medellín,Supermercado,TABLA APERITIVO NAVIDEÑA MONTE AZUL 400G,0.4,UND,MIXTO QUESOS,TEMPORADA,QUESOS MADURADOS,temporada,MONTE AZUL,IMPORTADO,2025-01
C001,900104,2025-01-31,106,8.48,0.0,0.0,0.0,3.0,0.24,27330.0,176.0,229.0,14.08,17.84,53.0,4.720000000000002,False,4.720000000000002,0.5813333333333334,17.44,8.119266055045875,2025-01-01,HiperMax Nacional,Grandes Superficies,Centro,Bogotá y Sabana,Bogotá,Hipermercado,CHORIZO TAJADO CASA IBERIA 80G,0.08,UND,CHORIZO,CHARCUTERIA,CARNES MADURADAS,regular,CASA IBERIA,IMPORTADO,2025-01
C001,900103,2025-01-31,112,8.96,0.0,0.0,0.0,16.0,1.28,174670.0,190.0,216.0,9.44,17.28,86.0,1.1199999999999974,False,1.1199999999999974,0.5386666666666666,16.16,2.0792079207920744,2025-01-01,HiperMax Nacional,Grandes Superficies,Centro,Bogotá y Sabana,Bogotá,Hipermercado,JAMON SERRANO TAJADO CASA IBERIA 80G,0.08,UND,JAMON SERRANO,CHARCUTERIA,CARNES MADURADAS,regular,CASA IBERIA,IMPORTADO,2025-01
C003,110110,2025-01-31,39,14.04,0.0,0.0,0.0,6.0,2.16,207470.0,46.0,66.0,16.560000000000002,23.701999999999998,19.0,6.898000000000003,False,6.898000000000003,0.7660666666666667,22.982,9.004438256026459,2025-01-01,MaxiCompra Caribe,Grandes Superficies,Caribe,Costa Norte,Barranquilla,Supermercado,MIX QUESOS PREMIUM MONTE AZUL 360G,0.36,UND,MIXTO QUESOS,MEZCLAS PREMIUM,QUESOS MADURADOS,regular,MONTE AZUL,IMPORTADO,2025-01
C014,190102,2025-01-31,26,13.0,0.0,0.0,0.0,0.0,0.0,0.0,0.0,0.0,0.0,0.0,26.0,13.0,False,13.0,0.0,0.0,,2025-01-01,Plaza Hogar,Grandes Superficies,Occidente,Valle del Cauca,Cali,Hipermercado,DUO FESTIVO QUESOS Y CARNES 500G,0.5,UND,MIXTO QUESOS-CARNES,TEMPORADA,QUESOS MADURADOS,temporada,MONTE AZUL,MAQUILA,2025-01
C016,300101,2025-01-31,88,20.24,0.0,0.0,0.0,7.0,1.61,64110.0,124.0,152.0,28.520000000000003,34.96,60.0,13.800000000000004,False,13.800000000000004,1.1039999999999999,33.12,12.500000000000005,2025-01-01,Canasta Familiar,Grandes Superficies,Santanderes,Bucaramanga Metropolitana,Bucaramanga,Supermercado,JAMON DE CERDO FINAS LONCHAS SIERRA CARNES 230G,0.23,UND,JAMON CERDO,LONCHAS,CARNES FRIAS,regular,SIERRA CARNES,NACIONAL,2025-01
C014,110106,2025-01-31,51,6.375,0.0,0.0,0.0,6.0,0.75,79800.0,114.0,112.0,14.25,14.0,53.0,6.625,False,6.625,0.4625,13.875,14.324324324324323,2025-01-01,Plaza Hogar,Grandes Superficies,Occidente,Valle del Cauca,Cali,Hipermercado,BRIE CUÑA MONTE AZUL 125G,0.125,UND,BRIE,QUESOS BLANDOS,QUESOS MADURADOS,regular,MONTE AZUL,IMPORTADO,2025-01
C003,110102,2025-01-31,54,8.1,0.0,0.0,0.0,2.0,0.3,29910.0,106.0,102.0,15.899999999999999,15.3,58.0,8.7,False,8.7,0.49500000000000005,14.850000000000001,17.57575757575757,2025-01-01,MaxiCompra Caribe,Grandes Superficies,Caribe,Costa Norte,Barranquilla,Supermercado,HOLANDES TAJADO LOMA DORADA 150G,0.15,UND,HOLANDES,QUESOS TAJADOS PREMIUM,QUESOS MADURADOS,regular,LOMA DORADA,IMPORTADO,2025-01
C002,110102,2025-01-31,77,11.55,0.0,0.0,0.0,5.0,0.75,72350.0,97.0,113.0,14.55,16.2,61.0,9.900000000000002,False,9.900000000000002,0.51,15.299999999999999,19.411764705882355,2025-01-01,SuperAhorro,Grandes Superficies,Antioquia,Valle de Aburrá,Medellín,Supermercado,HOLANDES TAJADO LOMA DORADA 150G,0.15,UND,HOLANDES,QUESOS TAJADOS PREMIUM,QUESOS MADURADOS,regular,LOMA DORADA,IMPORTADO,2025-01
C014,190101,2025-01-31,23,9.2,0.0,0.0,0.0,0.0,0.0,0.0,0.0,0.0,0.0,0.0,23.0,9.2,False,9.2,0.0,0.0,,2025-01-01,Plaza Hogar,Grandes Superficies,Occidente,Valle del Cauca,Cali,Hipermercado,TABLA APERITIVO NAVIDEÑA MONTE AZUL 400G,0.4,UND,MIXTO QUESOS,TEMPORADA,QUESOS MADURADOS,temporada,MONTE AZUL,IMPORTADO,2025-01
C015,130101,2025-01-31,29,4.35,0.0,0.0,0.0,1.0,0.15,5630.0,46.0,59.0,6.9,8.25,16.0,3.0,False,3.0,0.275,8.25,10.909090909090908,2025-01-01,Abarrotes Norte,Tradicional Modernizado,Caribe,Costa Norte,Barranquilla,Supermercado Regional,CHEDDAR ESTILO AMERICANO DELILAT 150G,0.15,UND,CHEDDAR ANALOGO,LONCHAS,QUESOS ANALOGOS,regular,DELILAT,MAQUILA,2025-01
C014,110105,2025-01-31,60,9.0,0.0,0.0,0.0,3.0,0.45,43420.0,78.0,109.0,11.7,16.35,29.0,4.349999999999998,False,4.349999999999998,0.52,15.6,8.365384615384611,2025-01-01,Plaza Hogar,Grandes Superficies,Occidente,Valle del Cauca,Cali,Hipermercado,PROVOLONE TAJADO LOMA DORADA 150G,0.15,UND,PROVOLONE,QUESOS TAJADOS PREMIUM,QUESOS MADURADOS,regular,LOMA DORADA,IMPORTADO,2025-01
C002,120101,2025-01-31,116,29.0,0.0,0.0,0.0,6.0,1.5,59530.0,249.0,231.0,62.25,57.75,134.0,33.5,False,33.5,1.9083333333333334,57.25,17.554585152838428,2025-01-01,SuperAhorro,Grandes Superficies,Antioquia,Valle de Aburrá,Medellín,Supermercado,MOZZARELLA TAJADA CAMPOCLARO 250G,0.25,UND,MOZZARELLA,QUESOS TAJADOS,QUESOS FRESCOS,regular,CAMPOCLARO,NACIONAL,2025-01
C002,190103,2025-01-31,22,0.0,0.0,0.0,0.0,0.0,0.0,0.0,0.0,1.0,0.0,0.6,21.0,-0.6,True,0.0,0.02,0.6,0.0,2025-01-01,SuperAhorro,Grandes Superficies,Antioquia,Valle de Aburrá,Medellín,Supermercado,RACLETTE CELEBRACION LOMA DORADA 600G,0.6,UND,MIXTO QUESOS,TEMPORADA,QUESOS MADURADOS,temporada,LOMA DORADA,IMPORTADO,2025-01
C003,110103,2025-01-31,72,10.8,0.0,0.0,0.0,3.0,0.45,44290.0,143.0,146.0,21.45,21.888,69.0,10.361999999999998,False,10.361999999999998,0.6846,20.538,15.13584574934268,2025-01-01,MaxiCompra Caribe,Grandes Superficies,Caribe,Costa Norte,Barranquilla,Supermercado,MUENSTER TAJADO LOMA DORADA 150G,0.15,UND,MUENSTER,QUESOS TAJADOS PREMIUM,QUESOS MADURADOS,regular,LOMA DORADA,IMPORTADO,2025-01
C016,110114,2025-01-31,55,13.75,0.0,0.0,0.0,6.0,1.5,144360.0,110.0,119.0,27.5,29.75,46.0,11.5,False,11.5,0.9666666666666667,29.0,11.89655172413793,2025-01-01,Canasta Familiar,Grandes Superficies,Santanderes,Bucaramanga Metropolitana,Bucaramanga,Supermercado,GOUDA NATURAL CUÑA LOMA DORADA 250G,0.25,UND,GOUDA NATURAL,CUÑAS,QUESOS MADURADOS,regular,LOMA DORADA,IMPORTADO,2025-01
C014,110104,2025-01-31,57,8.55,0.0,0.0,0.0,3.0,0.45,43260.0,146.0,138.0,21.9,19.5,65.0,10.95,False,10.95,0.625,18.75,17.52,2025-01-01,Plaza Hogar,Grandes Superficies,Occidente,Valle del Cauca,Cali,Hipermercado,COLBY JACK TAJADO LOMA DORADA 150G,0.15,UND,COLBY JACK,QUESOS TAJADOS PREMIUM,QUESOS MADURADOS,regular,LOMA DORADA,IMPORTADO,2025-01
C015,120103,2025-01-31,22,4.4,0.0,0.0,0.0,3.0,0.6,29750.0,39.0,46.0,7.800000000000001,9.2,15.0,3.0000000000000018,False,3.0000000000000018,0.29333333333333333,8.8,10.227272727272734,2025-01-01,Abarrotes Norte,Tradicional Modernizado,Caribe,Costa Norte,Barranquilla,Supermercado Regional,QUESO CREMA CAMPOCLARO 200G,0.2,UND,CREMAS,UNTABLES,QUESOS FRESCOS,regular,CAMPOCLARO,NACIONAL,2025-01
C002,110101,2025-01-31,73,10.95,0.0,0.0,0.0,4.0,0.6,58990.0,89.0,112.0,13.350000000000001,16.8,50.0,7.5,False,7.5,0.545,16.35,13.761467889908255,2025-01-01,SuperAhorro,Grandes Superficies,Antioquia,Valle de Aburrá,Medellín,Supermercado,GOUDA AHUMADO TAJADO LOMA DORADA 150G,0.15,UND,GOUDA AHUMADO,QUESOS TAJADOS PREMIUM,QUESOS MADURADOS,regular,LOMA DORADA,IMPORTADO,2025-01
C013,110109,2025-01-31,13,1.95,0.0,0.0,0.0,0.0,0.0,0.0,20.0,26.0,3.0,3.45,7.0,1.5,False,1.5,0.115,3.45,13.043478260869565,2025-01-01,La Mesa Premium,Tiendas Especializadas,Occidente,,Cali,Especialidad,IBERICO CUÑA MONTE AZUL 150G,0.15,UND,IBERICO,CUÑAS PREMIUM,QUESOS MADURADOS,regular,MONTE AZUL,IMPORTADO,2025-01
C014,110103,2025-01-31,64,9.6,0.0,0.0,0.0,3.0,0.45,43160.0,143.0,134.0,21.45,19.8,73.0,11.249999999999996,False,11.249999999999996,0.645,19.35,17.441860465116275,2025-01-01,Plaza Hogar,Grandes Superficies,Occidente,Valle del Cauca,Cali,Hipermercado,MUENSTER TAJADO LOMA DORADA 150G,0.15,UND,MUENSTER,QUESOS TAJADOS PREMIUM,QUESOS MADURADOS,regular,LOMA DORADA,IMPORTADO,2025-01
C016,110113,2025-01-31,46,11.5,0.0,0.0,0.0,2.0,0.5,31120.0,76.0,97.0,19.0,23.0,25.0,7.5,False,7.5,0.7166666666666667,21.5,10.465116279069766,2025-01-01,Canasta Familiar,Grandes Superficies,Santanderes,Bucaramanga Metropolitana,Bucaramanga,Supermercado,PARMESANO RALLADO ORO LECHE 250G,0.25,UND,TIPO PARMESANO,RALLADOS,QUESO PARMESANO,regular,ORO LECHE,MAQUILA,2025-01
C016,900101,2025-01-31,52,4.16,0.0,0.0,0.0,6.0,0.48,59980.0,94.0,97.0,7.52,7.76,49.0,3.92,False,3.92,0.25066666666666665,7.52,15.638297872340427,2025-01-01,Canasta Familiar,Grandes Superficies,Santanderes,Bucaramanga Metropolitana,Bucaramanga,Supermercado,SALAMI TAJADO CASA IBERIA 80G,0.08,UND,SALAMI,CHARCUTERIA,CARNES MADURADAS,regular,CASA IBERIA,IMPORTADO,2025-01
C014,120104,2025-01-31,96,19.2,0.0,0.0,0.0,6.0,1.2,48470.0,115.0,145.0,23.0,29.0,66.0,13.200000000000003,False,13.200000000000003,0.9,27.0,14.66666666666667,2025-01-01,Plaza Hogar,Grandes Superficies,Occidente,Valle del Cauca,Cali,Hipermercado,MOZZARELLA LIGHT CAMPOCLARO 200G,0.2,UND,MOZZARELLA,QUESOS TAJADOS,QUESOS FRESCOS,regular,CAMPOCLARO,NACIONAL,2025-01
C005,130101,2025-01-31,356,53.4,0.0,0.0,0.0,20.0,3.0,104700.0,845.0,887.0,126.75,133.05,314.0,47.099999999999994,False,47.099999999999994,4.305000000000001,129.15,10.940766550522644,2025-01-01,PrecioListo,Hard Discount,Antioquia,Valle de Aburrá,Medellín,Discounter,CHEDDAR ESTILO AMERICANO DELILAT 150G,0.15,UND,CHEDDAR ANALOGO,LONCHAS,QUESOS ANALOGOS,regular,DELILAT,MAQUILA,2025-01
C004,300101,2025-01-31,151,34.73,99.0,22.77,636020.0,16.0,3.68,133330.0,409.0,388.0,94.07,89.24,172.0,39.55999999999999,False,39.55999999999999,2.8673333333333333,86.02,13.796791443850264,2025-01-01,Descuento Ya,Hard Discount,Centro,Bogotá y Sabana,Bogotá,Discounter,JAMON DE CERDO FINAS LONCHAS SIERRA CARNES 230G,0.23,UND,JAMON CERDO,LONCHAS,CARNES FRIAS,regular,SIERRA CARNES,NACIONAL,2025-01
C017,120103,2025-01-31,6,1.2,0.0,0.0,0.0,0.0,0.0,0.0,17.0,19.0,3.4,3.8160000000000003,4.0,0.7839999999999994,False,0.7839999999999994,0.12053333333333334,3.616,6.504424778761057,2025-01-01,RapiExpress,E-commerce,Centro,Bogotá y Sabana,Bogotá,Quick Commerce,QUESO CREMA CAMPOCLARO 200G,0.2,UND,CREMAS,UNTABLES,QUESOS FRESCOS,regular,CAMPOCLARO,NACIONAL,2025-01
C004,130103,2025-01-31,336,96.768,220.0,63.36,1298050.0,17.0,4.896,124270.0,630.0,660.0,181.44,184.89600000000002,306.0,93.31199999999995,False,93.31199999999995,5.952,178.56,15.677419354838703,2025-01-01,Descuento Ya,Hard Discount,Centro,Bogotá y Sabana,Bogotá,Discounter,LONCHAS AMERICANAS DELILAT 288G,0.288,UND,CHEDDAR ANALOGO,LONCHITAS,QUESOS ANALOGOS,regular,DELILAT,MAQUILA,2025-01
C003,900102,2025-01-31,85,6.8,0.0,0.0,0.0,2.0,0.16,19340.0,109.0,131.0,8.72,9.84,63.0,5.68,False,5.68,0.312,9.36,18.205128205128204,2025-01-01,MaxiCompra Caribe,Grandes Superficies,Caribe,Costa Norte,Barranquilla,Supermercado,PEPPERONI TAJADO CASA IBERIA 80G,0.08,UND,PEPPERONI,CHARCUTERIA,CARNES MADURADAS,regular,CASA IBERIA,IMPORTADO,2025-01
C005,300102,2025-01-31,105,24.15,0.0,0.0,0.0,7.0,1.61,61870.0,202.0,220.0,46.46,50.6,87.0,20.009999999999998,False,20.009999999999998,1.6253333333333333,48.76,12.31132075471698,2025-01-01,PrecioListo,Hard Discount,Antioquia,Valle de Aburrá,Medellín,Discounter,JAMON DE PAVO FINAS LONCHAS SIERRA CARNES 230G,0.23,UND,JAMON PAVO,LONCHAS,CARNES FRIAS,regular,SIERRA CARNES,NACIONAL,2025-01
C001,190101,2025-01-31,25,10.0,0.0,0.0,0.0,0.0,0.0,0.0,0.0,1.0,0.0,0.4,24.0,9.6,False,9.6,0.013333333333333334,0.4,719.9999999999999,2025-01-01,HiperMax Nacional,Grandes Superficies,Centro,Bogotá y Sabana,Bogotá,Hipermercado,TABLA APERITIVO NAVIDEÑA MONTE AZUL 400G,0.4,UND,MIXTO QUESOS,TEMPORADA,QUESOS MADURADOS,temporada,MONTE AZUL,IMPORTADO,2025-01
C012,110109,2025-01-31,14,2.1,0.0,0.0,0.0,0.0,0.0,0.0,29.0,33.0,4.35,4.95,10.0,1.4999999999999991,False,1.4999999999999991,0.165,4.95,9.090909090909085,2025-01-01,Delimarket Gourmet,Tiendas Especializadas,Centro,Bogotá y Sabana,Bogotá,Especialidad,IBERICO CUÑA MONTE AZUL 150G,0.15,UND,IBERICO,CUÑAS PREMIUM,QUESOS MADURADOS,regular,MONTE AZUL,IMPORTADO,2025-01
C006,130104,2025-01-31,112,16.8,0.0,0.0,0.0,8.0,1.2,42480.0,275.0,276.0,41.25,41.4,111.0,16.65,False,16.65,1.32,39.6,12.613636363636362,2025-01-01,PuntoMenos Caribe,Hard Discount,Caribe,Costa Norte,Cartagena,Discounter,PIZZA MIX RALLADO DELILAT 150G,0.15,UND,MIXTO QUESOS,RALLADOS,QUESOS ANALOGOS,regular,DELILAT,MAQUILA,2025-01
C016,900102,2025-01-31,72,5.76,0.0,0.0,0.0,5.0,0.4,49760.0,89.0,122.0,7.119999999999999,9.76,39.0,3.119999999999999,False,3.119999999999999,0.30666666666666664,9.2,10.17391304347826,2025-01-01,Canasta Familiar,Grandes Superficies,Santanderes,Bucaramanga Metropolitana,Bucaramanga,Supermercado,PEPPERONI TAJADO CASA IBERIA 80G,0.08,UND,PEPPERONI,CHARCUTERIA,CARNES MADURADAS,regular,CASA IBERIA,IMPORTADO,2025-01
C017,900101,2025-01-31,4,0.32,2.0,0.16,15240.0,1.0,0.08,10620.0,21.0,21.0,1.68,1.68,4.0,0.32000000000000006,False,0.32000000000000006,0.050666666666666665,1.52,6.3157894736842115,2025-01-01,RapiExpress,E-commerce,Centro,Bogotá y Sabana,Bogotá,Quick Commerce,SALAMI TAJADO CASA IBERIA 80G,0.08,UND,SALAMI,CHARCUTERIA,CARNES MADURADAS,regular,CASA IBERIA,IMPORTADO,2025-01
C012,190101,2025-01-31,7,2.8,0.0,0.0,0.0,0.0,0.0,0.0,0.0,0.0,0.0,0.0,7.0,2.8,False,2.8,0.0,0.0,,2025-01-01,Delimarket Gourmet,Tiendas Especializadas,Centro,Bogotá y Sabana,Bogotá,Especialidad,TABLA APERITIVO NAVIDEÑA MONTE AZUL 400G,0.4,UND,MIXTO QUESOS,TEMPORADA,QUESOS MADURADOS,temporada,MONTE AZUL,IMPORTADO,2025-01
C005,120103,2025-01-31,132,26.4,93.0,18.6,689850.0,8.0,1.6,72730.0,303.0,299.0,60.6,59.8,136.0,27.200000000000003,False,27.200000000000003,1.9199999999999997,57.599999999999994,14.16666666666667,2025-01-01,PrecioListo,Hard Discount,Antioquia,Valle de Aburrá,Medellín,Discounter,QUESO CREMA CAMPOCLARO 200G,0.2,UND,CREMAS,UNTABLES,QUESOS FRESCOS,regular,CAMPOCLARO,NACIONAL,2025-01
C004,130101,2025-01-31,424,63.6,0.0,0.0,0.0,27.0,4.05,140740.0,1036.0,1081.0,150.87,158.4,379.0,56.06999999999999,False,56.06999999999999,5.135000000000001,154.05,10.919182083739043,2025-01-01,Descuento Ya,Hard Discount,Centro,Bogotá y Sabana,Bogotá,Discounter,CHEDDAR ESTILO AMERICANO DELILAT 150G,0.15,UND,CHEDDAR ANALOGO,LONCHAS,QUESOS ANALOGOS,regular,DELILAT,MAQUILA,2025-01
C006,120103,2025-01-31,114,22.8,0.0,0.0,0.0,6.0,0.0,56250.0,218.0,255.0,43.599999999999994,49.800000000000004,77.0,16.599999999999987,False,16.599999999999987,1.6266666666666667,48.800000000000004,10.204918032786876,2025-01-01,PuntoMenos Caribe,Hard Discount,Caribe,Costa Norte,Cartagena,Discounter,QUESO CREMA CAMPOCLARO 200G,0.2,UND,CREMAS,UNTABLES,QUESOS FRESCOS,regular,CAMPOCLARO,NACIONAL,2025-01
C012,110108,2025-01-31,16,2.4,0.0,0.0,0.0,3.0,0.45,51730.0,27.0,29.0,4.05,4.35,14.0,2.0999999999999996,False,2.0999999999999996,0.13499999999999998,4.05,15.555555555555555,2025-01-01,Delimarket Gourmet,Tiendas Especializadas,Centro,Bogotá y Sabana,Bogotá,Especialidad,MANCHEGO CUÑA MONTE AZUL 150G,0.15,UND,MANCHEGO,CUÑAS PREMIUM,QUESOS MADURADOS,regular,MONTE AZUL,IMPORTADO,2025-01
C017,190102,2025-01-31,2,1.0,0.0,0.0,0.0,0.0,0.0,0.0,0.0,1.0,0.0,0.5,1.0,0.5,False,0.5,0.016666666666666666,0.5,30.0,2025-01-01,RapiExpress,E-commerce,Centro,Bogotá y Sabana,Bogotá,Quick Commerce,DUO FESTIVO QUESOS Y CARNES 500G,0.5,UND,MIXTO QUESOS-CARNES,TEMPORADA,QUESOS MADURADOS,temporada,MONTE AZUL,MAQUILA,2025-01
C001,130101,2025-01-31,202,30.3,0.0,0.0,0.0,9.0,1.35,50930.0,256.0,304.0,38.4,45.6,154.0,23.1,False,23.1,1.475,44.25,15.661016949152543,2025-01-01,HiperMax Nacional,Grandes Superficies,Centro,Bogotá y Sabana,Bogotá,Hipermercado,CHEDDAR ESTILO AMERICANO DELILAT 150G,0.15,UND,CHEDDAR ANALOGO,LONCHAS,QUESOS ANALOGOS,regular,DELILAT,MAQUILA,2025-01
C005,120104,2025-01-31,145,29.0,0.0,0.0,0.0,13.0,2.6,96310.0,283.0,323.0,56.599999999999994,58.8,105.0,26.799999999999997,False,26.799999999999997,1.8599999999999999,55.8,14.408602150537634,2025-01-01,PrecioListo,Hard Discount,Antioquia,Valle de Aburrá,Medellín,Discounter,MOZZARELLA LIGHT CAMPOCLARO 200G,0.2,UND,MOZZARELLA,QUESOS TAJADOS,QUESOS FRESCOS,regular,CAMPOCLARO,NACIONAL,2025-01
C001,110113,2025-01-31,116,29.0,0.0,0.0,0.0,11.0,2.75,174440.0,137.0,167.0,34.25,41.75,86.0,21.5,False,21.5,1.3583333333333334,40.75,15.828220858895705,2025-01-01,HiperMax Nacional,Grandes Superficies,Centro,Bogotá y Sabana,Bogotá,Hipermercado,PARMESANO RALLADO ORO LECHE 250G,0.25,UND,TIPO PARMESANO,RALLADOS,QUESO PARMESANO,regular,ORO LECHE,MAQUILA,2025-01
C001,120101,2025-01-31,269,67.25,0.0,0.0,0.0,20.0,5.0,204690.0,296.0,450.0,74.0,112.5,115.0,28.75,False,28.75,3.675,110.25,7.8231292517006805,2025-01-01,HiperMax Nacional,Grandes Superficies,Centro,Bogotá y Sabana,Bogotá,Hipermercado,MOZZARELLA TAJADA CAMPOCLARO 250G,0.25,UND,MOZZARELLA,QUESOS TAJADOS,QUESOS FRESCOS,regular,CAMPOCLARO,NACIONAL,2025-01
C003,300102,2025-01-31,79,18.17,0.0,0.0,0.0,7.0,1.61,65250.0,135.0,141.0,31.049999999999997,31.509999999999998,73.0,17.71,False,17.71,1.0426666666666666,31.279999999999998,16.98529411764706,2025-01-01,MaxiCompra Caribe,Grandes Superficies,Caribe,Costa Norte,Barranquilla,Supermercado,JAMON DE PAVO FINAS LONCHAS SIERRA CARNES 230G,0.23,UND,JAMON PAVO,LONCHAS,CARNES FRIAS,regular,SIERRA CARNES,NACIONAL,2025-01
C012,900101,2025-01-31,24,1.92,0.0,0.0,0.0,3.0,0.24,34040.0,39.0,44.0,3.12,3.28,19.0,1.7600000000000002,False,1.7600000000000002,0.104,3.1199999999999997,16.923076923076927,2025-01-01,Delimarket Gourmet,Tiendas Especializadas,Centro,Bogotá y Sabana,Bogotá,Especialidad,SALAMI TAJADO CASA IBERIA 80G,0.08,UND,SALAMI,CHARCUTERIA,CARNES MADURADAS,regular,CASA IBERIA,IMPORTADO,2025-01
C005,110113,2025-01-31,105,26.25,67.0,16.75,746610.0,9.0,2.25,125380.0,275.0,272.0,68.75,66.07,108.0,28.930000000000007,False,28.930000000000007,2.1356666666666664,64.07,13.546121429686286,2025-01-01,PrecioListo,Hard Discount,Antioquia,Valle de Aburrá,Medellín,Discounter,PARMESANO RALLADO ORO LECHE 250G,0.25,UND,TIPO PARMESANO,RALLADOS,QUESO PARMESANO,regular,ORO LECHE,MAQUILA,2025-01
C012,110110,2025-01-31,8,2.88,0.0,0.0,0.0,1.0,0.36,36600.0,13.0,13.0,4.68,4.68,8.0,2.88,False,2.88,0.156,4.68,18.46153846153846,2025-01-01,Delimarket Gourmet,Tiendas Especializadas,Centro,Bogotá y Sabana,Bogotá,Especialidad,MIX QUESOS PREMIUM MONTE AZUL 360G,0.36,UND,MIXTO QUESOS,MEZCLAS PREMIUM,QUESOS MADURADOS,regular,MONTE AZUL,IMPORTADO,2025-01
C017,190101,2025-01-31,1,0.4,0.0,0.0,0.0,0.0,0.0,0.0,0.0,1.0,0.0,0.4,0.0,0.0,False,0.0,0.013333333333333334,0.4,0.0,2025-01-01,RapiExpress,E-commerce,Centro,Bogotá y Sabana,Bogotá,Quick Commerce,TABLA APERITIVO NAVIDEÑA MONTE AZUL 400G,0.4,UND,MIXTO QUESOS,TEMPORADA,QUESOS MADURADOS,temporada,MONTE AZUL,IMPORTADO,2025-01
C018,130104,2025-01-31,188,28.2,0.0,0.0,0.0,11.0,1.65,60540.0,358.0,415.0,53.7,62.106,131.0,19.794000000000004,False,19.794000000000004,1.9852,59.556000000000004,9.970783800120897,2025-01-01,Cadena Uno,Hard Discount,Occidente,Valle del Cauca,Cali,Discounter,PIZZA MIX RALLADO DELILAT 150G,0.15,UND,MIXTO QUESOS,RALLADOS,QUESOS ANALOGOS,regular,DELILAT,MAQUILA,2025-01
C005,300101,2025-01-31,108,24.84,0.0,0.0,0.0,7.0,1.61,58390.0,331.0,320.0,76.13,67.62,119.0,33.349999999999994,False,33.349999999999994,2.185,65.55,15.263157894736839,2025-01-01,PrecioListo,Hard Discount,Antioquia,Valle de Aburrá,Medellín,Discounter,JAMON DE CERDO FINAS LONCHAS SIERRA CARNES 230G,0.23,UND,JAMON CERDO,LONCHAS,CARNES FRIAS,regular,SIERRA CARNES,NACIONAL,2025-01
C006,120104,2025-01-31,92,18.4,0.0,0.0,0.0,8.0,1.6,58980.0,231.0,243.0,46.2,48.6,80.0,15.999999999999993,False,15.999999999999993,1.5733333333333335,47.2,10.169491525423723,2025-01-01,PuntoMenos Caribe,Hard Discount,Caribe,Costa Norte,Cartagena,Discounter,MOZZARELLA LIGHT CAMPOCLARO 200G,0.2,UND,MOZZARELLA,QUESOS TAJADOS,QUESOS FRESCOS,regular,CAMPOCLARO,NACIONAL,2025-01
C018,120101,2025-01-31,174,43.5,0.0,0.0,0.0,11.0,2.75,98550.0,351.0,390.0,87.75,97.5,135.0,33.75,False,33.75,3.1166666666666667,93.5,10.828877005347593,2025-01-01,Cadena Uno,Hard Discount,Occidente,Valle del Cauca,Cali,Discounter,MOZZARELLA TAJADA CAMPOCLARO 250G,0.25,UND,MOZZARELLA,QUESOS TAJADOS,QUESOS FRESCOS,regular,CAMPOCLARO,NACIONAL,2025-01
C003,900104,2025-01-31,92,7.36,0.0,0.0,0.0,7.0,0.56,65910.0,97.0,153.0,7.76,12.24,36.0,2.880000000000001,False,2.880000000000001,0.3973333333333333,11.92,7.248322147651009,2025-01-01,MaxiCompra Caribe,Grandes Superficies,Caribe,Costa Norte,Barranquilla,Supermercado,CHORIZO TAJADO CASA IBERIA 80G,0.08,UND,CHORIZO,CHARCUTERIA,CARNES MADURADAS,regular,CASA IBERIA,IMPORTADO,2025-01
C017,900102,2025-01-31,6,0.48,0.0,0.0,0.0,0.0,0.0,0.0,9.0,12.0,0.48,0.96,3.0,0.0,False,0.0,0.032,0.96,0.0,2025-01-01,RapiExpress,E-commerce,Centro,Bogotá y Sabana,Bogotá,Quick Commerce,PEPPERONI TAJADO CASA IBERIA 80G,0.08,UND,PEPPERONI,CHARCUTERIA,CARNES MADURADAS,regular,CASA IBERIA,IMPORTADO,2025-01
C001,110104,2025-01-31,84,12.6,0.0,0.0,0.0,5.0,0.75,74260.0,204.0,192.0,30.6,28.2,96.0,15.000000000000004,False,15.000000000000004,0.89,26.7,16.853932584269668,2025-01-01,HiperMax Nacional,Grandes Superficies,Centro,Bogotá y Sabana,Bogotá,Hipermercado,COLBY JACK TAJADO LOMA DORADA 150G,0.15,UND,COLBY JACK,QUESOS TAJADOS PREMIUM,QUESOS MADURADOS,regular,LOMA DORADA,IMPORTADO,2025-01
C004,120104,2025-01-31,177,35.4,125.0,25.0,737310.0,11.0,2.2,81800.0,402.0,394.0,80.4,77.0,185.0,38.80000000000001,False,38.80000000000001,2.48,74.4,15.645161290322585,2025-01-01,Descuento Ya,Hard Discount,Centro,Bogotá y Sabana,Bogotá,Discounter,MOZZARELLA LIGHT CAMPOCLARO 200G,0.2,UND,MOZZARELLA,QUESOS TAJADOS,QUESOS FRESCOS,regular,CAMPOCLARO,NACIONAL,2025-01
C006,900102,2025-01-31,75,6.0,41.0,0.0,295390.0,3.0,0.24,26700.0,140.0,148.0,7.92,11.84,67.0,2.08,False,2.08,0.3733333333333333,11.2,5.571428571428572,2025-01-01,PuntoMenos Caribe,Hard Discount,Caribe,Costa Norte,Cartagena,Discounter,PEPPERONI TAJADO CASA IBERIA 80G,0.08,UND,PEPPERONI,CHARCUTERIA,CARNES MADURADAS,regular,CASA IBERIA,IMPORTADO,2025-01
C001,110102,2025-01-31,87,13.05,0.0,0.0,0.0,7.0,1.05,101600.0,138.0,182.0,20.700000000000003,27.3,43.0,6.449999999999999,False,6.449999999999999,0.875,26.25,7.371428571428571,2025-01-01,HiperMax Nacional,Grandes Superficies,Centro,Bogotá y Sabana,Bogotá,Hipermercado,HOLANDES TAJADO LOMA DORADA 150G,0.15,UND,HOLANDES,QUESOS TAJADOS PREMIUM,QUESOS MADURADOS,regular,LOMA DORADA,IMPORTADO,2025-01
C016,900104,2025-01-31,54,4.32,0.0,0.0,0.0,3.0,0.24,28180.0,124.0,118.0,9.92,9.44,60.0,4.800000000000001,False,4.800000000000001,0.3013333333333333,9.04,15.929203539823014,2025-01-01,Canasta Familiar,Grandes Superficies,Santanderes,Bucaramanga Metropolitana,Bucaramanga,Supermercado,CHORIZO TAJADO CASA IBERIA 80G,0.08,UND,CHORIZO,CHARCUTERIA,CARNES MADURADAS,regular,CASA IBERIA,IMPORTADO,2025-01
C012,900104,2025-01-31,26,2.08,0.0,0.0,0.0,3.0,0.24,30890.0,26.0,33.0,2.08,2.64,19.0,1.52,False,1.52,0.08533333333333333,2.56,17.8125,2025-01-01,Delimarket Gourmet,Tiendas Especializadas,Centro,Bogotá y Sabana,Bogotá,Especialidad,CHORIZO TAJADO CASA IBERIA 80G,0.08,UND,CHORIZO,CHARCUTERIA,CARNES MADURADAS,regular,CASA IBERIA,IMPORTADO,2025-01
C001,190102,2025-01-31,26,13.0,0.0,0.0,0.0,0.0,0.0,0.0,0.0,0.0,0.0,0.0,26.0,13.0,False,13.0,0.0,0.0,,2025-01-01,HiperMax Nacional,Grandes Superficies,Centro,Bogotá y Sabana,Bogotá,Hipermercado,DUO FESTIVO QUESOS Y CARNES 500G,0.5,UND,MIXTO QUESOS-CARNES,TEMPORADA,QUESOS MADURADOS,temporada,MONTE AZUL,MAQUILA,2025-01
C003,190101,2025-01-31,14,5.6,0.0,0.0,0.0,0.0,0.0,0.0,0.0,0.0,0.0,0.0,14.0,5.6,False,5.6,0.0,0.0,,2025-01-01,MaxiCompra Caribe,Grandes Superficies,Caribe,Costa Norte,Barranquilla,Supermercado,TABLA APERITIVO NAVIDEÑA MONTE AZUL 400G,0.4,UND,MIXTO QUESOS,TEMPORADA,QUESOS MADURADOS,temporada,MONTE AZUL,IMPORTADO,2025-01
C001,110110,2025-01-31,45,16.2,0.0,0.0,0.0,6.0,0.0,203150.0,115.0,111.0,41.4,38.002,49.0,19.597999999999992,False,19.597999999999992,1.2427333333333335,37.282000000000004,15.770076712622705,2025-01-01,HiperMax Nacional,Grandes Superficies,Centro,Bogotá y Sabana,Bogotá,Hipermercado,MIX QUESOS PREMIUM MONTE AZUL 360G,0.36,UND,MIXTO QUESOS,MEZCLAS PREMIUM,QUESOS MADURADOS,regular,MONTE AZUL,IMPORTADO,2025-01
C018,110112,2025-01-31,136,13.6,94.0,9.4,476740.0,15.0,1.5,94750.0,325.0,314.0,32.5,29.0,147.0,17.1,False,17.1,0.9333333333333333,28.0,18.321428571428573,2025-01-01,Cadena Uno,Hard Discount,Occidente,Valle del Cauca,Cali,Discounter,PARMESANO RALLADO ORO LECHE 100G,0.1,UND,TIPO PARMESANO,RALLADOS,QUESO PARMESANO,regular,ORO LECHE,MAQUILA,2025-01
C005,110112,2025-01-31,205,20.5,104.0,10.4,511270.0,13.0,1.3,82500.0,430.0,448.0,43.0,44.92,187.0,18.58,False,18.58,1.464,43.92,12.691256830601093,2025-01-01,PrecioListo,Hard Discount,Antioquia,Valle de Aburrá,Medellín,Discounter,PARMESANO RALLADO ORO LECHE 100G,0.1,UND,TIPO PARMESANO,RALLADOS,QUESO PARMESANO,regular,ORO LECHE,MAQUILA,2025-01
C013,110105,2025-01-31,17,2.55,0.0,0.0,0.0,0.0,0.0,0.0,20.0,22.0,3.0,3.3,15.0,2.25,False,2.25,0.11,3.3,20.454545454545453,2025-01-01,La Mesa Premium,Tiendas Especializadas,Occidente,,Cali,Especialidad,PROVOLONE TAJADO LOMA DORADA 150G,0.15,UND,PROVOLONE,QUESOS TAJADOS PREMIUM,QUESOS MADURADOS,regular,LOMA DORADA,IMPORTADO,2025-01
C017,120101,2025-01-31,6,1.5,0.0,0.0,0.0,1.0,0.25,10600.0,15.0,17.0,3.75,4.25,4.0,1.0,False,1.0,0.14166666666666666,4.25,7.0588235294117645,2025-01-01,RapiExpress,E-commerce,Centro,Bogotá y Sabana,Bogotá,Quick Commerce,MOZZARELLA TAJADA CAMPOCLARO 250G,0.25,UND,MOZZARELLA,QUESOS TAJADOS,QUESOS FRESCOS,regular,CAMPOCLARO,NACIONAL,2025-01
C006,120101,2025-01-31,133,33.25,114.0,28.5,816940.0,13.0,3.25,118000.0,322.0,311.0,80.5,77.75,144.0,36.0,False,36.0,2.4916666666666667,74.75,14.448160535117056,2025-01-01,PuntoMenos Caribe,Hard Discount,Caribe,Costa Norte,Cartagena,Discounter,MOZZARELLA TAJADA CAMPOCLARO 250G,0.25,UND,MOZZARELLA,QUESOS TAJADOS,QUESOS FRESCOS,regular,CAMPOCLARO,NACIONAL,2025-01
C003,190102,2025-01-31,28,14.0,0.0,0.0,0.0,0.0,0.0,0.0,0.0,0.0,0.0,0.0,28.0,14.0,False,14.0,0.0,0.0,,2025-01-01,MaxiCompra Caribe,Grandes Superficies,Caribe,Costa Norte,Barranquilla,Supermercado,DUO FESTIVO QUESOS Y CARNES 500G,0.5,UND,MIXTO QUESOS-CARNES,TEMPORADA,QUESOS MADURADOS,temporada,MONTE AZUL,MAQUILA,2025-01
C012,110106,2025-01-31,15,1.875,0.0,0.0,0.0,1.0,0.125,14030.0,20.0,22.0,2.5,2.75,13.0,1.625,False,1.625,0.0875,2.625,18.571428571428573,2025-01-01,Delimarket Gourmet,Tiendas Especializadas,Centro,Bogotá y Sabana,Bogotá,Especialidad,BRIE CUÑA MONTE AZUL 125G,0.125,UND,BRIE,QUESOS BLANDOS,QUESOS MADURADOS,regular,MONTE AZUL,IMPORTADO,2025-01
C004,110113,2025-01-31,145,36.25,0.0,0.0,0.0,6.0,1.5,85920.0,228.0,310.0,57.0,77.5,63.0,15.75,False,15.75,2.55,76.5,6.176470588235294,2025-01-01,Descuento Ya,Hard Discount,Centro,Bogotá y Sabana,Bogotá,Discounter,PARMESANO RALLADO ORO LECHE 250G,0.25,UND,TIPO PARMESANO,RALLADOS,QUESO PARMESANO,regular,ORO LECHE,MAQUILA,2025-01
C013,110101,2025-01-31,19,2.85,0.0,0.0,0.0,0.0,0.0,0.0,15.0,25.0,2.25,3.5999999999999996,9.0,1.5,False,1.5,0.11999999999999998,3.5999999999999996,12.500000000000002,2025-01-01,La Mesa Premium,Tiendas Especializadas,Occidente,,Cali,Especialidad,GOUDA AHUMADO TAJADO LOMA DORADA 150G,0.15,UND,GOUDA AHUMADO,QUESOS TAJADOS PREMIUM,QUESOS MADURADOS,regular,LOMA DORADA,IMPORTADO,2025-01
C004,900102,2025-01-31,149,11.92,0.0,0.0,0.0,8.0,0.64,69850.0,186.0,267.0,14.879999999999999,20.080000000000002,68.0,6.719999999999995,False,6.719999999999995,0.6506666666666667,19.520000000000003,10.327868852459009,2025-01-01,Descuento Ya,Hard Discount,Centro,Bogotá y Sabana,Bogotá,Discounter,PEPPERONI TAJADO CASA IBERIA 80G,0.08,UND,PEPPERONI,CHARCUTERIA,CARNES MADURADAS,regular,CASA IBERIA,IMPORTADO,2025-01
C006,110112,2025-01-31,125,12.5,105.0,10.5,526750.0,15.0,1.5,94350.0,312.0,298.0,31.2,29.8,139.0,13.900000000000002,False,13.900000000000002,0.9666666666666667,29.0,14.379310344827589,2025-01-01,PuntoMenos Caribe,Hard Discount,Caribe,Costa Norte,Cartagena,Discounter,PARMESANO RALLADO ORO LECHE 100G,0.1,UND,TIPO PARMESANO,RALLADOS,QUESO PARMESANO,regular,ORO LECHE,MAQUILA,2025-01
C004,120101,2025-01-31,269,67.25,177.0,44.25,1283720.0,15.0,3.75,135280.0,562.0,575.0,140.5,139.5,256.0,68.25,False,68.25,4.533333333333333,136.0,15.055147058823529,2025-01-01,Descuento Ya,Hard Discount,Centro,Bogotá y Sabana,Bogotá,Discounter,MOZZARELLA TAJADA CAMPOCLARO 250G,0.25,UND,MOZZARELLA,QUESOS TAJADOS,QUESOS FRESCOS,regular,CAMPOCLARO,NACIONAL,2025-01
C017,900103,2025-01-31,3,0.24,3.0,0.0,25580.0,1.0,0.08,11540.0,15.0,14.0,0.96,1.12,4.0,0.07999999999999985,False,0.07999999999999985,0.032,0.96,2.499999999999995,2025-01-01,RapiExpress,E-commerce,Centro,Bogotá y Sabana,Bogotá,Quick Commerce,JAMON SERRANO TAJADO CASA IBERIA 80G,0.08,UND,JAMON SERRANO,CHARCUTERIA,CARNES MADURADAS,regular,CASA IBERIA,IMPORTADO,2025-01
C016,900103,2025-01-31,66,5.28,0.0,0.0,0.0,2.0,0.16,21910.0,71.0,101.0,5.68,8.08,36.0,2.880000000000001,False,2.880000000000001,0.25866666666666666,7.76,11.134020618556704,2025-01-01,Canasta Familiar,Grandes Superficies,Santanderes,Bucaramanga Metropolitana,Bucaramanga,Supermercado,JAMON SERRANO TAJADO CASA IBERIA 80G,0.08,UND,JAMON SERRANO,CHARCUTERIA,CARNES MADURADAS,regular,CASA IBERIA,IMPORTADO,2025-01
C018,120104,2025-01-31,104,20.8,0.0,0.0,0.0,10.0,2.0,73060.0,244.0,259.0,48.8,47.6,89.0,21.999999999999993,False,21.999999999999993,1.5266666666666668,45.800000000000004,14.410480349344972,2025-01-01,Cadena Uno,Hard Discount,Occidente,Valle del Cauca,Cali,Discounter,MOZZARELLA LIGHT CAMPOCLARO 200G,0.2,UND,MOZZARELLA,QUESOS TAJADOS,QUESOS FRESCOS,regular,CAMPOCLARO,NACIONAL,2025-01
C003,900101,2025-01-31,53,4.24,0.0,0.0,0.0,4.0,0.32,39550.0,88.0,88.0,7.039999999999999,7.04,53.0,4.239999999999999,False,4.239999999999999,0.22933333333333333,6.88,18.48837209302325,2025-01-01,MaxiCompra Caribe,Grandes Superficies,Caribe,Costa Norte,Barranquilla,Supermercado,SALAMI TAJADO CASA IBERIA 80G,0.08,UND,SALAMI,CHARCUTERIA,CARNES MADURADAS,regular,CASA IBERIA,IMPORTADO,2025-01
C006,110113,2025-01-31,95,23.75,0.0,0.0,0.0,12.0,3.0,173280.0,125.0,182.0,31.25,45.5,38.0,9.5,False,9.5,1.4916666666666667,44.75,6.368715083798882,2025-01-01,PuntoMenos Caribe,Hard Discount,Caribe,Costa Norte,Cartagena,Discounter,PARMESANO RALLADO ORO LECHE 250G,0.25,UND,TIPO PARMESANO,RALLADOS,QUESO PARMESANO,regular,ORO LECHE,MAQUILA,2025-01
C012,190102,2025-01-31,7,3.5,0.0,0.0,0.0,0.0,0.0,0.0,0.0,0.0,0.0,0.0,7.0,3.5,False,3.5,0.0,0.0,,2025-01-01,Delimarket Gourmet,Tiendas Especializadas,Centro,Bogotá y Sabana,Bogotá,Especialidad,DUO FESTIVO QUESOS Y CARNES 500G,0.5,UND,MIXTO QUESOS-CARNES,TEMPORADA,QUESOS MADURADOS,temporada,MONTE AZUL,MAQUILA,2025-01
C012,900102,2025-01-31,24,1.92,0.0,0.0,0.0,2.0,0.16,21750.0,28.0,40.0,2.24,3.2,12.0,0.96,False,0.96,0.10666666666666667,3.2,8.999999999999998,2025-01-01,Delimarket Gourmet,Tiendas Especializadas,Centro,Bogotá y Sabana,Bogotá,Especialidad,PEPPERONI TAJADO CASA IBERIA 80G,0.08,UND,PEPPERONI,CHARCUTERIA,CARNES MADURADAS,regular,CASA IBERIA,IMPORTADO,2025-01
C017,300102,2025-01-31,4,0.92,0.0,0.0,0.0,0.0,0.0,0.0,34.0,34.0,6.4399999999999995,7.82,4.0,-0.46000000000000085,True,0.0,0.10733333333333334,3.22,0.0,2025-01-01,RapiExpress,E-commerce,Centro,Bogotá y Sabana,Bogotá,Quick Commerce,JAMON DE PAVO FINAS LONCHAS SIERRA CARNES 230G,0.23,UND,JAMON PAVO,LONCHAS,CARNES FRIAS,regular,SIERRA CARNES,NACIONAL,2025-01
C012,110105,2025-01-31,18,2.7,0.0,0.0,0.0,0.0,0.0,0.0,28.0,27.0,4.199999999999999,4.05,19.0,2.8499999999999996,False,2.8499999999999996,0.125,3.75,22.799999999999997,2025-01-01,Delimarket Gourmet,Tiendas Especializadas,Centro,Bogotá y Sabana,Bogotá,Especialidad,PROVOLONE TAJADO LOMA DORADA 150G,0.15,UND,PROVOLONE,QUESOS TAJADOS PREMIUM,QUESOS MADURADOS,regular,LOMA DORADA,IMPORTADO,2025-01
C001,110114,2025-01-31,96,24.0,0.0,0.0,0.0,6.0,1.5,146410.0,111.0,164.0,27.75,41.0,43.0,10.75,False,10.75,1.325,39.75,8.11320754716981,2025-01-01,HiperMax Nacional,Grandes Superficies,Centro,Bogotá y Sabana,Bogotá,Hipermercado,GOUDA NATURAL CUÑA LOMA DORADA 250G,0.25,UND,GOUDA NATURAL,CUÑAS,QUESOS MADURADOS,regular,LOMA DORADA,IMPORTADO,2025-01
C001,130103,2025-01-31,158,45.504,0.0,0.0,0.0,7.0,2.016,56860.0,305.0,303.0,87.83999999999999,87.264,160.0,46.08,False,46.08,2.8896,86.688,15.946843853820596,2025-01-01,HiperMax Nacional,Grandes Superficies,Centro,Bogotá y Sabana,Bogotá,Hipermercado,LONCHAS AMERICANAS DELILAT 288G,0.288,UND,CHEDDAR ANALOGO,LONCHITAS,QUESOS ANALOGOS,regular,DELILAT,MAQUILA,2025-01
C012,900103,2025-01-31,29,2.32,0.0,0.0,0.0,1.0,0.08,11680.0,52.0,50.0,4.16,4.0,31.0,2.4800000000000004,False,2.4800000000000004,0.12266666666666667,3.68,20.217391304347828,2025-01-01,Delimarket Gourmet,Tiendas Especializadas,Centro,Bogotá y Sabana,Bogotá,Especialidad,JAMON SERRANO TAJADO CASA IBERIA 80G,0.08,UND,JAMON SERRANO,CHARCUTERIA,CARNES MADURADAS,regular,CASA IBERIA,IMPORTADO,2025-01
C013,110102,2025-01-31,19,2.85,0.0,0.0,0.0,1.0,0.15,16110.0,22.0,25.0,3.3,3.738,16.0,2.4120000000000004,False,2.4120000000000004,0.1246,3.738,19.35794542536116,2025-01-01,La Mesa Premium,Tiendas Especializadas,Occidente,,Cali,Especialidad,HOLANDES TAJADO LOMA DORADA 150G,0.15,UND,HOLANDES,QUESOS TAJADOS PREMIUM,QUESOS MADURADOS,regular,LOMA DORADA,IMPORTADO,2025-01
C017,110113,2025-01-31,3,0.75,0.0,0.0,0.0,0.0,0.0,0.0,20.0,19.0,5.0,4.75,4.0,1.0,False,1.0,0.15833333333333333,4.75,6.315789473684211,2025-01-01,RapiExpress,E-commerce,Centro,Bogotá y Sabana,Bogotá,Quick Commerce,PARMESANO RALLADO ORO LECHE 250G,0.25,UND,TIPO PARMESANO,RALLADOS,QUESO PARMESANO,regular,ORO LECHE,MAQUILA,2025-01
C018,300102,2025-01-31,96,22.08,0.0,0.0,0.0,10.0,2.3,88600.0,237.0,252.0,54.510000000000005,57.96,81.0,18.630000000000003,False,18.630000000000003,1.84,55.2,10.125000000000002,2025-01-01,Cadena Uno,Hard Discount,Occidente,Valle del Cauca,Cali,Discounter,JAMON DE PAVO FINAS LONCHAS SIERRA CARNES 230G,0.23,UND,JAMON PAVO,LONCHAS,CARNES FRIAS,regular,SIERRA CARNES,NACIONAL,2025-01
C018,130103,2025-01-31,144,41.472,0.0,0.0,0.0,13.0,3.744,95890.0,385.0,438.0,110.88,126.144,91.0,26.208,False,26.208,4.0704,122.11200000000001,6.438679245283018,2025-01-01,Cadena Uno,Hard Discount,Occidente,Valle del Cauca,Cali,Discounter,LONCHAS AMERICANAS DELILAT 288G,0.288,UND,CHEDDAR ANALOGO,LONCHITAS,QUESOS ANALOGOS,regular,DELILAT,MAQUILA,2025-01
C005,900102,2025-01-31,101,8.08,0.0,0.0,0.0,17.0,1.36,151120.0,215.0,243.0,17.2,19.44,73.0,5.84,False,5.84,0.632,18.96,9.240506329113924,2025-01-01,PrecioListo,Hard Discount,Antioquia,Valle de Aburrá,Medellín,Discounter,PEPPERONI TAJADO CASA IBERIA 80G,0.08,UND,PEPPERONI,CHARCUTERIA,CARNES MADURADAS,regular,CASA IBERIA,IMPORTADO,2025-01
C004,110112,2025-01-31,222,22.2,0.0,0.0,0.0,12.0,1.2,73810.0,489.0,509.0,48.9,47.572,202.0,23.52799999999999,False,23.52799999999999,1.5457333333333334,46.372,15.221254205123776,2025-01-01,Descuento Ya,Hard Discount,Centro,Bogotá y Sabana,Bogotá,Discounter,PARMESANO RALLADO ORO LECHE 100G,0.1,UND,TIPO PARMESANO,RALLADOS,QUESO PARMESANO,regular,ORO LECHE,MAQUILA,2025-01
C004,120103,2025-01-31,174,34.8,0.0,0.0,0.0,17.0,3.4,154740.0,341.0,424.0,68.2,84.8,91.0,18.200000000000003,False,18.200000000000003,2.7466666666666666,82.39999999999999,6.626213592233011,2025-01-01,Descuento Ya,Hard Discount,Centro,Bogotá y Sabana,Bogotá,Discounter,QUESO CREMA CAMPOCLARO 200G,0.2,UND,CREMAS,UNTABLES,QUESOS FRESCOS,regular,CAMPOCLARO,NACIONAL,2025-01
C001,110101,2025-01-31,97,14.55,0.0,0.0,0.0,5.0,0.75,74820.0,126.0,183.0,18.9,27.45,40.0,6.0000000000000036,False,6.0000000000000036,0.9,27.0,6.6666666666666705,2025-01-01,HiperMax Nacional,Grandes Superficies,Centro,Bogotá y Sabana,Bogotá,Hipermercado,GOUDA AHUMADO TAJADO LOMA DORADA 150G,0.15,UND,GOUDA AHUMADO,QUESOS TAJADOS PREMIUM,QUESOS MADURADOS,regular,LOMA DORADA,IMPORTADO,2025-01
C012,110101,2025-01-31,18,2.7,0.0,0.0,0.0,0.0,0.0,0.0,16.0,26.0,2.4,3.9,8.0,1.1999999999999997,False,1.1999999999999997,0.13,3.9,9.230769230769228,2025-01-01,Delimarket Gourmet,Tiendas Especializadas,Centro,Bogotá y Sabana,Bogotá,Especialidad,GOUDA AHUMADO TAJADO LOMA DORADA 150G,0.15,UND,GOUDA AHUMADO,QUESOS TAJADOS PREMIUM,QUESOS MADURADOS,regular,LOMA DORADA,IMPORTADO,2025-01
C012,110107,2025-01-31,16,2.0,0.0,0.0,0.0,0.0,0.0,0.0,26.0,24.0,3.25,3.0,18.0,2.25,False,2.25,0.1,3.0,22.5,2025-01-01,Delimarket Gourmet,Tiendas Especializadas,Centro,Bogotá y Sabana,Bogotá,Especialidad,CAMEMBERT CUÑA MONTE AZUL 125G,0.125,UND,CAMEMBERT,QUESOS BLANDOS,QUESOS MADURADOS,regular,MONTE AZUL,IMPORTADO,2025-01
C001,110106,2025-01-31,71,8.875,0.0,0.0,0.0,1.0,0.125,12930.0,146.0,154.0,18.25,19.25,63.0,7.875,False,7.875,0.625,18.75,12.6,2025-01-01,HiperMax Nacional,Grandes Superficies,Centro,Bogotá y Sabana,Bogotá,Hipermercado,BRIE CUÑA MONTE AZUL 125G,0.125,UND,BRIE,QUESOS BLANDOS,QUESOS MADURADOS,regular,MONTE AZUL,IMPORTADO,2025-01
C018,130101,2025-01-31,262,39.3,0.0,0.0,0.0,30.0,4.5,158830.0,744.0,744.0,111.6,111.6,262.0,39.29999999999998,False,39.29999999999998,3.625,108.75,10.841379310344823,2025-01-01,Cadena Uno,Hard Discount,Occidente,Valle del Cauca,Cali,Discounter,CHEDDAR ESTILO AMERICANO DELILAT 150G,0.15,UND,CHEDDAR ANALOGO,LONCHAS,QUESOS ANALOGOS,regular,DELILAT,MAQUILA,2025-01
C018,900102,2025-01-31,93,7.44,0.0,0.0,0.0,5.0,0.4,43650.0,161.0,207.0,12.88,16.56,47.0,3.7600000000000016,False,3.7600000000000016,0.5333333333333333,16.0,7.050000000000003,2025-01-01,Cadena Uno,Hard Discount,Occidente,Valle del Cauca,Cali,Discounter,PEPPERONI TAJADO CASA IBERIA 80G,0.08,UND,PEPPERONI,CHARCUTERIA,CARNES MADURADAS,regular,CASA IBERIA,IMPORTADO,2025-01
C018,120103,2025-01-31,112,22.4,0.0,0.0,0.0,15.0,3.0,137350.0,271.0,273.0,54.2,54.6,110.0,21.999999999999993,False,21.999999999999993,1.7466666666666666,52.4,12.595419847328241,2025-01-01,Cadena Uno,Hard Discount,Occidente,Valle del Cauca,Cali,Discounter,QUESO CREMA CAMPOCLARO 200G,0.2,UND,CREMAS,UNTABLES,QUESOS FRESCOS,regular,CAMPOCLARO,NACIONAL,2025-01
C001,110115,2025-01-31,84,21.0,0.0,0.0,0.0,6.0,1.5,147860.0,127.0,139.0,31.75,32.5,72.0,20.25,False,20.25,1.05,31.5,19.285714285714285,2025-01-01,HiperMax Nacional,Grandes Superficies,Centro,Bogotá y Sabana,Bogotá,Hipermercado,FETA CUBOS CASA SIERRA 250G,0.25,UND,FETA,ESPECIALES,QUESOS MADURADOS,regular,CASA SIERRA,IMPORTADO,2025-01
C012,110102,2025-01-31,21,3.15,0.0,0.0,0.0,0.0,0.0,0.0,37.0,37.0,2.55,5.25,21.0,0.4499999999999993,False,0.4499999999999993,0.165,4.95,2.7272727272727226,2025-01-01,Delimarket Gourmet,Tiendas Especializadas,Centro,Bogotá y Sabana,Bogotá,Especialidad,HOLANDES TAJADO LOMA DORADA 150G,0.15,UND,HOLANDES,QUESOS TAJADOS PREMIUM,QUESOS MADURADOS,regular,LOMA DORADA,IMPORTADO,2025-01
C004,300102,2025-01-31,99,22.77,94.0,21.62,657750.0,10.0,2.3,84740.0,357.0,322.0,82.11,74.06,134.0,30.819999999999993,False,30.819999999999993,2.4073333333333333,72.22,12.802547770700635,2025-01-01,Descuento Ya,Hard Discount,Centro,Bogotá y Sabana,Bogotá,Discounter,JAMON DE PAVO FINAS LONCHAS SIERRA CARNES 230G,0.23,UND,JAMON PAVO,LONCHAS,CARNES FRIAS,regular,SIERRA CARNES,NACIONAL,2025-01
C018,300101,2025-01-31,111,25.53,0.0,0.0,0.0,10.0,2.3,83840.0,279.0,281.0,64.17,64.63,109.0,25.070000000000007,False,25.070000000000007,2.0546666666666664,61.63999999999999,12.201492537313438,2025-01-01,Cadena Uno,Hard Discount,Occidente,Valle del Cauca,Cali,Discounter,JAMON DE CERDO FINAS LONCHAS SIERRA CARNES 230G,0.23,UND,JAMON CERDO,LONCHAS,CARNES FRIAS,regular,SIERRA CARNES,NACIONAL,2025-01
C017,300101,2025-01-31,6,1.38,0.0,0.0,0.0,0.0,0.0,0.0,17.0,17.0,3.91,3.91,6.0,1.38,False,1.38,0.13033333333333333,3.91,10.588235294117647,2025-01-01,RapiExpress,E-commerce,Centro,Bogotá y Sabana,Bogotá,Quick Commerce,JAMON DE CERDO FINAS LONCHAS SIERRA CARNES 230G,0.23,UND,JAMON CERDO,LONCHAS,CARNES FRIAS,regular,SIERRA CARNES,NACIONAL,2025-01
C001,110105,2025-01-31,88,13.2,0.0,0.0,0.0,7.0,1.05,100720.0,120.0,167.0,18.0,25.05,41.0,6.149999999999999,False,6.149999999999999,0.805,24.150000000000002,7.639751552795029,2025-01-01,HiperMax Nacional,Grandes Superficies,Centro,Bogotá y Sabana,Bogotá,Hipermercado,PROVOLONE TAJADO LOMA DORADA 150G,0.15,UND,PROVOLONE,QUESOS TAJADOS PREMIUM,QUESOS MADURADOS,regular,LOMA DORADA,IMPORTADO,2025-01
C012,190103,2025-01-31,5,3.0,0.0,0.0,0.0,0.0,0.0,0.0,0.0,0.0,0.0,0.0,5.0,3.0,False,3.0,0.0,0.0,,2025-01-01,Delimarket Gourmet,Tiendas Especializadas,Centro,Bogotá y Sabana,Bogotá,Especialidad,RACLETTE CELEBRACION LOMA DORADA 600G,0.6,UND,MIXTO QUESOS,TEMPORADA,QUESOS MADURADOS,temporada,LOMA DORADA,IMPORTADO,2025-01
C001,120104,2025-01-31,143,28.6,0.0,0.0,0.0,9.0,1.8,73000.0,146.0,219.0,29.200000000000003,43.8,70.0,14.000000000000007,False,14.000000000000007,1.4466666666666665,43.4,9.677419354838715,2025-01-01,HiperMax Nacional,Grandes Superficies,Centro,Bogotá y Sabana,Bogotá,Hipermercado,MOZZARELLA LIGHT CAMPOCLARO 200G,0.2,UND,MOZZARELLA,QUESOS TAJADOS,QUESOS FRESCOS,regular,CAMPOCLARO,NACIONAL,2025-01
C005,130103,2025-01-31,213,61.344,143.0,41.184,851330.0,17.0,4.896,130140.0,512.0,486.0,147.45600000000002,139.968,239.0,68.83200000000002,False,68.83200000000002,4.4928,134.784,15.320512820512826,2025-01-01,PrecioListo,Hard Discount,Antioquia,Valle de Aburrá,Medellín,Discounter,LONCHAS AMERICANAS DELILAT 288G,0.288,UND,CHEDDAR ANALOGO,LONCHITAS,QUESOS ANALOGOS,regular,DELILAT,MAQUILA,2025-01
C017,110108,2025-01-31,3,0.45,0.0,0.0,0.0,0.0,0.0,0.0,9.0,9.0,1.35,1.3499999999999999,3.0,0.4500000000000002,False,0.4500000000000002,0.04,1.2,11.250000000000004,2025-01-01,RapiExpress,E-commerce,Centro,Bogotá y Sabana,Bogotá,Quick Commerce,MANCHEGO CUÑA MONTE AZUL 150G,0.15,UND,MANCHEGO,CUÑAS PREMIUM,QUESOS MADURADOS,regular,MONTE AZUL,IMPORTADO,2025-01
C001,110107,2025-01-31,61,7.625,0.0,0.0,0.0,2.0,0.25,25540.0,135.0,141.0,16.875,16.875,55.0,7.625,False,7.625,0.5375,16.125,14.186046511627907,2025-01-01,HiperMax Nacional,Grandes Superficies,Centro,Bogotá y Sabana,Bogotá,Hipermercado,CAMEMBERT CUÑA MONTE AZUL 125G,0.125,UND,CAMEMBERT,QUESOS BLANDOS,QUESOS MADURADOS,regular,MONTE AZUL,IMPORTADO,2025-01
C003,900103,2025-01-31,54,4.32,0.0,0.0,0.0,7.0,0.56,76750.0,88.0,105.0,7.04,8.4,37.0,2.959999999999999,False,2.959999999999999,0.272,8.16,10.882352941176466,2025-01-01,MaxiCompra Caribe,Grandes Superficies,Caribe,Costa Norte,Barranquilla,Supermercado,JAMON SERRANO TAJADO CASA IBERIA 80G,0.08,UND,JAMON SERRANO,CHARCUTERIA,CARNES MADURADAS,regular,CASA IBERIA,IMPORTADO,2025-01
C001,110103,2025-01-31,102,15.3,0.0,0.0,0.0,6.0,0.9,88450.0,187.0,191.0,28.049999999999997,28.65,98.0,14.699999999999996,False,14.699999999999996,0.9299999999999999,27.9,15.806451612903222,2025-01-01,HiperMax Nacional,Grandes Superficies,Centro,Bogotá y Sabana,Bogotá,Hipermercado,MUENSTER TAJADO LOMA DORADA 150G,0.15,UND,MUENSTER,QUESOS TAJADOS PREMIUM,QUESOS MADURADOS,regular,LOMA DORADA,IMPORTADO,2025-01
C013,110106,2025-01-31,10,1.25,0.0,0.0,0.0,1.0,0.125,14340.0,22.0,20.0,2.75,2.5,12.0,1.5,False,1.5,0.08333333333333333,2.5,18.0,2025-01-01,La Mesa Premium,Tiendas Especializadas,Occidente,,Cali,Especialidad,BRIE CUÑA MONTE AZUL 125G,0.125,UND,BRIE,QUESOS BLANDOS,QUESOS MADURADOS,regular,MONTE AZUL,IMPORTADO,2025-01
C003,190103,2025-01-31,19,11.4,0.0,0.0,0.0,0.0,0.0,0.0,0.0,0.0,0.0,0.0,19.0,11.4,False,11.4,0.0,0.0,,2025-01-01,MaxiCompra Caribe,Grandes Superficies,Caribe,Costa Norte,Barranquilla,Supermercado,RACLETTE CELEBRACION LOMA DORADA 600G,0.6,UND,MIXTO QUESOS,TEMPORADA,QUESOS MADURADOS,temporada,LOMA DORADA,IMPORTADO,2025-01
C001,110112,2025-01-31,239,23.9,0.0,0.0,0.0,12.0,1.2,84800.0,249.0,373.0,24.9,37.403999999999996,115.0,11.396,False,11.396,1.1999999999999997,35.99999999999999,9.49666666666667,2025-01-01,HiperMax Nacional,Grandes Superficies,Centro,Bogotá y Sabana,Bogotá,Hipermercado,PARMESANO RALLADO ORO LECHE 100G,0.1,UND,TIPO PARMESANO,RALLADOS,QUESO PARMESANO,regular,ORO LECHE,MAQUILA,2025-01
C004,130104,2025-01-31,245,36.75,149.0,22.35,640110.0,11.0,1.65,59090.0,437.0,452.0,65.55000000000001,67.632,230.0,34.668000000000006,False,34.668000000000006,2.1994,65.982,15.762480676548154,2025-01-01,Descuento Ya,Hard Discount,Centro,Bogotá y Sabana,Bogotá,Discounter,PIZZA MIX RALLADO DELILAT 150G,0.15,UND,MIXTO QUESOS,RALLADOS,QUESOS ANALOGOS,regular,DELILAT,MAQUILA,2025-01
C012,110114,2025-01-31,20,5.0,0.0,0.0,0.0,0.0,0.0,0.0,28.0,31.0,7.0,7.75,17.0,4.25,False,4.25,0.23333333333333334,7.0,18.214285714285715,2025-01-01,Delimarket Gourmet,Tiendas Especializadas,Centro,Bogotá y Sabana,Bogotá,Especialidad,GOUDA NATURAL CUÑA LOMA DORADA 250G,0.25,UND,GOUDA NATURAL,CUÑAS,QUESOS MADURADOS,regular,LOMA DORADA,IMPORTADO,2025-01
C006,130101,2025-01-31,242,36.3,0.0,0.0,0.0,22.0,3.3,115410.0,527.0,578.0,79.05,86.7,191.0,28.64999999999999,False,28.64999999999999,2.815,84.45,10.17761989342806,2025-01-01,PuntoMenos Caribe,Hard Discount,Caribe,Costa Norte,Cartagena,Discounter,CHEDDAR ESTILO AMERICANO DELILAT 150G,0.15,UND,CHEDDAR ANALOGO,LONCHAS,QUESOS ANALOGOS,regular,DELILAT,MAQUILA,2025-01
C017,110112,2025-01-31,7,0.7,0.0,0.0,0.0,2.0,0.2,14370.0,16.0,18.0,1.6,1.8,5.0,0.4999999999999998,False,0.4999999999999998,0.060000000000000005,1.8,8.333333333333329,2025-01-01,RapiExpress,E-commerce,Centro,Bogotá y Sabana,Bogotá,Quick Commerce,PARMESANO RALLADO ORO LECHE 100G,0.1,UND,TIPO PARMESANO,RALLADOS,QUESO PARMESANO,regular,ORO LECHE,MAQUILA,2025-01
C006,130103,2025-01-31,124,35.712,0.0,0.0,0.0,5.0,1.44,38300.0,312.0,314.0,89.856,90.432,122.0,35.135999999999996,False,35.135999999999996,2.9376,88.128,11.960784313725489,2025-01-01,PuntoMenos Caribe,Hard Discount,Caribe,Costa Norte,Cartagena,Discounter,LONCHAS AMERICANAS DELILAT 288G,0.288,UND,CHEDDAR ANALOGO,LONCHITAS,QUESOS ANALOGOS,regular,DELILAT,MAQUILA,2025-01
C001,120103,2025-01-31,113,22.6,0.0,0.0,0.0,9.0,1.8,89680.0,173.0,225.0,34.6,45.0,61.0,12.200000000000003,False,12.200000000000003,1.4466666666666665,43.4,8.433179723502306,2025-01-01,HiperMax Nacional,Grandes Superficies,Centro,Bogotá y Sabana,Bogotá,Hipermercado,QUESO CREMA CAMPOCLARO 200G,0.2,UND,CREMAS,UNTABLES,QUESOS FRESCOS,regular,CAMPOCLARO,NACIONAL,2025-01
C017,130101,2025-01-31,6,0.9,0.0,0.0,0.0,1.0,0.15,5970.0,19.0,21.0,2.85,3.15,4.0,0.6000000000000001,False,0.6000000000000001,0.105,3.15,5.714285714285715,2025-01-01,RapiExpress,E-commerce,Centro,Bogotá y Sabana,Bogotá,Quick Commerce,CHEDDAR ESTILO AMERICANO DELILAT 150G,0.15,UND,CHEDDAR ANALOGO,LONCHAS,QUESOS ANALOGOS,regular,DELILAT,MAQUILA,2025-01
C006,300102,2025-01-31,97,22.31,0.0,0.0,0.0,7.0,1.61,61440.0,134.0,185.0,30.82,40.019999999999996,46.0,13.11,False,13.11,1.2726666666666664,38.17999999999999,10.30120481927711,2025-01-01,PuntoMenos Caribe,Hard Discount,Caribe,Costa Norte,Cartagena,Discounter,JAMON DE PAVO FINAS LONCHAS SIERRA CARNES 230G,0.23,UND,JAMON PAVO,LONCHAS,CARNES FRIAS,regular,SIERRA CARNES,NACIONAL,2025-01
C006,300101,2025-01-31,100,23.0,56.0,12.88,365300.0,6.0,1.38,49390.0,204.0,212.0,46.92,46.46,92.0,23.46,False,23.46,1.4643333333333333,43.93,16.020942408376964,2025-01-01,PuntoMenos Caribe,Hard Discount,Caribe,Costa Norte,Cartagena,Discounter,JAMON DE CERDO FINAS LONCHAS SIERRA CARNES 230G,0.23,UND,JAMON CERDO,LONCHAS,CARNES FRIAS,regular,SIERRA CARNES,NACIONAL,2025-01
C018,110113,2025-01-31,114,28.5,0.0,0.0,0.0,8.0,2.0,114060.0,202.0,244.0,50.5,61.0,72.0,18.0,False,18.0,1.975,59.25,9.11392405063291,2025-01-01,Cadena Uno,Hard Discount,Occidente,Valle del Cauca,Cali,Discounter,PARMESANO RALLADO ORO LECHE 250G,0.25,UND,TIPO PARMESANO,RALLADOS,QUESO PARMESANO,regular,ORO LECHE,MAQUILA,2025-01
C005,120101,2025-01-31,240,60.0,0.0,0.0,0.0,15.0,3.75,136070.0,415.0,485.0,107.0,120.91,170.0,46.09,False,46.09,3.9219999999999997,117.66,11.751657317695056,2025-01-01,PrecioListo,Hard Discount,Antioquia,Valle de Aburrá,Medellín,Discounter,MOZZARELLA TAJADA CAMPOCLARO 250G,0.25,UND,MOZZARELLA,QUESOS TAJADOS,QUESOS FRESCOS,regular,CAMPOCLARO,NACIONAL,2025-01
C012,110115,2025-01-31,18,4.5,0.0,0.0,0.0,0.0,0.0,0.0,21.0,28.0,5.25,6.5,11.0,3.25,False,3.25,0.21666666666666667,6.5,15.0,2025-01-01,Delimarket Gourmet,Tiendas Especializadas,Centro,Bogotá y Sabana,Bogotá,Especialidad,FETA CUBOS CASA SIERRA 250G,0.25,UND,FETA,ESPECIALES,QUESOS MADURADOS,regular,CASA SIERRA,IMPORTADO,2025-01
C003,300101,2025-01-31,69,15.87,0.0,0.0,0.0,7.0,1.61,61810.0,171.0,200.0,39.33,40.94,40.0,14.259999999999998,False,14.259999999999998,1.3339999999999999,40.019999999999996,10.689655172413794,2025-01-01,MaxiCompra Caribe,Grandes Superficies,Caribe,Costa Norte,Barranquilla,Supermercado,JAMON DE CERDO FINAS LONCHAS SIERRA CARNES 230G,0.23,UND,JAMON CERDO,LONCHAS,CARNES FRIAS,regular,SIERRA CARNES,NACIONAL,2025-01
C005,130104,2025-01-31,185,27.75,0.0,0.0,0.0,19.0,2.85,105630.0,439.0,508.0,65.85,76.2,116.0,17.39999999999999,False,17.39999999999999,2.45,73.5,7.102040816326527,2025-01-01,PrecioListo,Hard Discount,Antioquia,Valle de Aburrá,Medellín,Discounter,PIZZA MIX RALLADO DELILAT 150G,0.15,UND,MIXTO QUESOS,RALLADOS,QUESOS ANALOGOS,regular,DELILAT,MAQUILA,2025-01
C005,130103,2025-02-28,213,61.344,0.0,0.0,0.0,30.0,8.64,221090.0,850.0,933.0,244.8,268.704,130.0,37.44,False,37.44,4.6464,139.392,8.057851239669422,2025-02-01,PrecioListo,Hard Discount,Antioquia,Valle de Aburrá,Medellín,Discounter,LONCHAS AMERICANAS DELILAT 288G,0.288,UND,CHEDDAR ANALOGO,LONCHITAS,QUESOS ANALOGOS,regular,DELILAT,MAQUILA,2025-02
C002,120104,2025-02-28,82,16.4,0.0,0.0,0.0,6.0,1.104,48210.0,321.0,317.0,64.2,62.504,86.0,18.095999999999997,False,18.095999999999997,1.1101333333333334,33.304,16.300744655296658,2025-02-01,SuperAhorro,Grandes Superficies,Antioquia,Valle de Aburrá,Medellín,Supermercado,MOZZARELLA LIGHT CAMPOCLARO 200G,0.2,UND,MOZZARELLA,QUESOS TAJADOS,QUESOS FRESCOS,regular,CAMPOCLARO,NACIONAL,2025-02
C005,120101,2025-02-28,240,60.0,142.0,35.5,1030440.0,16.0,4.0,145180.0,871.0,899.0,221.0,224.41,212.0,56.59,False,56.59,3.6416666666666666,109.25,15.5395881006865,2025-02-01,PrecioListo,Hard Discount,Antioquia,Valle de Aburrá,Medellín,Discounter,MOZZARELLA TAJADA CAMPOCLARO 250G,0.25,UND,MOZZARELLA,QUESOS TAJADOS,QUESOS FRESCOS,regular,CAMPOCLARO,NACIONAL,2025-02
C002,130101,2025-02-28,104,15.6,0.0,0.0,0.0,9.0,1.35,52190.0,435.0,447.0,65.25,65.85,92.0,15.0,False,15.0,1.105,33.15,13.574660633484163,2025-02-01,SuperAhorro,Grandes Superficies,Antioquia,Valle de Aburrá,Medellín,Supermercado,CHEDDAR ESTILO AMERICANO DELILAT 150G,0.15,UND,CHEDDAR ANALOGO,LONCHAS,QUESOS ANALOGOS,regular,DELILAT,MAQUILA,2025-02
C005,120104,2025-02-28,145,29.0,79.0,15.8,470310.0,11.0,2.2,80320.0,616.0,623.0,123.2,116.8,138.0,35.39999999999999,False,35.39999999999999,2.0733333333333333,62.199999999999996,17.073954983922825,2025-02-01,PrecioListo,Hard Discount,Antioquia,Valle de Aburrá,Medellín,Discounter,MOZZARELLA LIGHT CAMPOCLARO 200G,0.2,UND,MOZZARELLA,QUESOS TAJADOS,QUESOS FRESCOS,regular,CAMPOCLARO,NACIONAL,2025-02
C014,300102,2025-02-28,61,14.03,0.0,0.0,0.0,5.0,1.15,47870.0,294.0,282.0,67.62,63.747,73.0,17.903000000000006,False,17.903000000000006,0.9902333333333334,29.707,18.07957720402599,2025-02-01,Plaza Hogar,Grandes Superficies,Occidente,Valle del Cauca,Cali,Hipermercado,JAMON DE PAVO FINAS LONCHAS SIERRA CARNES 230G,0.23,UND,JAMON PAVO,LONCHAS,CARNES FRIAS,regular,SIERRA CARNES,NACIONAL,2025-02
C014,900103,2025-02-28,71,5.68,0.0,0.0,0.0,6.0,0.48,65320.0,249.0,254.0,19.919999999999998,20.32,66.0,5.279999999999998,False,5.279999999999998,0.3626666666666667,10.88,14.558823529411757,2025-02-01,Plaza Hogar,Grandes Superficies,Occidente,Valle del Cauca,Cali,Hipermercado,JAMON SERRANO TAJADO CASA IBERIA 80G,0.08,UND,JAMON SERRANO,CHARCUTERIA,CARNES MADURADAS,regular,CASA IBERIA,IMPORTADO,2025-02
C018,300101,2025-02-28,111,25.53,0.0,0.0,0.0,3.0,0.69,24030.0,546.0,553.0,125.58,127.19,104.0,23.920000000000016,False,23.920000000000016,2.2079999999999997,66.24,10.833333333333341,2025-02-01,Cadena Uno,Hard Discount,Occidente,Valle del Cauca,Cali,Discounter,JAMON DE CERDO FINAS LONCHAS SIERRA CARNES 230G,0.23,UND,JAMON CERDO,LONCHAS,CARNES FRIAS,regular,SIERRA CARNES,NACIONAL,2025-02
C018,900102,2025-02-28,93,7.44,0.0,0.0,0.0,4.0,0.32,35300.0,350.0,370.0,28.0,29.6,73.0,5.839999999999996,False,5.839999999999996,0.4693333333333333,14.08,12.443181818181811,2025-02-01,Cadena Uno,Hard Discount,Occidente,Valle del Cauca,Cali,Discounter,PEPPERONI TAJADO CASA IBERIA 80G,0.08,UND,PEPPERONI,CHARCUTERIA,CARNES MADURADAS,regular,CASA IBERIA,IMPORTADO,2025-02
C014,900101,2025-02-28,67,0.0,0.0,0.0,0.0,7.0,0.56,69980.0,245.0,240.0,19.6,18.96,72.0,0.6400000000000006,False,0.6400000000000006,0.32000000000000006,9.600000000000001,2.0000000000000013,2025-02-01,Plaza Hogar,Grandes Superficies,Occidente,Valle del Cauca,Cali,Hipermercado,SALAMI TAJADO CASA IBERIA 80G,0.08,UND,SALAMI,CHARCUTERIA,CARNES MADURADAS,regular,CASA IBERIA,IMPORTADO,2025-02
C015,110112,2025-02-28,32,3.2,0.0,0.0,0.0,2.0,0.2,13500.0,108.0,124.0,10.8,12.2,16.0,1.8000000000000007,False,1.8000000000000007,0.22666666666666666,6.8,7.941176470588239,2025-02-01,Abarrotes Norte,Tradicional Modernizado,Caribe,Costa Norte,Barranquilla,Supermercado Regional,PARMESANO RALLADO ORO LECHE 100G,0.1,UND,TIPO PARMESANO,RALLADOS,QUESO PARMESANO,regular,ORO LECHE,MAQUILA,2025-02
C002,130103,2025-02-28,124,35.712,0.0,0.0,0.0,9.0,2.592,73420.0,432.0,458.0,124.416,128.206,98.0,31.921999999999997,False,31.921999999999997,2.1999333333333335,65.998,14.510439710294248,2025-02-01,SuperAhorro,Grandes Superficies,Antioquia,Valle de Aburrá,Medellín,Supermercado,LONCHAS AMERICANAS DELILAT 288G,0.288,UND,CHEDDAR ANALOGO,LONCHITAS,QUESOS ANALOGOS,regular,DELILAT,MAQUILA,2025-02
C001,110102,2025-02-28,87,13.05,0.0,0.0,0.0,7.0,1.05,100250.0,356.0,343.0,53.4,49.95,100.0,16.5,False,16.5,0.825,24.75,20.0,2025-02-01,HiperMax Nacional,Grandes Superficies,Centro,Bogotá y Sabana,Bogotá,Hipermercado,HOLANDES TAJADO LOMA DORADA 150G,0.15,UND,HOLANDES,QUESOS TAJADOS PREMIUM,QUESOS MADURADOS,regular,LOMA DORADA,IMPORTADO,2025-02
C014,900104,2025-02-28,74,5.92,0.0,0.0,0.0,4.0,0.32,37960.0,240.0,259.0,19.2,20.413,55.0,4.706999999999997,False,4.706999999999997,0.3524333333333333,10.573,13.35571739336044,2025-02-01,Plaza Hogar,Grandes Superficies,Occidente,Valle del Cauca,Cali,Hipermercado,CHORIZO TAJADO CASA IBERIA 80G,0.08,UND,CHORIZO,CHARCUTERIA,CARNES MADURADAS,regular,CASA IBERIA,IMPORTADO,2025-02
C005,120103,2025-02-28,132,26.4,0.0,0.0,0.0,12.0,2.4,108140.0,567.0,593.0,113.4,115.8,106.0,24.000000000000014,False,24.000000000000014,1.9866666666666666,59.599999999999994,12.080536912751686,2025-02-01,PrecioListo,Hard Discount,Antioquia,Valle de Aburrá,Medellín,Discounter,QUESO CREMA CAMPOCLARO 200G,0.2,UND,CREMAS,UNTABLES,QUESOS FRESCOS,regular,CAMPOCLARO,NACIONAL,2025-02
C018,300102,2025-02-28,96,22.08,0.0,0.0,0.0,7.0,1.61,60830.0,446.0,458.0,102.58,105.34,84.0,19.319999999999993,False,19.319999999999993,1.725,51.75,11.199999999999996,2025-02-01,Cadena Uno,Hard Discount,Occidente,Valle del Cauca,Cali,Discounter,JAMON DE PAVO FINAS LONCHAS SIERRA CARNES 230G,0.23,UND,JAMON PAVO,LONCHAS,CARNES FRIAS,regular,SIERRA CARNES,NACIONAL,2025-02
C005,130101,2025-02-28,356,53.4,298.0,44.7,1210800.0,38.0,5.7,194450.0,1772.0,1735.0,265.8,260.25,393.0,58.94999999999999,False,58.94999999999999,4.444999999999999,133.35,13.26209223847019,2025-02-01,PrecioListo,Hard Discount,Antioquia,Valle de Aburrá,Medellín,Discounter,CHEDDAR ESTILO AMERICANO DELILAT 150G,0.15,UND,CHEDDAR ANALOGO,LONCHAS,QUESOS ANALOGOS,regular,DELILAT,MAQUILA,2025-02
C014,900102,2025-02-28,76,6.08,0.0,0.0,0.0,4.0,0.32,38610.0,237.0,255.0,15.2,20.419,58.0,0.8610000000000007,False,0.8610000000000007,0.3473,10.419,2.4791246760725616,2025-02-01,Plaza Hogar,Grandes Superficies,Occidente,Valle del Cauca,Cali,Hipermercado,PEPPERONI TAJADO CASA IBERIA 80G,0.08,UND,PEPPERONI,CHARCUTERIA,CARNES MADURADAS,regular,CASA IBERIA,IMPORTADO,2025-02
C012,110102,2025-02-28,21,3.15,0.0,0.0,0.0,0.0,0.0,0.0,65.0,66.0,6.75,9.6,20.0,0.3000000000000007,False,0.3000000000000007,0.15,4.5,2.000000000000005,2025-02-01,Delimarket Gourmet,Tiendas Especializadas,Centro,Bogotá y Sabana,Bogotá,Especialidad,HOLANDES TAJADO LOMA DORADA 150G,0.15,UND,HOLANDES,QUESOS TAJADOS PREMIUM,QUESOS MADURADOS,regular,LOMA DORADA,IMPORTADO,2025-02
C015,900102,2025-02-28,12,0.96,0.0,0.0,0.0,0.0,0.0,0.0,47.0,53.0,3.7600000000000002,4.24,6.0,0.4800000000000004,False,0.4800000000000004,0.06133333333333333,1.8399999999999999,7.826086956521746,2025-02-01,Abarrotes Norte,Tradicional Modernizado,Caribe,Costa Norte,Barranquilla,Supermercado Regional,PEPPERONI TAJADO CASA IBERIA 80G,0.08,UND,PEPPERONI,CHARCUTERIA,CARNES MADURADAS,regular,CASA IBERIA,IMPORTADO,2025-02
C016,130101,2025-02-28,125,18.75,0.0,0.0,0.0,6.0,0.9,35020.0,411.0,416.0,61.650000000000006,62.4,120.0,18.000000000000007,False,18.000000000000007,1.16,34.8,15.517241379310352,2025-02-01,Canasta Familiar,Grandes Superficies,Santanderes,Bucaramanga Metropolitana,Bucaramanga,Supermercado,CHEDDAR ESTILO AMERICANO DELILAT 150G,0.15,UND,CHEDDAR ANALOGO,LONCHAS,QUESOS ANALOGOS,regular,DELILAT,MAQUILA,2025-02
C002,110112,2025-02-28,158,15.8,0.0,0.0,0.0,9.0,0.9,61020.0,405.0,491.0,40.5,48.4,72.0,7.899999999999999,False,7.899999999999999,0.8566666666666667,25.7,9.22178988326848,2025-02-01,SuperAhorro,Grandes Superficies,Antioquia,Valle de Aburrá,Medellín,Supermercado,PARMESANO RALLADO ORO LECHE 100G,0.1,UND,TIPO PARMESANO,RALLADOS,QUESO PARMESANO,regular,ORO LECHE,MAQUILA,2025-02
C006,130103,2025-02-28,124,35.712,105.0,30.24,628880.0,11.0,3.168,82020.0,654.0,629.0,188.352,177.696,149.0,46.36800000000002,False,46.36800000000002,3.0336,91.008,15.284810126582286,2025-02-01,PuntoMenos Caribe,Hard Discount,Caribe,Costa Norte,Cartagena,Discounter,LONCHAS AMERICANAS DELILAT 288G,0.288,UND,CHEDDAR ANALOGO,LONCHITAS,QUESOS ANALOGOS,regular,DELILAT,MAQUILA,2025-02
C003,900101,2025-02-28,53,4.24,0.0,0.0,0.0,5.0,0.4,51630.0,214.0,207.0,17.12,16.56,60.0,4.800000000000001,False,4.800000000000001,0.33066666666666666,9.92,14.516129032258068,2025-02-01,MaxiCompra Caribe,Grandes Superficies,Caribe,Costa Norte,Barranquilla,Supermercado,SALAMI TAJADO CASA IBERIA 80G,0.08,UND,SALAMI,CHARCUTERIA,CARNES MADURADAS,regular,CASA IBERIA,IMPORTADO,2025-02
C016,110101,2025-02-28,52,7.8,0.0,0.0,0.0,1.0,0.15,14920.0,171.0,171.0,25.65,25.638,52.0,7.811999999999994,False,7.811999999999994,0.48500000000000004,14.55,16.107216494845346,2025-02-01,Canasta Familiar,Grandes Superficies,Santanderes,Bucaramanga Metropolitana,Bucaramanga,Supermercado,GOUDA AHUMADO TAJADO LOMA DORADA 150G,0.15,UND,GOUDA AHUMADO,QUESOS TAJADOS PREMIUM,QUESOS MADURADOS,regular,LOMA DORADA,IMPORTADO,2025-02
C006,130104,2025-02-28,112,16.8,0.0,0.0,0.0,12.0,1.8,65700.0,555.0,558.0,83.25,82.35,109.0,17.700000000000003,False,17.700000000000003,1.435,43.050000000000004,12.334494773519165,2025-02-01,PuntoMenos Caribe,Hard Discount,Caribe,Costa Norte,Cartagena,Discounter,PIZZA MIX RALLADO DELILAT 150G,0.15,UND,MIXTO QUESOS,RALLADOS,QUESOS ANALOGOS,regular,DELILAT,MAQUILA,2025-02
C012,190101,2025-02-28,7,2.8,0.0,0.0,0.0,0.0,0.0,0.0,0.0,0.0,0.0,0.0,7.0,2.8,False,2.8,0.0,0.0,,2025-02-01,Delimarket Gourmet,Tiendas Especializadas,Centro,Bogotá y Sabana,Bogotá,Especialidad,TABLA APERITIVO NAVIDEÑA MONTE AZUL 400G,0.4,UND,MIXTO QUESOS,TEMPORADA,QUESOS MADURADOS,temporada,MONTE AZUL,IMPORTADO,2025-02
C001,900102,2025-02-28,121,9.68,0.0,0.0,0.0,7.0,0.56,69060.0,309.0,378.0,24.72,29.52,52.0,4.879999999999999,False,4.879999999999999,0.5013333333333334,15.040000000000001,9.734042553191486,2025-02-01,HiperMax Nacional,Grandes Superficies,Centro,Bogotá y Sabana,Bogotá,Hipermercado,PEPPERONI TAJADO CASA IBERIA 80G,0.08,UND,PEPPERONI,CHARCUTERIA,CARNES MADURADAS,regular,CASA IBERIA,IMPORTADO,2025-02
C004,130101,2025-02-28,424,63.6,351.0,52.65,1447260.0,47.0,7.05,249500.0,2101.0,2038.0,310.62,301.95,487.0,72.27000000000004,False,72.27000000000004,5.125,153.75,14.101463414634154,2025-02-01,Descuento Ya,Hard Discount,Centro,Bogotá y Sabana,Bogotá,Discounter,CHEDDAR ESTILO AMERICANO DELILAT 150G,0.15,UND,CHEDDAR ANALOGO,LONCHAS,QUESOS ANALOGOS,regular,DELILAT,MAQUILA,2025-02
C017,900103,2025-02-28,3,0.24,2.0,0.16,16500.0,0.0,0.0,0.0,30.0,29.0,2.16,2.3200000000000003,4.0,0.08000000000000007,False,0.08000000000000007,0.048,1.44,1.666666666666668,2025-02-01,RapiExpress,E-commerce,Centro,Bogotá y Sabana,Bogotá,Quick Commerce,JAMON SERRANO TAJADO CASA IBERIA 80G,0.08,UND,JAMON SERRANO,CHARCUTERIA,CARNES MADURADAS,regular,CASA IBERIA,IMPORTADO,2025-02
C016,110102,2025-02-28,56,8.4,0.0,0.0,0.0,1.0,0.15,14820.0,133.0,162.0,19.95,23.55,27.0,4.800000000000001,False,4.800000000000001,0.385,11.55,12.46753246753247,2025-02-01,Canasta Familiar,Grandes Superficies,Santanderes,Bucaramanga Metropolitana,Bucaramanga,Supermercado,HOLANDES TAJADO LOMA DORADA 150G,0.15,UND,HOLANDES,QUESOS TAJADOS PREMIUM,QUESOS MADURADOS,regular,LOMA DORADA,IMPORTADO,2025-02
C014,110114,2025-02-28,74,18.5,0.0,0.0,0.0,8.0,2.0,192370.0,452.0,482.0,113.0,114.0,44.0,17.5,False,17.5,1.0333333333333334,31.0,16.93548387096774,2025-02-01,Plaza Hogar,Grandes Superficies,Occidente,Valle del Cauca,Cali,Hipermercado,GOUDA NATURAL CUÑA LOMA DORADA 250G,0.25,UND,GOUDA NATURAL,CUÑAS,QUESOS MADURADOS,regular,LOMA DORADA,IMPORTADO,2025-02
C001,120104,2025-02-28,143,28.6,0.0,0.0,0.0,10.0,2.0,81000.0,373.0,403.0,74.6,80.6,113.0,22.599999999999994,False,22.599999999999994,1.3266666666666669,39.800000000000004,17.035175879396977,2025-02-01,HiperMax Nacional,Grandes Superficies,Centro,Bogotá y Sabana,Bogotá,Hipermercado,MOZZARELLA LIGHT CAMPOCLARO 200G,0.2,UND,MOZZARELLA,QUESOS TAJADOS,QUESOS FRESCOS,regular,CAMPOCLARO,NACIONAL,2025-02
C017,120101,2025-02-28,6,1.5,0.0,0.0,0.0,1.0,0.25,10760.0,33.0,33.0,8.25,8.27,6.0,1.4800000000000004,False,1.4800000000000004,0.15066666666666664,4.52,9.823008849557526,2025-02-01,RapiExpress,E-commerce,Centro,Bogotá y Sabana,Bogotá,Quick Commerce,MOZZARELLA TAJADA CAMPOCLARO 250G,0.25,UND,MOZZARELLA,QUESOS TAJADOS,QUESOS FRESCOS,regular,CAMPOCLARO,NACIONAL,2025-02
C013,900101,2025-02-28,19,1.52,0.0,0.0,0.0,1.0,0.08,11220.0,33.0,43.0,2.64,3.44,9.0,0.7200000000000002,False,0.7200000000000002,0.050666666666666665,1.52,14.210526315789478,2025-02-01,La Mesa Premium,Tiendas Especializadas,Occidente,,Cali,Especialidad,SALAMI TAJADO CASA IBERIA 80G,0.08,UND,SALAMI,CHARCUTERIA,CARNES MADURADAS,regular,CASA IBERIA,IMPORTADO,2025-02
C014,110113,2025-02-28,68,17.0,0.0,0.0,0.0,4.0,1.0,63740.0,195.0,230.0,48.75,56.25,33.0,9.5,False,9.5,0.975,29.25,9.743589743589745,2025-02-01,Plaza Hogar,Grandes Superficies,Occidente,Valle del Cauca,Cali,Hipermercado,PARMESANO RALLADO ORO LECHE 250G,0.25,UND,TIPO PARMESANO,RALLADOS,QUESO PARMESANO,regular,ORO LECHE,MAQUILA,2025-02
C001,110112,2025-02-28,239,23.9,0.0,0.0,0.0,12.0,1.2,83390.0,632.0,699.0,63.2,70.004,172.0,17.09599999999999,False,17.09599999999999,1.1466666666666667,34.4,14.909302325581386,2025-02-01,HiperMax Nacional,Grandes Superficies,Centro,Bogotá y Sabana,Bogotá,Hipermercado,PARMESANO RALLADO ORO LECHE 100G,0.1,UND,TIPO PARMESANO,RALLADOS,QUESO PARMESANO,regular,ORO LECHE,MAQUILA,2025-02
C006,300101,2025-02-28,100,23.0,67.0,15.41,443310.0,4.0,0.92,32260.0,393.0,402.0,90.39,88.55,91.0,24.840000000000003,False,24.840000000000003,1.4796666666666667,44.39,16.78756476683938,2025-02-01,PuntoMenos Caribe,Hard Discount,Caribe,Costa Norte,Cartagena,Discounter,JAMON DE CERDO FINAS LONCHAS SIERRA CARNES 230G,0.23,UND,JAMON CERDO,LONCHAS,CARNES FRIAS,regular,SIERRA CARNES,NACIONAL,2025-02
C012,110115,2025-02-28,18,4.5,0.0,0.0,0.0,1.0,0.25,27060.0,48.0,59.0,9.65,14.25,7.0,-0.09999999999999964,True,0.0,0.26666666666666666,8.0,0.0,2025-02-01,Delimarket Gourmet,Tiendas Especializadas,Centro,Bogotá y Sabana,Bogotá,Especialidad,FETA CUBOS CASA SIERRA 250G,0.25,UND,FETA,ESPECIALES,QUESOS MADURADOS,regular,CASA SIERRA,IMPORTADO,2025-02
C003,110113,2025-02-28,58,14.5,0.0,0.0,0.0,8.0,2.0,126960.0,250.0,269.0,62.5,65.5,39.0,11.5,False,11.5,1.05,31.5,10.952380952380953,2025-02-01,MaxiCompra Caribe,Grandes Superficies,Caribe,Costa Norte,Barranquilla,Supermercado,PARMESANO RALLADO ORO LECHE 250G,0.25,UND,TIPO PARMESANO,RALLADOS,QUESO PARMESANO,regular,ORO LECHE,MAQUILA,2025-02
C017,120103,2025-02-28,6,1.2,3.0,0.6,23600.0,1.0,0.2,10710.0,30.0,31.0,6.0,6.016,5.0,1.1840000000000002,False,1.1840000000000002,0.08000000000000002,2.4000000000000004,14.799999999999999,2025-02-01,RapiExpress,E-commerce,Centro,Bogotá y Sabana,Bogotá,Quick Commerce,QUESO CREMA CAMPOCLARO 200G,0.2,UND,CREMAS,UNTABLES,QUESOS FRESCOS,regular,CAMPOCLARO,NACIONAL,2025-02
C014,110112,2025-02-28,98,9.8,0.0,0.0,0.0,7.0,0.7,49260.0,455.0,435.0,45.5,42.160000000000004,118.0,13.139999999999993,False,13.139999999999993,0.6790666666666667,20.372,19.350088356567827,2025-02-01,Plaza Hogar,Grandes Superficies,Occidente,Valle del Cauca,Cali,Hipermercado,PARMESANO RALLADO ORO LECHE 100G,0.1,UND,TIPO PARMESANO,RALLADOS,QUESO PARMESANO,regular,ORO LECHE,MAQUILA,2025-02
C002,110110,2025-02-28,31,11.16,0.0,0.0,0.0,2.0,0.72,66570.0,100.0,101.0,36.0,36.0,30.0,11.159999999999997,False,11.159999999999997,0.624,18.72,17.88461538461538,2025-02-01,SuperAhorro,Grandes Superficies,Antioquia,Valle de Aburrá,Medellín,Supermercado,MIX QUESOS PREMIUM MONTE AZUL 360G,0.36,UND,MIXTO QUESOS,MEZCLAS PREMIUM,QUESOS MADURADOS,regular,MONTE AZUL,IMPORTADO,2025-02
C006,300102,2025-02-28,97,22.31,0.0,0.0,0.0,6.0,1.38,51340.0,331.0,365.0,76.13,81.42,63.0,17.019999999999996,False,17.019999999999996,1.4643333333333333,43.93,11.623036649214658,2025-02-01,PuntoMenos Caribe,Hard Discount,Caribe,Costa Norte,Cartagena,Discounter,JAMON DE PAVO FINAS LONCHAS SIERRA CARNES 230G,0.23,UND,JAMON PAVO,LONCHAS,CARNES FRIAS,regular,SIERRA CARNES,NACIONAL,2025-02
C016,120104,2025-02-28,81,16.2,0.0,0.0,0.0,8.0,1.6,62960.0,217.0,256.0,30.6,51.2,42.0,-4.400000000000006,True,0.0,0.9266666666666666,27.8,0.0,2025-02-01,Canasta Familiar,Grandes Superficies,Santanderes,Bucaramanga Metropolitana,Bucaramanga,Supermercado,MOZZARELLA LIGHT CAMPOCLARO 200G,0.2,UND,MOZZARELLA,QUESOS TAJADOS,QUESOS FRESCOS,regular,CAMPOCLARO,NACIONAL,2025-02
C002,900103,2025-02-28,58,4.64,0.0,0.0,0.0,3.0,0.24,33250.0,238.0,263.0,19.04,21.027,33.0,2.6529999999999987,False,2.6529999999999987,0.3595666666666667,10.787,7.378325762491884,2025-02-01,SuperAhorro,Grandes Superficies,Antioquia,Valle de Aburrá,Medellín,Supermercado,JAMON SERRANO TAJADO CASA IBERIA 80G,0.08,UND,JAMON SERRANO,CHARCUTERIA,CARNES MADURADAS,regular,CASA IBERIA,IMPORTADO,2025-02
C003,110114,2025-02-28,60,15.0,0.0,0.0,0.0,1.0,0.25,24210.0,214.0,226.0,53.5,53.94,48.0,14.560000000000002,False,14.560000000000002,0.8416666666666667,25.25,17.2990099009901,2025-02-01,MaxiCompra Caribe,Grandes Superficies,Caribe,Costa Norte,Barranquilla,Supermercado,GOUDA NATURAL CUÑA LOMA DORADA 250G,0.25,UND,GOUDA NATURAL,CUÑAS,QUESOS MADURADOS,regular,LOMA DORADA,IMPORTADO,2025-02
C013,190103,2025-02-28,5,3.0,0.0,0.0,0.0,0.0,0.0,0.0,0.0,0.0,0.0,0.0,5.0,3.0,False,3.0,0.0,0.0,,2025-02-01,La Mesa Premium,Tiendas Especializadas,Occidente,,Cali,Especialidad,RACLETTE CELEBRACION LOMA DORADA 600G,0.6,UND,MIXTO QUESOS,TEMPORADA,QUESOS MADURADOS,temporada,LOMA DORADA,IMPORTADO,2025-02
C001,110110,2025-02-28,45,16.2,0.0,0.0,0.0,1.0,0.36,33090.0,189.0,205.0,68.03999999999999,65.722,29.0,18.518,False,18.518,0.9960000000000001,29.880000000000003,18.592369477911646,2025-02-01,HiperMax Nacional,Grandes Superficies,Centro,Bogotá y Sabana,Bogotá,Hipermercado,MIX QUESOS PREMIUM MONTE AZUL 360G,0.36,UND,MIXTO QUESOS,MEZCLAS PREMIUM,QUESOS MADURADOS,regular,MONTE AZUL,IMPORTADO,2025-02
C015,900101,2025-02-28,15,1.2,0.0,0.0,0.0,1.0,0.08,9580.0,51.0,53.0,4.08,4.24,13.0,1.04,False,1.04,0.06666666666666667,2.0,15.600000000000001,2025-02-01,Abarrotes Norte,Tradicional Modernizado,Caribe,Costa Norte,Barranquilla,Supermercado Regional,SALAMI TAJADO CASA IBERIA 80G,0.08,UND,SALAMI,CHARCUTERIA,CARNES MADURADAS,regular,CASA IBERIA,IMPORTADO,2025-02
C017,110112,2025-02-28,7,0.7,0.0,0.0,0.0,0.0,0.0,0.0,34.0,34.0,3.4,3.4000000000000004,7.0,0.6999999999999993,False,0.6999999999999993,0.060000000000000005,1.8,11.666666666666654,2025-02-01,RapiExpress,E-commerce,Centro,Bogotá y Sabana,Bogotá,Quick Commerce,PARMESANO RALLADO ORO LECHE 100G,0.1,UND,TIPO PARMESANO,RALLADOS,QUESO PARMESANO,regular,ORO LECHE,MAQUILA,2025-02
C002,900101,2025-02-28,77,6.16,0.0,0.0,0.0,4.0,0.32,40260.0,241.0,286.0,19.28,22.64,32.0,2.8000000000000007,False,2.8000000000000007,0.3333333333333333,10.0,8.400000000000002,2025-02-01,SuperAhorro,Grandes Superficies,Antioquia,Valle de Aburrá,Medellín,Supermercado,SALAMI TAJADO CASA IBERIA 80G,0.08,UND,SALAMI,CHARCUTERIA,CARNES MADURADAS,regular,CASA IBERIA,IMPORTADO,2025-02
C016,190101,2025-02-28,16,6.4,0.0,0.0,0.0,0.0,0.0,0.0,0.0,0.0,0.0,0.0,16.0,6.4,False,6.4,0.0,0.0,,2025-02-01,Canasta Familiar,Grandes Superficies,Santanderes,Bucaramanga Metropolitana,Bucaramanga,Supermercado,TABLA APERITIVO NAVIDEÑA MONTE AZUL 400G,0.4,UND,MIXTO QUESOS,TEMPORADA,QUESOS MADURADOS,temporada,MONTE AZUL,IMPORTADO,2025-02
C014,120101,2025-02-28,115,28.75,0.0,0.0,0.0,15.0,4.05,151720.0,440.0,503.0,110.0,123.05,52.0,15.700000000000003,False,15.700000000000003,2.2016666666666667,66.05,7.13096139288418,2025-02-01,Plaza Hogar,Grandes Superficies,Occidente,Valle del Cauca,Cali,Hipermercado,MOZZARELLA TAJADA CAMPOCLARO 250G,0.25,UND,MOZZARELLA,QUESOS TAJADOS,QUESOS FRESCOS,regular,CAMPOCLARO,NACIONAL,2025-02
C001,110107,2025-02-28,61,7.625,0.0,0.0,0.0,6.0,0.75,79010.0,280.0,285.0,35.0,34.125,56.0,8.5,False,8.5,0.6083333333333333,18.25,13.972602739726028,2025-02-01,HiperMax Nacional,Grandes Superficies,Centro,Bogotá y Sabana,Bogotá,Hipermercado,CAMEMBERT CUÑA MONTE AZUL 125G,0.125,UND,CAMEMBERT,QUESOS BLANDOS,QUESOS MADURADOS,regular,MONTE AZUL,IMPORTADO,2025-02
C006,120104,2025-02-28,92,18.4,0.0,0.0,0.0,3.0,0.6,22010.0,439.0,446.0,87.8,87.2,85.0,18.999999999999986,False,18.999999999999986,1.3933333333333335,41.800000000000004,13.636363636363624,2025-02-01,PuntoMenos Caribe,Hard Discount,Caribe,Costa Norte,Cartagena,Discounter,MOZZARELLA LIGHT CAMPOCLARO 200G,0.2,UND,MOZZARELLA,QUESOS TAJADOS,QUESOS FRESCOS,regular,CAMPOCLARO,NACIONAL,2025-02
C012,900101,2025-02-28,24,1.92,0.0,0.0,0.0,0.0,0.0,0.0,72.0,81.0,5.76,6.16,15.0,1.5199999999999996,False,1.5199999999999996,0.11200000000000002,3.3600000000000003,13.571428571428566,2025-02-01,Delimarket Gourmet,Tiendas Especializadas,Centro,Bogotá y Sabana,Bogotá,Especialidad,SALAMI TAJADO CASA IBERIA 80G,0.08,UND,SALAMI,CHARCUTERIA,CARNES MADURADAS,regular,CASA IBERIA,IMPORTADO,2025-02
C001,130101,2025-02-28,202,30.3,0.0,0.0,0.0,20.0,3.0,114840.0,513.0,626.0,76.95,93.756,89.0,13.494,False,13.494,1.6851999999999998,50.556,8.007358177070971,2025-02-01,HiperMax Nacional,Grandes Superficies,Centro,Bogotá y Sabana,Bogotá,Hipermercado,CHEDDAR ESTILO AMERICANO DELILAT 150G,0.15,UND,CHEDDAR ANALOGO,LONCHAS,QUESOS ANALOGOS,regular,DELILAT,MAQUILA,2025-02
C013,190101,2025-02-28,4,1.6,0.0,0.0,0.0,0.0,0.0,0.0,0.0,2.0,0.0,0.8,2.0,0.8,False,0.8,0.013333333333333334,0.4,60.0,2025-02-01,La Mesa Premium,Tiendas Especializadas,Occidente,,Cali,Especialidad,TABLA APERITIVO NAVIDEÑA MONTE AZUL 400G,0.4,UND,MIXTO QUESOS,TEMPORADA,QUESOS MADURADOS,temporada,MONTE AZUL,IMPORTADO,2025-02
C002,110113,2025-02-28,61,15.25,0.0,0.0,0.0,7.0,1.75,108340.0,265.0,275.0,66.25,68.75,51.0,12.75,False,12.75,1.2416666666666667,37.25,10.268456375838927,2025-02-01,SuperAhorro,Grandes Superficies,Antioquia,Valle de Aburrá,Medellín,Supermercado,PARMESANO RALLADO ORO LECHE 250G,0.25,UND,TIPO PARMESANO,RALLADOS,QUESO PARMESANO,regular,ORO LECHE,MAQUILA,2025-02
C001,900101,2025-02-28,80,6.4,0.0,0.0,0.0,6.0,0.48,60820.0,348.0,368.0,27.84,28.720000000000002,60.0,5.52,False,5.52,0.4906666666666667,14.72,11.249999999999998,2025-02-01,HiperMax Nacional,Grandes Superficies,Centro,Bogotá y Sabana,Bogotá,Hipermercado,SALAMI TAJADO CASA IBERIA 80G,0.08,UND,SALAMI,CHARCUTERIA,CARNES MADURADAS,regular,CASA IBERIA,IMPORTADO,2025-02
C004,130104,2025-02-28,245,36.75,0.0,0.0,0.0,14.0,2.1,74740.0,784.0,894.0,117.60000000000001,133.932,135.0,20.418000000000035,False,20.418000000000035,2.36,70.8,8.651694915254252,2025-02-01,Descuento Ya,Hard Discount,Centro,Bogotá y Sabana,Bogotá,Discounter,PIZZA MIX RALLADO DELILAT 150G,0.15,UND,MIXTO QUESOS,RALLADOS,QUESOS ANALOGOS,regular,DELILAT,MAQUILA,2025-02
C003,110115,2025-02-28,50,12.5,0.0,0.0,0.0,5.0,1.25,128230.0,195.0,210.0,48.75,52.5,35.0,8.75,False,8.75,0.9666666666666667,29.0,9.051724137931034,2025-02-01,MaxiCompra Caribe,Grandes Superficies,Caribe,Costa Norte,Barranquilla,Supermercado,FETA CUBOS CASA SIERRA 250G,0.25,UND,FETA,ESPECIALES,QUESOS MADURADOS,regular,CASA SIERRA,IMPORTADO,2025-02
C018,110113,2025-02-28,114,28.5,0.0,0.0,0.0,5.0,1.25,72750.0,406.0,453.0,101.5,112.0,67.0,18.0,False,18.0,1.8583333333333334,55.75,9.68609865470852,2025-02-01,Cadena Uno,Hard Discount,Occidente,Valle del Cauca,Cali,Discounter,PARMESANO RALLADO ORO LECHE 250G,0.25,UND,TIPO PARMESANO,RALLADOS,QUESO PARMESANO,regular,ORO LECHE,MAQUILA,2025-02
C006,130101,2025-02-28,242,36.3,0.0,0.0,0.0,18.0,0.0,92490.0,1029.0,1132.0,154.35,167.1,139.0,23.549999999999983,False,23.549999999999983,2.8899999999999997,86.69999999999999,8.148788927335636,2025-02-01,PuntoMenos Caribe,Hard Discount,Caribe,Costa Norte,Cartagena,Discounter,CHEDDAR ESTILO AMERICANO DELILAT 150G,0.15,UND,CHEDDAR ANALOGO,LONCHAS,QUESOS ANALOGOS,regular,DELILAT,MAQUILA,2025-02
C003,300102,2025-02-28,79,18.17,0.0,0.0,0.0,6.0,1.38,56610.0,255.0,274.0,58.65,62.1,60.0,14.719999999999992,False,14.719999999999992,1.0963333333333334,32.89,13.426573426573418,2025-02-01,MaxiCompra Caribe,Grandes Superficies,Caribe,Costa Norte,Barranquilla,Supermercado,JAMON DE PAVO FINAS LONCHAS SIERRA CARNES 230G,0.23,UND,JAMON PAVO,LONCHAS,CARNES FRIAS,regular,SIERRA CARNES,NACIONAL,2025-02
C012,190103,2025-02-28,5,3.0,0.0,0.0,0.0,0.0,0.0,0.0,0.0,0.0,0.0,0.0,5.0,3.0,False,3.0,0.0,0.0,,2025-02-01,Delimarket Gourmet,Tiendas Especializadas,Centro,Bogotá y Sabana,Bogotá,Especialidad,RACLETTE CELEBRACION LOMA DORADA 600G,0.6,UND,MIXTO QUESOS,TEMPORADA,QUESOS MADURADOS,temporada,LOMA DORADA,IMPORTADO,2025-02
C013,190102,2025-02-28,4,2.0,0.0,0.0,0.0,0.0,0.0,0.0,0.0,2.0,0.0,1.0,2.0,1.0,False,1.0,0.016666666666666666,0.5,60.0,2025-02-01,La Mesa Premium,Tiendas Especializadas,Occidente,,Cali,Especialidad,DUO FESTIVO QUESOS Y CARNES 500G,0.5,UND,MIXTO QUESOS-CARNES,TEMPORADA,QUESOS MADURADOS,temporada,MONTE AZUL,MAQUILA,2025-02
C004,130103,2025-02-28,336,96.768,0.0,0.0,0.0,15.0,4.32,114470.0,1121.0,1287.0,322.848,365.472,170.0,54.144000000000005,False,54.144000000000005,6.3552,190.656,8.51963746223565,2025-02-01,Descuento Ya,Hard Discount,Centro,Bogotá y Sabana,Bogotá,Discounter,LONCHAS AMERICANAS DELILAT 288G,0.288,UND,CHEDDAR ANALOGO,LONCHITAS,QUESOS ANALOGOS,regular,DELILAT,MAQUILA,2025-02
C018,110112,2025-02-28,136,13.6,0.0,0.0,0.0,11.0,1.1,67280.0,630.0,644.0,63.0,62.0,122.0,14.599999999999994,False,14.599999999999994,1.1866666666666668,35.6,12.303370786516847,2025-02-01,Cadena Uno,Hard Discount,Occidente,Valle del Cauca,Cali,Discounter,PARMESANO RALLADO ORO LECHE 100G,0.1,UND,TIPO PARMESANO,RALLADOS,QUESO PARMESANO,regular,ORO LECHE,MAQUILA,2025-02
C002,900102,2025-02-28,86,6.88,0.0,0.0,0.0,10.0,0.8,100510.0,544.0,574.0,43.52,45.172,56.0,5.228000000000009,False,5.228000000000009,0.4426666666666667,13.280000000000001,11.81024096385544,2025-02-01,SuperAhorro,Grandes Superficies,Antioquia,Valle de Aburrá,Medellín,Supermercado,PEPPERONI TAJADO CASA IBERIA 80G,0.08,UND,PEPPERONI,CHARCUTERIA,CARNES MADURADAS,regular,CASA IBERIA,IMPORTADO,2025-02
C016,130103,2025-02-28,88,25.344,0.0,0.0,0.0,3.0,0.864,24810.0,249.0,281.0,71.71199999999999,80.859,56.0,16.19699999999999,False,16.19699999999999,1.3536,40.608,11.965868794326234,2025-02-01,Canasta Familiar,Grandes Superficies,Santanderes,Bucaramanga Metropolitana,Bucaramanga,Supermercado,LONCHAS AMERICANAS DELILAT 288G,0.288,UND,CHEDDAR ANALOGO,LONCHITAS,QUESOS ANALOGOS,regular,DELILAT,MAQUILA,2025-02
C017,110113,2025-02-28,3,0.75,0.0,0.0,0.0,0.0,0.0,0.0,31.0,31.0,7.75,7.75,3.0,0.75,False,0.75,0.1,3.0,7.5,2025-02-01,RapiExpress,E-commerce,Centro,Bogotá y Sabana,Bogotá,Quick Commerce,PARMESANO RALLADO ORO LECHE 250G,0.25,UND,TIPO PARMESANO,RALLADOS,QUESO PARMESANO,regular,ORO LECHE,MAQUILA,2025-02
C012,190102,2025-02-28,7,3.5,0.0,0.0,0.0,0.0,0.0,0.0,0.0,0.0,0.0,0.0,7.0,3.5,False,3.5,0.0,0.0,,2025-02-01,Delimarket Gourmet,Tiendas Especializadas,Centro,Bogotá y Sabana,Bogotá,Especialidad,DUO FESTIVO QUESOS Y CARNES 500G,0.5,UND,MIXTO QUESOS-CARNES,TEMPORADA,QUESOS MADURADOS,temporada,MONTE AZUL,MAQUILA,2025-02
C014,110115,2025-02-28,41,10.25,0.0,0.0,0.0,1.0,0.25,25470.0,158.0,164.0,39.5,41.14,35.0,8.61,False,8.61,0.7116666666666667,21.35,12.098360655737704,2025-02-01,Plaza Hogar,Grandes Superficies,Occidente,Valle del Cauca,Cali,Hipermercado,FETA CUBOS CASA SIERRA 250G,0.25,UND,FETA,ESPECIALES,QUESOS MADURADOS,regular,CASA SIERRA,IMPORTADO,2025-02
C003,900102,2025-02-28,85,6.8,0.0,0.0,0.0,6.0,0.48,60330.0,214.0,265.0,17.12,20.56,34.0,3.360000000000003,False,3.360000000000003,0.37333333333333335,11.200000000000001,9.000000000000007,2025-02-01,MaxiCompra Caribe,Grandes Superficies,Caribe,Costa Norte,Barranquilla,Supermercado,PEPPERONI TAJADO CASA IBERIA 80G,0.08,UND,PEPPERONI,CHARCUTERIA,CARNES MADURADAS,regular,CASA IBERIA,IMPORTADO,2025-02
C003,300101,2025-02-28,69,15.87,0.0,0.0,0.0,6.0,1.38,54010.0,348.0,354.0,80.04,76.36,63.0,19.55000000000001,False,19.55000000000001,1.2650000000000001,37.95,15.454545454545462,2025-02-01,MaxiCompra Caribe,Grandes Superficies,Caribe,Costa Norte,Barranquilla,Supermercado,JAMON DE CERDO FINAS LONCHAS SIERRA CARNES 230G,0.23,UND,JAMON CERDO,LONCHAS,CARNES FRIAS,regular,SIERRA CARNES,NACIONAL,2025-02
C004,120104,2025-02-28,177,35.4,0.0,0.0,0.0,14.0,2.8,101620.0,674.0,757.0,134.8,149.6,94.0,20.600000000000023,False,20.600000000000023,2.6199999999999997,78.6,7.862595419847338,2025-02-01,Descuento Ya,Hard Discount,Centro,Bogotá y Sabana,Bogotá,Discounter,MOZZARELLA LIGHT CAMPOCLARO 200G,0.2,UND,MOZZARELLA,QUESOS TAJADOS,QUESOS FRESCOS,regular,CAMPOCLARO,NACIONAL,2025-02
C016,110103,2025-02-28,45,6.75,0.0,0.0,0.0,3.0,0.45,43920.0,175.0,176.0,26.25,25.89,44.0,7.109999999999999,False,7.109999999999999,0.455,13.65,15.626373626373624,2025-02-01,Canasta Familiar,Grandes Superficies,Santanderes,Bucaramanga Metropolitana,Bucaramanga,Supermercado,MUENSTER TAJADO LOMA DORADA 150G,0.15,UND,MUENSTER,QUESOS TAJADOS PREMIUM,QUESOS MADURADOS,regular,LOMA DORADA,IMPORTADO,2025-02
C003,110102,2025-02-28,54,8.1,0.0,0.0,0.0,5.0,0.75,72680.0,193.0,205.0,28.95,30.546,42.0,6.503999999999998,False,6.503999999999998,0.5432,16.296,11.97349042709867,2025-02-01,MaxiCompra Caribe,Grandes Superficies,Caribe,Costa Norte,Barranquilla,Supermercado,HOLANDES TAJADO LOMA DORADA 150G,0.15,UND,HOLANDES,QUESOS TAJADOS PREMIUM,QUESOS MADURADOS,regular,LOMA DORADA,IMPORTADO,2025-02
C001,120101,2025-02-28,269,67.25,0.0,0.0,0.0,13.0,3.25,130510.0,747.0,831.0,186.75,201.75,185.0,52.25,False,52.25,3.2916666666666665,98.75,15.873417721518988,2025-02-01,HiperMax Nacional,Grandes Superficies,Centro,Bogotá y Sabana,Bogotá,Hipermercado,MOZZARELLA TAJADA CAMPOCLARO 250G,0.25,UND,MOZZARELLA,QUESOS TAJADOS,QUESOS FRESCOS,regular,CAMPOCLARO,NACIONAL,2025-02
C017,190101,2025-02-28,1,0.4,0.0,0.0,0.0,0.0,0.0,0.0,0.0,1.0,0.0,0.4,0.0,0.0,False,0.0,0.0,0.0,,2025-02-01,RapiExpress,E-commerce,Centro,Bogotá y Sabana,Bogotá,Quick Commerce,TABLA APERITIVO NAVIDEÑA MONTE AZUL 400G,0.4,UND,MIXTO QUESOS,TEMPORADA,QUESOS MADURADOS,temporada,MONTE AZUL,IMPORTADO,2025-02
C014,110101,2025-02-28,70,10.5,0.0,0.0,0.0,2.0,0.3,28630.0,225.0,265.0,33.75,39.15,30.0,5.100000000000001,False,5.100000000000001,0.6650000000000001,19.950000000000003,7.669172932330827,2025-02-01,Plaza Hogar,Grandes Superficies,Occidente,Valle del Cauca,Cali,Hipermercado,GOUDA AHUMADO TAJADO LOMA DORADA 150G,0.15,UND,GOUDA AHUMADO,QUESOS TAJADOS PREMIUM,QUESOS MADURADOS,regular,LOMA DORADA,IMPORTADO,2025-02
C014,110105,2025-02-28,60,9.0,0.0,0.0,0.0,5.0,0.75,74090.0,203.0,215.0,30.450000000000003,31.650000000000002,48.0,7.800000000000001,False,7.800000000000001,0.5399999999999999,16.2,14.444444444444448,2025-02-01,Plaza Hogar,Grandes Superficies,Occidente,Valle del Cauca,Cali,Hipermercado,PROVOLONE TAJADO LOMA DORADA 150G,0.15,UND,PROVOLONE,QUESOS TAJADOS PREMIUM,QUESOS MADURADOS,regular,LOMA DORADA,IMPORTADO,2025-02
C002,110102,2025-02-28,77,11.55,0.0,0.0,0.0,4.0,0.6,59680.0,192.0,232.0,28.8,34.05,37.0,6.300000000000004,False,6.300000000000004,0.63,18.9,10.000000000000007,2025-02-01,SuperAhorro,Grandes Superficies,Antioquia,Valle de Aburrá,Medellín,Supermercado,HOLANDES TAJADO LOMA DORADA 150G,0.15,UND,HOLANDES,QUESOS TAJADOS PREMIUM,QUESOS MADURADOS,regular,LOMA DORADA,IMPORTADO,2025-02
C001,110114,2025-02-28,96,24.0,0.0,0.0,0.0,9.0,2.25,221730.0,288.0,307.0,72.0,76.75,77.0,19.25,False,19.25,1.3166666666666667,39.5,14.620253164556962,2025-02-01,HiperMax Nacional,Grandes Superficies,Centro,Bogotá y Sabana,Bogotá,Hipermercado,GOUDA NATURAL CUÑA LOMA DORADA 250G,0.25,UND,GOUDA NATURAL,CUÑAS,QUESOS MADURADOS,regular,LOMA DORADA,IMPORTADO,2025-02
C003,900104,2025-02-28,92,7.36,0.0,0.0,0.0,13.0,1.04,122860.0,248.0,308.0,19.84,24.0,32.0,3.1999999999999993,False,3.1999999999999993,0.432,12.959999999999999,7.407407407407406,2025-02-01,MaxiCompra Caribe,Grandes Superficies,Caribe,Costa Norte,Barranquilla,Supermercado,CHORIZO TAJADO CASA IBERIA 80G,0.08,UND,CHORIZO,CHARCUTERIA,CARNES MADURADAS,regular,CASA IBERIA,IMPORTADO,2025-02
C012,110105,2025-02-28,18,2.7,0.0,0.0,0.0,0.0,0.0,0.0,45.0,49.0,6.75,7.05,14.0,2.3999999999999995,False,2.3999999999999995,0.1,3.0,23.999999999999993,2025-02-01,Delimarket Gourmet,Tiendas Especializadas,Centro,Bogotá y Sabana,Bogotá,Especialidad,PROVOLONE TAJADO LOMA DORADA 150G,0.15,UND,PROVOLONE,QUESOS TAJADOS PREMIUM,QUESOS MADURADOS,regular,LOMA DORADA,IMPORTADO,2025-02
C001,110103,2025-02-28,102,15.3,0.0,0.0,0.0,5.0,0.75,71540.0,326.0,349.0,48.9,52.35,79.0,11.850000000000001,False,11.850000000000001,0.84,25.2,14.10714285714286,2025-02-01,HiperMax Nacional,Grandes Superficies,Centro,Bogotá y Sabana,Bogotá,Hipermercado,MUENSTER TAJADO LOMA DORADA 150G,0.15,UND,MUENSTER,QUESOS TAJADOS PREMIUM,QUESOS MADURADOS,regular,LOMA DORADA,IMPORTADO,2025-02
C016,110113,2025-02-28,46,11.5,0.0,0.0,0.0,2.0,0.5,31150.0,185.0,189.0,36.0,46.0,42.0,1.5,False,1.5,0.8166666666666667,24.5,1.836734693877551,2025-02-01,Canasta Familiar,Grandes Superficies,Santanderes,Bucaramanga Metropolitana,Bucaramanga,Supermercado,PARMESANO RALLADO ORO LECHE 250G,0.25,UND,TIPO PARMESANO,RALLADOS,QUESO PARMESANO,regular,ORO LECHE,MAQUILA,2025-02
C012,110108,2025-02-28,16,2.4,0.0,0.0,0.0,0.0,0.0,0.0,52.0,59.0,7.8,8.85,9.0,1.3499999999999996,False,1.3499999999999996,0.175,5.25,7.714285714285713,2025-02-01,Delimarket Gourmet,Tiendas Especializadas,Centro,Bogotá y Sabana,Bogotá,Especialidad,MANCHEGO CUÑA MONTE AZUL 150G,0.15,UND,MANCHEGO,CUÑAS PREMIUM,QUESOS MADURADOS,regular,MONTE AZUL,IMPORTADO,2025-02
C014,110102,2025-02-28,74,11.1,0.0,0.0,0.0,3.0,0.45,44790.0,174.0,215.0,26.1,31.95,33.0,5.2500000000000036,False,5.2500000000000036,0.575,17.25,9.130434782608702,2025-02-01,Plaza Hogar,Grandes Superficies,Occidente,Valle del Cauca,Cali,Hipermercado,HOLANDES TAJADO LOMA DORADA 150G,0.15,UND,HOLANDES,QUESOS TAJADOS PREMIUM,QUESOS MADURADOS,regular,LOMA DORADA,IMPORTADO,2025-02
C017,300101,2025-02-28,6,1.38,4.0,0.92,28300.0,2.0,0.46,18700.0,37.0,37.0,8.51,8.51,6.0,1.3800000000000008,False,1.3800000000000008,0.15333333333333335,4.6000000000000005,9.000000000000004,2025-02-01,RapiExpress,E-commerce,Centro,Bogotá y Sabana,Bogotá,Quick Commerce,JAMON DE CERDO FINAS LONCHAS SIERRA CARNES 230G,0.23,UND,JAMON CERDO,LONCHAS,CARNES FRIAS,regular,SIERRA CARNES,NACIONAL,2025-02
C003,110103,2025-02-28,72,10.8,0.0,0.0,0.0,6.0,0.9,88680.0,224.0,261.0,33.6,39.198,35.0,5.202000000000005,False,5.202000000000005,0.637,19.11,8.166405023547888,2025-02-01,MaxiCompra Caribe,Grandes Superficies,Caribe,Costa Norte,Barranquilla,Supermercado,MUENSTER TAJADO LOMA DORADA 150G,0.15,UND,MUENSTER,QUESOS TAJADOS PREMIUM,QUESOS MADURADOS,regular,LOMA DORADA,IMPORTADO,2025-02
C003,110110,2025-02-28,39,14.04,0.0,0.0,0.0,4.0,1.44,133780.0,111.0,128.0,39.96,46.022,22.0,7.9780000000000015,False,7.9780000000000015,0.864,25.919999999999998,9.233796296296298,2025-02-01,MaxiCompra Caribe,Grandes Superficies,Caribe,Costa Norte,Barranquilla,Supermercado,MIX QUESOS PREMIUM MONTE AZUL 360G,0.36,UND,MIXTO QUESOS,MEZCLAS PREMIUM,QUESOS MADURADOS,regular,MONTE AZUL,IMPORTADO,2025-02
C016,110114,2025-02-28,55,13.75,0.0,0.0,0.0,4.0,1.0,96700.0,214.0,214.0,53.5,52.75,55.0,14.5,False,14.5,0.8333333333333334,25.0,17.4,2025-02-01,Canasta Familiar,Grandes Superficies,Santanderes,Bucaramanga Metropolitana,Bucaramanga,Supermercado,GOUDA NATURAL CUÑA LOMA DORADA 250G,0.25,UND,GOUDA NATURAL,CUÑAS,QUESOS MADURADOS,regular,LOMA DORADA,IMPORTADO,2025-02
C016,110115,2025-02-28,46,11.5,0.0,0.0,0.0,5.0,1.25,125940.0,120.0,151.0,30.0,37.67,15.0,3.8299999999999983,False,3.8299999999999983,0.5583333333333333,16.75,6.85970149253731,2025-02-01,Canasta Familiar,Grandes Superficies,Santanderes,Bucaramanga Metropolitana,Bucaramanga,Supermercado,FETA CUBOS CASA SIERRA 250G,0.25,UND,FETA,ESPECIALES,QUESOS MADURADOS,regular,CASA SIERRA,IMPORTADO,2025-02
C014,110104,2025-02-28,57,8.55,0.0,0.0,0.0,6.0,0.9,88180.0,240.0,241.0,36.0,34.5,56.0,10.049999999999997,False,10.049999999999997,0.525,15.75,19.142857142857135,2025-02-01,Plaza Hogar,Grandes Superficies,Occidente,Valle del Cauca,Cali,Hipermercado,COLBY JACK TAJADO LOMA DORADA 150G,0.15,UND,COLBY JACK,QUESOS TAJADOS PREMIUM,QUESOS MADURADOS,regular,LOMA DORADA,IMPORTADO,2025-02
C012,110106,2025-02-28,15,1.875,0.0,0.0,0.0,2.0,0.25,28660.0,45.0,47.0,5.625,5.875,13.0,1.625,False,1.625,0.1125,3.375,14.444444444444445,2025-02-01,Delimarket Gourmet,Tiendas Especializadas,Centro,Bogotá y Sabana,Bogotá,Especialidad,BRIE CUÑA MONTE AZUL 125G,0.125,UND,BRIE,QUESOS BLANDOS,QUESOS MADURADOS,regular,MONTE AZUL,IMPORTADO,2025-02
C017,190102,2025-02-28,2,1.0,0.0,0.0,0.0,0.0,0.0,0.0,0.0,2.0,0.0,1.0,0.0,0.0,False,0.0,0.016666666666666666,0.5,0.0,2025-02-01,RapiExpress,E-commerce,Centro,Bogotá y Sabana,Bogotá,Quick Commerce,DUO FESTIVO QUESOS Y CARNES 500G,0.5,UND,MIXTO QUESOS-CARNES,TEMPORADA,QUESOS MADURADOS,temporada,MONTE AZUL,MAQUILA,2025-02
C004,110112,2025-02-28,222,22.2,0.0,0.0,0.0,13.0,1.3,80050.0,995.0,1025.0,99.5,96.972,192.0,24.72800000000001,False,24.72800000000001,1.7366666666666668,52.1,14.238771593090215,2025-02-01,Descuento Ya,Hard Discount,Centro,Bogotá y Sabana,Bogotá,Discounter,PARMESANO RALLADO ORO LECHE 100G,0.1,UND,TIPO PARMESANO,RALLADOS,QUESO PARMESANO,regular,ORO LECHE,MAQUILA,2025-02
C014,110103,2025-02-28,64,9.6,0.0,0.0,0.0,6.0,0.9,86740.0,232.0,261.0,34.8,38.85,35.0,5.549999999999997,False,5.549999999999997,0.6650000000000001,19.950000000000003,8.34586466165413,2025-02-01,Plaza Hogar,Grandes Superficies,Occidente,Valle del Cauca,Cali,Hipermercado,MUENSTER TAJADO LOMA DORADA 150G,0.15,UND,MUENSTER,QUESOS TAJADOS PREMIUM,QUESOS MADURADOS,regular,LOMA DORADA,IMPORTADO,2025-02
C002,110101,2025-02-28,73,10.95,0.0,0.0,0.0,4.0,0.6,58230.0,206.0,218.0,30.900000000000002,32.7,61.0,9.149999999999999,False,9.149999999999999,0.555,16.650000000000002,16.486486486486484,2025-02-01,SuperAhorro,Grandes Superficies,Antioquia,Valle de Aburrá,Medellín,Supermercado,GOUDA AHUMADO TAJADO LOMA DORADA 150G,0.15,UND,GOUDA AHUMADO,QUESOS TAJADOS PREMIUM,QUESOS MADURADOS,regular,LOMA DORADA,IMPORTADO,2025-02
C001,110115,2025-02-28,84,21.0,0.0,0.0,0.0,8.0,2.0,196700.0,250.0,291.0,62.5,68.5,43.0,15.0,False,15.0,1.2833333333333334,38.5,11.688311688311687,2025-02-01,HiperMax Nacional,Grandes Superficies,Centro,Bogotá y Sabana,Bogotá,Hipermercado,FETA CUBOS CASA SIERRA 250G,0.25,UND,FETA,ESPECIALES,QUESOS MADURADOS,regular,CASA SIERRA,IMPORTADO,2025-02
C004,110113,2025-02-28,145,36.25,0.0,0.0,0.0,10.0,2.5,139650.0,506.0,570.0,126.5,142.5,81.0,20.25,False,20.25,2.283333333333333,68.5,8.868613138686133,2025-02-01,Descuento Ya,Hard Discount,Centro,Bogotá y Sabana,Bogotá,Discounter,PARMESANO RALLADO ORO LECHE 250G,0.25,UND,TIPO PARMESANO,RALLADOS,QUESO PARMESANO,regular,ORO LECHE,MAQUILA,2025-02
C017,300102,2025-02-28,4,0.92,0.0,0.0,0.0,0.0,0.0,0.0,58.0,60.0,11.04,13.8,2.0,-1.8400000000000016,True,0.0,0.092,2.76,0.0,2025-02-01,RapiExpress,E-commerce,Centro,Bogotá y Sabana,Bogotá,Quick Commerce,JAMON DE PAVO FINAS LONCHAS SIERRA CARNES 230G,0.23,UND,JAMON PAVO,LONCHAS,CARNES FRIAS,regular,SIERRA CARNES,NACIONAL,2025-02
C001,900104,2025-02-28,106,8.48,0.0,0.0,0.0,6.0,0.48,54780.0,415.0,412.0,33.2,32.480000000000004,109.0,9.200000000000003,False,9.200000000000003,0.504,15.120000000000001,18.25396825396826,2025-02-01,HiperMax Nacional,Grandes Superficies,Centro,Bogotá y Sabana,Bogotá,Hipermercado,CHORIZO TAJADO CASA IBERIA 80G,0.08,UND,CHORIZO,CHARCUTERIA,CARNES MADURADAS,regular,CASA IBERIA,IMPORTADO,2025-02
C014,110106,2025-02-28,51,6.375,0.0,0.0,0.0,7.0,0.875,93150.0,183.0,201.0,22.875,25.125,33.0,4.125,False,4.125,0.4125,12.375,10.0,2025-02-01,Plaza Hogar,Grandes Superficies,Occidente,Valle del Cauca,Cali,Hipermercado,BRIE CUÑA MONTE AZUL 125G,0.125,UND,BRIE,QUESOS BLANDOS,QUESOS MADURADOS,regular,MONTE AZUL,IMPORTADO,2025-02
C013,900102,2025-02-28,19,1.52,0.0,0.0,0.0,0.0,0.0,0.0,65.0,69.0,5.2,5.5200000000000005,15.0,1.2000000000000002,False,1.2000000000000002,0.07733333333333332,2.32,15.517241379310349,2025-02-01,La Mesa Premium,Tiendas Especializadas,Occidente,,Cali,Especialidad,PEPPERONI TAJADO CASA IBERIA 80G,0.08,UND,PEPPERONI,CHARCUTERIA,CARNES MADURADAS,regular,CASA IBERIA,IMPORTADO,2025-02
C002,900104,2025-02-28,92,7.36,0.0,0.0,0.0,5.0,0.4,45640.0,240.0,258.0,19.2,20.413,74.0,6.1469999999999985,False,6.1469999999999985,0.312,9.36,19.701923076923073,2025-02-01,SuperAhorro,Grandes Superficies,Antioquia,Valle de Aburrá,Medellín,Supermercado,CHORIZO TAJADO CASA IBERIA 80G,0.08,UND,CHORIZO,CHARCUTERIA,CARNES MADURADAS,regular,CASA IBERIA,IMPORTADO,2025-02
C012,110114,2025-02-28,20,5.0,0.0,0.0,0.0,2.0,0.5,54860.0,41.0,46.0,10.25,11.5,15.0,3.75,False,3.75,0.13333333333333333,4.0,28.125,2025-02-01,Delimarket Gourmet,Tiendas Especializadas,Centro,Bogotá y Sabana,Bogotá,Especialidad,GOUDA NATURAL CUÑA LOMA DORADA 250G,0.25,UND,GOUDA NATURAL,CUÑAS,QUESOS MADURADOS,regular,LOMA DORADA,IMPORTADO,2025-02
C001,120103,2025-02-28,113,22.6,0.0,0.0,0.0,5.0,1.0,49450.0,350.0,406.0,70.0,81.2,57.0,11.399999999999991,False,11.399999999999991,1.36,40.800000000000004,8.382352941176464,2025-02-01,HiperMax Nacional,Grandes Superficies,Centro,Bogotá y Sabana,Bogotá,Hipermercado,QUESO CREMA CAMPOCLARO 200G,0.2,UND,CREMAS,UNTABLES,QUESOS FRESCOS,regular,CAMPOCLARO,NACIONAL,2025-02
C017,900101,2025-02-28,4,0.32,0.0,0.0,0.0,0.0,0.0,0.0,33.0,34.0,2.4,2.726,3.0,-0.006000000000000227,True,0.0,0.0402,1.206,0.0,2025-02-01,RapiExpress,E-commerce,Centro,Bogotá y Sabana,Bogotá,Quick Commerce,SALAMI TAJADO CASA IBERIA 80G,0.08,UND,SALAMI,CHARCUTERIA,CARNES MADURADAS,regular,CASA IBERIA,IMPORTADO,2025-02
C001,900103,2025-02-28,112,8.96,0.0,0.0,0.0,8.0,0.64,87040.0,316.0,377.0,19.52,30.16,51.0,-1.6799999999999997,True,0.0,0.49066666666666664,14.719999999999999,0.0,2025-02-01,HiperMax Nacional,Grandes Superficies,Centro,Bogotá y Sabana,Bogotá,Hipermercado,JAMON SERRANO TAJADO CASA IBERIA 80G,0.08,UND,JAMON SERRANO,CHARCUTERIA,CARNES MADURADAS,regular,CASA IBERIA,IMPORTADO,2025-02
C014,110110,2025-02-28,33,11.88,0.0,0.0,0.0,2.0,0.72,66450.0,107.0,110.0,38.519999999999996,37.08,30.0,13.32,False,13.32,0.624,18.72,21.346153846153847,2025-02-01,Plaza Hogar,Grandes Superficies,Occidente,Valle del Cauca,Cali,Hipermercado,MIX QUESOS PREMIUM MONTE AZUL 360G,0.36,UND,MIXTO QUESOS,MEZCLAS PREMIUM,QUESOS MADURADOS,regular,MONTE AZUL,IMPORTADO,2025-02
C006,900102,2025-02-28,75,6.0,38.0,3.04,267790.0,5.0,0.4,44760.0,268.0,278.0,18.16,22.240000000000002,65.0,1.9199999999999982,False,1.9199999999999982,0.37333333333333335,11.200000000000001,5.142857142857138,2025-02-01,PuntoMenos Caribe,Hard Discount,Caribe,Costa Norte,Cartagena,Discounter,PEPPERONI TAJADO CASA IBERIA 80G,0.08,UND,PEPPERONI,CHARCUTERIA,CARNES MADURADAS,regular,CASA IBERIA,IMPORTADO,2025-02
C001,110113,2025-02-28,116,29.0,0.0,0.0,0.0,9.0,2.25,144310.0,344.0,358.0,86.0,87.25,102.0,27.75,False,27.75,1.6666666666666667,50.0,16.65,2025-02-01,HiperMax Nacional,Grandes Superficies,Centro,Bogotá y Sabana,Bogotá,Hipermercado,PARMESANO RALLADO ORO LECHE 250G,0.25,UND,TIPO PARMESANO,RALLADOS,QUESO PARMESANO,regular,ORO LECHE,MAQUILA,2025-02
C013,900103,2025-02-28,18,1.44,0.0,0.0,0.0,1.0,0.08,12090.0,77.0,81.0,6.16,6.48,14.0,1.1199999999999992,False,1.1199999999999992,0.12000000000000001,3.6,9.333333333333327,2025-02-01,La Mesa Premium,Tiendas Especializadas,Occidente,,Cali,Especialidad,JAMON SERRANO TAJADO CASA IBERIA 80G,0.08,UND,JAMON SERRANO,CHARCUTERIA,CARNES MADURADAS,regular,CASA IBERIA,IMPORTADO,2025-02
C013,900104,2025-02-28,21,1.68,0.0,0.0,0.0,0.0,0.0,0.0,52.0,55.0,4.16,4.32,18.0,1.5199999999999996,False,1.5199999999999996,0.07466666666666666,2.2399999999999998,20.357142857142854,2025-02-01,La Mesa Premium,Tiendas Especializadas,Occidente,,Cali,Especialidad,CHORIZO TAJADO CASA IBERIA 80G,0.08,UND,CHORIZO,CHARCUTERIA,CARNES MADURADAS,regular,CASA IBERIA,IMPORTADO,2025-02
C004,120103,2025-02-28,174,34.8,0.0,0.0,0.0,15.0,3.0,137020.0,742.0,823.0,148.4,164.6,93.0,18.599999999999994,False,18.599999999999994,2.8466666666666662,85.39999999999999,6.533957845433254,2025-02-01,Descuento Ya,Hard Discount,Centro,Bogotá y Sabana,Bogotá,Discounter,QUESO CREMA CAMPOCLARO 200G,0.2,UND,CREMAS,UNTABLES,QUESOS FRESCOS,regular,CAMPOCLARO,NACIONAL,2025-02
C016,120103,2025-02-28,73,14.6,0.0,0.0,0.0,2.0,0.4,20240.0,210.0,218.0,42.0,43.6,65.0,13.0,False,13.0,0.7933333333333333,23.8,16.386554621848738,2025-02-01,Canasta Familiar,Grandes Superficies,Santanderes,Bucaramanga Metropolitana,Bucaramanga,Supermercado,QUESO CREMA CAMPOCLARO 200G,0.2,UND,CREMAS,UNTABLES,QUESOS FRESCOS,regular,CAMPOCLARO,NACIONAL,2025-02
C002,110103,2025-02-28,59,8.85,0.0,0.0,0.0,4.0,0.6,57630.0,234.0,235.0,35.1,35.166000000000004,58.0,8.783999999999999,False,8.783999999999999,0.5922000000000001,17.766000000000002,14.832826747720361,2025-02-01,SuperAhorro,Grandes Superficies,Antioquia,Valle de Aburrá,Medellín,Supermercado,MUENSTER TAJADO LOMA DORADA 150G,0.15,UND,MUENSTER,QUESOS TAJADOS PREMIUM,QUESOS MADURADOS,regular,LOMA DORADA,IMPORTADO,2025-02
C016,110110,2025-02-28,24,8.64,0.0,0.0,0.0,3.0,1.08,99190.0,86.0,95.0,30.96,34.2,15.0,5.399999999999999,False,5.399999999999999,0.5399999999999999,16.2,9.999999999999998,2025-02-01,Canasta Familiar,Grandes Superficies,Santanderes,Bucaramanga Metropolitana,Bucaramanga,Supermercado,MIX QUESOS PREMIUM MONTE AZUL 360G,0.36,UND,MIXTO QUESOS,MEZCLAS PREMIUM,QUESOS MADURADOS,regular,MONTE AZUL,IMPORTADO,2025-02
C017,130101,2025-02-28,6,0.9,6.0,0.9,26550.0,2.0,0.3,12010.0,45.0,45.0,6.75,6.75,6.0,0.9000000000000004,False,0.9000000000000004,0.125,3.75,7.200000000000003,2025-02-01,RapiExpress,E-commerce,Centro,Bogotá y Sabana,Bogotá,Quick Commerce,CHEDDAR ESTILO AMERICANO DELILAT 150G,0.15,UND,CHEDDAR ANALOGO,LONCHAS,QUESOS ANALOGOS,regular,DELILAT,MAQUILA,2025-02
C012,110101,2025-02-28,18,2.7,0.0,0.0,0.0,2.0,0.3,32090.0,60.0,61.0,9.0,8.85,17.0,2.8499999999999996,False,2.8499999999999996,0.175,5.25,16.285714285714285,2025-02-01,Delimarket Gourmet,Tiendas Especializadas,Centro,Bogotá y Sabana,Bogotá,Especialidad,GOUDA AHUMADO TAJADO LOMA DORADA 150G,0.15,UND,GOUDA AHUMADO,QUESOS TAJADOS PREMIUM,QUESOS MADURADOS,regular,LOMA DORADA,IMPORTADO,2025-02
C003,110101,2025-02-28,51,7.65,0.0,0.0,0.0,3.0,0.45,44090.0,206.0,226.0,30.9,33.888,31.0,4.661999999999999,False,4.661999999999999,0.535,16.05,8.714018691588782,2025-02-01,MaxiCompra Caribe,Grandes Superficies,Caribe,Costa Norte,Barranquilla,Supermercado,GOUDA AHUMADO TAJADO LOMA DORADA 150G,0.15,UND,GOUDA AHUMADO,QUESOS TAJADOS PREMIUM,QUESOS MADURADOS,regular,LOMA DORADA,IMPORTADO,2025-02
C003,900103,2025-02-28,54,4.32,0.0,0.0,0.0,2.0,0.16,21460.0,202.0,198.0,16.16,15.821,58.0,4.659000000000001,False,4.659000000000001,0.27936666666666665,8.381,16.677007517002746,2025-02-01,MaxiCompra Caribe,Grandes Superficies,Caribe,Costa Norte,Barranquilla,Supermercado,JAMON SERRANO TAJADO CASA IBERIA 80G,0.08,UND,JAMON SERRANO,CHARCUTERIA,CARNES MADURADAS,regular,CASA IBERIA,IMPORTADO,2025-02
C014,110107,2025-02-28,58,7.25,0.0,0.0,0.0,5.0,0.625,64270.0,182.0,190.0,22.75,23.47,50.0,6.530000000000001,False,6.530000000000001,0.399,11.97,16.36591478696742,2025-02-01,Plaza Hogar,Grandes Superficies,Occidente,Valle del Cauca,Cali,Hipermercado,CAMEMBERT CUÑA MONTE AZUL 125G,0.125,UND,CAMEMBERT,QUESOS BLANDOS,QUESOS MADURADOS,regular,MONTE AZUL,IMPORTADO,2025-02
C012,110110,2025-02-28,8,2.88,0.0,0.0,0.0,0.0,0.0,0.0,24.0,23.0,8.64,7.92,9.0,3.5999999999999996,False,3.5999999999999996,0.132,3.96,27.27272727272727,2025-02-01,Delimarket Gourmet,Tiendas Especializadas,Centro,Bogotá y Sabana,Bogotá,Especialidad,MIX QUESOS PREMIUM MONTE AZUL 360G,0.36,UND,MIXTO QUESOS,MEZCLAS PREMIUM,QUESOS MADURADOS,regular,MONTE AZUL,IMPORTADO,2025-02
C003,110112,2025-02-28,120,12.0,0.0,0.0,0.0,9.0,0.9,63580.0,1022.0,1013.0,102.19999999999999,97.9,129.0,16.299999999999983,False,16.299999999999983,0.7400000000000001,22.200000000000003,22.027027027027,2025-02-01,MaxiCompra Caribe,Grandes Superficies,Caribe,Costa Norte,Barranquilla,Supermercado,PARMESANO RALLADO ORO LECHE 100G,0.1,UND,TIPO PARMESANO,RALLADOS,QUESO PARMESANO,regular,ORO LECHE,MAQUILA,2025-02
C004,120101,2025-02-28,269,67.25,0.0,0.0,0.0,25.0,6.25,229890.0,935.0,1064.0,233.75,255.25,140.0,45.75,False,45.75,3.9833333333333334,119.5,11.485355648535565,2025-02-01,Descuento Ya,Hard Discount,Centro,Bogotá y Sabana,Bogotá,Discounter,MOZZARELLA TAJADA CAMPOCLARO 250G,0.25,UND,MOZZARELLA,QUESOS TAJADOS,QUESOS FRESCOS,regular,CAMPOCLARO,NACIONAL,2025-02
C016,110112,2025-02-28,136,13.6,0.0,0.0,0.0,8.0,0.8,56470.0,349.0,404.0,34.9,39.8,81.0,8.700000000000003,False,8.700000000000003,0.6866666666666668,20.6,12.669902912621362,2025-02-01,Canasta Familiar,Grandes Superficies,Santanderes,Bucaramanga Metropolitana,Bucaramanga,Supermercado,PARMESANO RALLADO ORO LECHE 100G,0.1,UND,TIPO PARMESANO,RALLADOS,QUESO PARMESANO,regular,ORO LECHE,MAQUILA,2025-02
C016,120101,2025-02-28,92,0.0,0.0,0.0,0.0,6.0,1.5,60890.0,324.0,328.0,81.0,78.5,88.0,2.5,False,2.5,1.3666666666666667,41.0,1.829268292682927,2025-02-01,Canasta Familiar,Grandes Superficies,Santanderes,Bucaramanga Metropolitana,Bucaramanga,Supermercado,MOZZARELLA TAJADA CAMPOCLARO 250G,0.25,UND,MOZZARELLA,QUESOS TAJADOS,QUESOS FRESCOS,regular,CAMPOCLARO,NACIONAL,2025-02
C012,110109,2025-02-28,14,2.1,0.0,0.0,0.0,0.0,0.0,0.0,70.0,68.0,7.905,10.2,16.0,-0.1949999999999985,True,0.0,0.185,5.55,0.0,2025-02-01,Delimarket Gourmet,Tiendas Especializadas,Centro,Bogotá y Sabana,Bogotá,Especialidad,IBERICO CUÑA MONTE AZUL 150G,0.15,UND,IBERICO,CUÑAS PREMIUM,QUESOS MADURADOS,regular,MONTE AZUL,IMPORTADO,2025-02
C017,900102,2025-02-28,6,0.48,3.0,0.24,22400.0,1.0,0.08,10220.0,26.0,27.0,1.84,2.166,5.0,0.15400000000000036,False,0.15400000000000036,0.0402,1.206,3.8308457711442876,2025-02-01,RapiExpress,E-commerce,Centro,Bogotá y Sabana,Bogotá,Quick Commerce,PEPPERONI TAJADO CASA IBERIA 80G,0.08,UND,PEPPERONI,CHARCUTERIA,CARNES MADURADAS,regular,CASA IBERIA,IMPORTADO,2025-02
C006,120103,2025-02-28,114,22.8,0.0,0.0,0.0,10.0,2.0,91450.0,438.0,482.0,87.6,95.12,70.0,15.279999999999987,False,15.279999999999987,1.584,47.52,9.646464646464638,2025-02-01,PuntoMenos Caribe,Hard Discount,Caribe,Costa Norte,Cartagena,Discounter,QUESO CREMA CAMPOCLARO 200G,0.2,UND,CREMAS,UNTABLES,QUESOS FRESCOS,regular,CAMPOCLARO,NACIONAL,2025-02
C012,110107,2025-02-28,16,2.0,0.0,0.0,0.0,0.0,0.0,0.0,53.0,52.0,6.625,6.5,17.0,2.125,False,2.125,0.11666666666666667,3.5,18.214285714285715,2025-02-01,Delimarket Gourmet,Tiendas Especializadas,Centro,Bogotá y Sabana,Bogotá,Especialidad,CAMEMBERT CUÑA MONTE AZUL 125G,0.125,UND,CAMEMBERT,QUESOS BLANDOS,QUESOS MADURADOS,regular,MONTE AZUL,IMPORTADO,2025-02
C003,120101,2025-02-28,113,28.25,0.0,0.0,0.0,7.0,1.75,72160.0,342.0,380.0,85.5,95.0,75.0,18.75,False,18.75,1.65,49.5,11.363636363636365,2025-02-01,MaxiCompra Caribe,Grandes Superficies,Caribe,Costa Norte,Barranquilla,Supermercado,MOZZARELLA TAJADA CAMPOCLARO 250G,0.25,UND,MOZZARELLA,QUESOS TAJADOS,QUESOS FRESCOS,regular,CAMPOCLARO,NACIONAL,2025-02
C005,110112,2025-02-28,205,20.5,112.0,11.2,548040.0,16.0,1.6,102210.0,842.0,858.0,84.2,84.42,189.0,20.28,False,20.28,1.4033333333333333,42.1,14.451306413301664,2025-02-01,PrecioListo,Hard Discount,Antioquia,Valle de Aburrá,Medellín,Discounter,PARMESANO RALLADO ORO LECHE 100G,0.1,UND,TIPO PARMESANO,RALLADOS,QUESO PARMESANO,regular,ORO LECHE,MAQUILA,2025-02
C015,120103,2025-02-28,22,4.4,0.0,0.0,0.0,2.0,0.4,19480.0,84.0,92.0,16.8,18.400000000000002,14.0,2.8000000000000007,False,2.8000000000000007,0.34,10.200000000000001,8.23529411764706,2025-02-01,Abarrotes Norte,Tradicional Modernizado,Caribe,Costa Norte,Barranquilla,Supermercado Regional,QUESO CREMA CAMPOCLARO 200G,0.2,UND,CREMAS,UNTABLES,QUESOS FRESCOS,regular,CAMPOCLARO,NACIONAL,2025-02
C005,900102,2025-02-28,101,8.08,72.0,5.76,512640.0,8.0,0.64,72840.0,431.0,432.0,34.480000000000004,34.56,100.0,8.0,False,8.0,0.5653333333333334,16.96,14.150943396226415,2025-02-01,PrecioListo,Hard Discount,Antioquia,Valle de Aburrá,Medellín,Discounter,PEPPERONI TAJADO CASA IBERIA 80G,0.08,UND,PEPPERONI,CHARCUTERIA,CARNES MADURADAS,regular,CASA IBERIA,IMPORTADO,2025-02
C016,900103,2025-02-28,66,5.28,0.0,0.0,0.0,4.0,0.32,43310.0,153.0,188.0,8.8,15.040000000000001,31.0,-0.9599999999999991,True,0.0,0.24000000000000002,7.2,0.0,2025-02-01,Canasta Familiar,Grandes Superficies,Santanderes,Bucaramanga Metropolitana,Bucaramanga,Supermercado,JAMON SERRANO TAJADO CASA IBERIA 80G,0.08,UND,JAMON SERRANO,CHARCUTERIA,CARNES MADURADAS,regular,CASA IBERIA,IMPORTADO,2025-02
C013,110101,2025-02-28,19,2.85,0.0,0.0,0.0,2.0,0.3,32620.0,44.0,51.0,6.6,7.5,12.0,1.9499999999999993,False,1.9499999999999993,0.13,3.9000000000000004,14.999999999999995,2025-02-01,La Mesa Premium,Tiendas Especializadas,Occidente,,Cali,Especialidad,GOUDA AHUMADO TAJADO LOMA DORADA 150G,0.15,UND,GOUDA AHUMADO,QUESOS TAJADOS PREMIUM,QUESOS MADURADOS,regular,LOMA DORADA,IMPORTADO,2025-02
C018,130101,2025-02-28,262,39.3,254.0,38.1,1068150.0,27.0,4.05,143180.0,1512.0,1430.0,226.8,214.5,344.0,51.60000000000002,False,51.60000000000002,3.71,111.3,13.908355795148255,2025-02-01,Cadena Uno,Hard Discount,Occidente,Valle del Cauca,Cali,Discounter,CHEDDAR ESTILO AMERICANO DELILAT 150G,0.15,UND,CHEDDAR ANALOGO,LONCHAS,QUESOS ANALOGOS,regular,DELILAT,MAQUILA,2025-02
C002,190103,2025-02-28,22,0.0,0.0,0.0,0.0,0.0,0.0,0.0,0.0,1.0,0.0,0.6,21.0,-0.6,True,0.0,0.0,0.0,,2025-02-01,SuperAhorro,Grandes Superficies,Antioquia,Valle de Aburrá,Medellín,Supermercado,RACLETTE CELEBRACION LOMA DORADA 600G,0.6,UND,MIXTO QUESOS,TEMPORADA,QUESOS MADURADOS,temporada,LOMA DORADA,IMPORTADO,2025-02
C016,300101,2025-02-28,88,20.24,0.0,0.0,0.0,5.0,1.15,44190.0,278.0,290.0,63.94,66.7,76.0,17.47999999999999,False,17.47999999999999,1.165333333333333,34.959999999999994,14.999999999999995,2025-02-01,Canasta Familiar,Grandes Superficies,Santanderes,Bucaramanga Metropolitana,Bucaramanga,Supermercado,JAMON DE CERDO FINAS LONCHAS SIERRA CARNES 230G,0.23,UND,JAMON CERDO,LONCHAS,CARNES FRIAS,regular,SIERRA CARNES,NACIONAL,2025-02
C001,110101,2025-02-28,97,14.55,0.0,0.0,0.0,9.0,1.35,133190.0,280.0,341.0,42.0,51.15,36.0,5.399999999999999,False,5.399999999999999,0.845,25.349999999999998,6.390532544378697,2025-02-01,HiperMax Nacional,Grandes Superficies,Centro,Bogotá y Sabana,Bogotá,Hipermercado,GOUDA AHUMADO TAJADO LOMA DORADA 150G,0.15,UND,GOUDA AHUMADO,QUESOS TAJADOS PREMIUM,QUESOS MADURADOS,regular,LOMA DORADA,IMPORTADO,2025-02
C004,900102,2025-02-28,149,11.92,0.0,0.0,0.0,9.0,0.72,82080.0,460.0,504.0,36.8,38.403,105.0,10.317,False,10.317,0.6534333333333334,19.603,15.7889098607356,2025-02-01,Descuento Ya,Hard Discount,Centro,Bogotá y Sabana,Bogotá,Discounter,PEPPERONI TAJADO CASA IBERIA 80G,0.08,UND,PEPPERONI,CHARCUTERIA,CARNES MADURADAS,regular,CASA IBERIA,IMPORTADO,2025-02
C015,130101,2025-02-28,29,4.35,0.0,0.0,0.0,0.0,0.0,0.0,108.0,111.0,16.2,16.05,26.0,4.4999999999999964,False,4.4999999999999964,0.275,8.25,16.36363636363635,2025-02-01,Abarrotes Norte,Tradicional Modernizado,Caribe,Costa Norte,Barranquilla,Supermercado Regional,CHEDDAR ESTILO AMERICANO DELILAT 150G,0.15,UND,CHEDDAR ANALOGO,LONCHAS,QUESOS ANALOGOS,regular,DELILAT,MAQUILA,2025-02
C018,120101,2025-02-28,174,43.5,0.0,0.0,0.0,12.0,3.0,112040.0,754.0,790.0,188.5,193.5,138.0,38.5,False,38.5,3.4,102.0,11.323529411764707,2025-02-01,Cadena Uno,Hard Discount,Occidente,Valle del Cauca,Cali,Discounter,MOZZARELLA TAJADA CAMPOCLARO 250G,0.25,UND,MOZZARELLA,QUESOS TAJADOS,QUESOS FRESCOS,regular,CAMPOCLARO,NACIONAL,2025-02
C001,300101,2025-02-28,170,39.1,0.0,0.0,0.0,8.0,1.84,73390.0,470.0,521.0,110.101,119.83,119.0,29.370999999999995,False,29.370999999999995,2.001,60.03,14.678160919540229,2025-02-01,HiperMax Nacional,Grandes Superficies,Centro,Bogotá y Sabana,Bogotá,Hipermercado,JAMON DE CERDO FINAS LONCHAS SIERRA CARNES 230G,0.23,UND,JAMON CERDO,LONCHAS,CARNES FRIAS,regular,SIERRA CARNES,NACIONAL,2025-02
C014,190101,2025-02-28,23,9.2,0.0,0.0,0.0,0.0,0.0,0.0,0.0,0.0,0.0,0.0,23.0,9.2,False,9.2,0.0,0.0,,2025-02-01,Plaza Hogar,Grandes Superficies,Occidente,Valle del Cauca,Cali,Hipermercado,TABLA APERITIVO NAVIDEÑA MONTE AZUL 400G,0.4,UND,MIXTO QUESOS,TEMPORADA,QUESOS MADURADOS,temporada,MONTE AZUL,IMPORTADO,2025-02
C001,110105,2025-02-28,88,13.2,0.0,0.0,0.0,7.0,1.05,102240.0,294.0,319.0,44.1,47.754,63.0,9.546,False,9.546,0.8218,24.654,11.61596495497688,2025-02-01,HiperMax Nacional,Grandes Superficies,Centro,Bogotá y Sabana,Bogotá,Hipermercado,PROVOLONE TAJADO LOMA DORADA 150G,0.15,UND,PROVOLONE,QUESOS TAJADOS PREMIUM,QUESOS MADURADOS,regular,LOMA DORADA,IMPORTADO,2025-02
C013,110109,2025-02-28,13,1.95,0.0,0.0,0.0,1.0,0.15,17310.0,58.0,55.0,8.7,7.6499999999999995,16.0,2.999999999999999,False,2.999999999999999,0.14,4.2,21.42857142857142,2025-02-01,La Mesa Premium,Tiendas Especializadas,Occidente,,Cali,Especialidad,IBERICO CUÑA MONTE AZUL 150G,0.15,UND,IBERICO,CUÑAS PREMIUM,QUESOS MADURADOS,regular,MONTE AZUL,IMPORTADO,2025-02
C002,110115,2025-02-28,68,17.0,0.0,0.0,0.0,8.0,2.0,196440.0,208.0,228.0,52.0,54.5,48.0,14.5,False,14.5,0.8083333333333333,24.25,17.938144329896907,2025-02-01,SuperAhorro,Grandes Superficies,Antioquia,Valle de Aburrá,Medellín,Supermercado,FETA CUBOS CASA SIERRA 250G,0.25,UND,FETA,ESPECIALES,QUESOS MADURADOS,regular,CASA SIERRA,IMPORTADO,2025-02
C006,110112,2025-02-28,125,12.5,0.0,0.0,0.0,13.0,1.3,80530.0,602.0,626.0,60.2,62.6,101.0,10.100000000000001,False,10.100000000000001,1.18,35.4,8.559322033898306,2025-02-01,PuntoMenos Caribe,Hard Discount,Caribe,Costa Norte,Cartagena,Discounter,PARMESANO RALLADO ORO LECHE 100G,0.1,UND,TIPO PARMESANO,RALLADOS,QUESO PARMESANO,regular,ORO LECHE,MAQUILA,2025-02
C003,120104,2025-02-28,86,17.2,0.0,0.0,0.0,9.0,1.8,72770.0,252.0,283.0,40.8,56.456,55.0,1.543999999999997,False,1.543999999999997,0.98,29.4,1.5755102040816296,2025-02-01,MaxiCompra Caribe,Grandes Superficies,Caribe,Costa Norte,Barranquilla,Supermercado,MOZZARELLA LIGHT CAMPOCLARO 200G,0.2,UND,MOZZARELLA,QUESOS TAJADOS,QUESOS FRESCOS,regular,CAMPOCLARO,NACIONAL,2025-02
C003,190102,2025-02-28,28,14.0,0.0,0.0,0.0,0.0,0.0,0.0,0.0,0.0,0.0,0.0,28.0,14.0,False,14.0,0.0,0.0,,2025-02-01,MaxiCompra Caribe,Grandes Superficies,Caribe,Costa Norte,Barranquilla,Supermercado,DUO FESTIVO QUESOS Y CARNES 500G,0.5,UND,MIXTO QUESOS-CARNES,TEMPORADA,QUESOS MADURADOS,temporada,MONTE AZUL,MAQUILA,2025-02
C018,120104,2025-02-28,104,20.8,95.0,19.0,549830.0,9.0,1.8,65970.0,510.0,496.0,102.0,93.4,118.0,29.39999999999999,False,29.39999999999999,1.5933333333333333,47.8,18.45188284518828,2025-02-01,Cadena Uno,Hard Discount,Occidente,Valle del Cauca,Cali,Discounter,MOZZARELLA LIGHT CAMPOCLARO 200G,0.2,UND,MOZZARELLA,QUESOS TAJADOS,QUESOS FRESCOS,regular,CAMPOCLARO,NACIONAL,2025-02
C002,300101,2025-02-28,76,17.48,0.0,0.0,0.0,8.0,1.84,73630.0,314.0,317.0,72.22,72.91,73.0,16.790000000000006,False,16.790000000000006,1.3339999999999999,40.019999999999996,12.58620689655173,2025-02-01,SuperAhorro,Grandes Superficies,Antioquia,Valle de Aburrá,Medellín,Supermercado,JAMON DE CERDO FINAS LONCHAS SIERRA CARNES 230G,0.23,UND,JAMON CERDO,LONCHAS,CARNES FRIAS,regular,SIERRA CARNES,NACIONAL,2025-02
C012,900104,2025-02-28,26,2.08,0.0,0.0,0.0,0.0,0.0,0.0,60.0,65.0,4.800000000000001,5.2,21.0,1.6800000000000006,False,1.6800000000000006,0.09600000000000002,2.8800000000000003,17.500000000000004,2025-02-01,Delimarket Gourmet,Tiendas Especializadas,Centro,Bogotá y Sabana,Bogotá,Especialidad,CHORIZO TAJADO CASA IBERIA 80G,0.08,UND,CHORIZO,CHARCUTERIA,CARNES MADURADAS,regular,CASA IBERIA,IMPORTADO,2025-02
C013,110110,2025-02-28,10,3.6,0.0,0.0,0.0,1.0,0.36,36480.0,18.0,23.0,6.48,7.92,5.0,2.16,False,2.16,0.168,5.04,12.857142857142858,2025-02-01,La Mesa Premium,Tiendas Especializadas,Occidente,,Cali,Especialidad,MIX QUESOS PREMIUM MONTE AZUL 360G,0.36,UND,MIXTO QUESOS,MEZCLAS PREMIUM,QUESOS MADURADOS,regular,MONTE AZUL,IMPORTADO,2025-02
C014,130103,2025-02-28,91,26.208,0.0,0.0,0.0,6.0,1.728,48880.0,458.0,433.0,131.904,123.264,116.0,34.848,False,34.848,2.1792000000000002,65.376,15.991189427312772,2025-02-01,Plaza Hogar,Grandes Superficies,Occidente,Valle del Cauca,Cali,Hipermercado,LONCHAS AMERICANAS DELILAT 288G,0.288,UND,CHEDDAR ANALOGO,LONCHITAS,QUESOS ANALOGOS,regular,DELILAT,MAQUILA,2025-02
C013,110108,2025-02-28,15,2.25,0.0,0.0,0.0,1.0,0.15,17180.0,53.0,53.0,7.95,7.962,15.0,2.2379999999999995,False,2.2379999999999995,0.13,3.9,17.21538461538461,2025-02-01,La Mesa Premium,Tiendas Especializadas,Occidente,,Cali,Especialidad,MANCHEGO CUÑA MONTE AZUL 150G,0.15,UND,MANCHEGO,CUÑAS PREMIUM,QUESOS MADURADOS,regular,MONTE AZUL,IMPORTADO,2025-02
C006,110113,2025-02-28,95,23.75,61.0,15.25,686990.0,6.0,1.5,85020.0,350.0,362.0,87.5,89.25,83.0,22.0,False,22.0,1.6,48.0,13.75,2025-02-01,PuntoMenos Caribe,Hard Discount,Caribe,Costa Norte,Cartagena,Discounter,PARMESANO RALLADO ORO LECHE 250G,0.25,UND,TIPO PARMESANO,RALLADOS,QUESO PARMESANO,regular,ORO LECHE,MAQUILA,2025-02
C013,110102,2025-02-28,19,2.85,0.0,0.0,0.0,0.0,0.0,0.0,47.0,54.0,7.05,7.902,12.0,1.9980000000000002,False,1.9980000000000002,0.14880000000000002,4.464,13.42741935483871,2025-02-01,La Mesa Premium,Tiendas Especializadas,Occidente,,Cali,Especialidad,HOLANDES TAJADO LOMA DORADA 150G,0.15,UND,HOLANDES,QUESOS TAJADOS PREMIUM,QUESOS MADURADOS,regular,LOMA DORADA,IMPORTADO,2025-02
C002,120101,2025-02-28,116,29.0,0.0,0.0,0.0,10.0,2.5,101660.0,416.0,462.0,104.0,115.5,70.0,17.5,False,17.5,2.05,61.5,8.536585365853659,2025-02-01,SuperAhorro,Grandes Superficies,Antioquia,Valle de Aburrá,Medellín,Supermercado,MOZZARELLA TAJADA CAMPOCLARO 250G,0.25,UND,MOZZARELLA,QUESOS TAJADOS,QUESOS FRESCOS,regular,CAMPOCLARO,NACIONAL,2025-02
C002,120103,2025-02-28,97,19.4,0.0,0.0,0.0,6.0,1.2,60840.0,330.0,329.0,66.0,64.0,98.0,21.400000000000006,False,21.400000000000006,1.0866666666666667,32.6,19.693251533742338,2025-02-01,SuperAhorro,Grandes Superficies,Antioquia,Valle de Aburrá,Medellín,Supermercado,QUESO CREMA CAMPOCLARO 200G,0.2,UND,CREMAS,UNTABLES,QUESOS FRESCOS,regular,CAMPOCLARO,NACIONAL,2025-02
C005,130104,2025-02-28,185,27.75,0.0,0.0,0.0,26.0,3.9,140750.0,924.0,943.0,138.6,138.75,166.0,27.599999999999994,False,27.599999999999994,2.25,67.5,12.266666666666664,2025-02-01,PrecioListo,Hard Discount,Antioquia,Valle de Aburrá,Medellín,Discounter,PIZZA MIX RALLADO DELILAT 150G,0.15,UND,MIXTO QUESOS,RALLADOS,QUESOS ANALOGOS,regular,DELILAT,MAQUILA,2025-02
C016,900101,2025-02-28,52,4.16,0.0,0.0,0.0,7.0,0.56,70550.0,170.0,199.0,10.24,15.92,23.0,-1.5199999999999996,True,0.0,0.29600000000000004,8.88,0.0,2025-02-01,Canasta Familiar,Grandes Superficies,Santanderes,Bucaramanga Metropolitana,Bucaramanga,Supermercado,SALAMI TAJADO CASA IBERIA 80G,0.08,UND,SALAMI,CHARCUTERIA,CARNES MADURADAS,regular,CASA IBERIA,IMPORTADO,2025-02
C003,130103,2025-02-28,87,25.056,0.0,0.0,0.0,6.0,1.728,49900.0,352.0,387.0,101.376,110.592,52.0,15.840000000000003,False,15.840000000000003,1.9200000000000002,57.6,8.250000000000002,2025-02-01,MaxiCompra Caribe,Grandes Superficies,Caribe,Costa Norte,Barranquilla,Supermercado,LONCHAS AMERICANAS DELILAT 288G,0.288,UND,CHEDDAR ANALOGO,LONCHITAS,QUESOS ANALOGOS,regular,DELILAT,MAQUILA,2025-02
C015,110113,2025-02-28,12,0.0,0.0,0.0,0.0,1.0,0.25,15200.0,62.0,61.0,15.5,15.25,13.0,0.25,False,0.25,0.20833333333333334,6.25,1.2,2025-02-01,Abarrotes Norte,Tradicional Modernizado,Caribe,Costa Norte,Barranquilla,Supermercado Regional,PARMESANO RALLADO ORO LECHE 250G,0.25,UND,TIPO PARMESANO,RALLADOS,QUESO PARMESANO,regular,ORO LECHE,MAQUILA,2025-02
C002,190101,2025-02-28,18,7.2,0.0,0.0,0.0,0.0,0.0,0.0,0.0,2.0,0.0,0.8,16.0,6.4,False,6.4,0.013333333333333334,0.4,480.0,2025-02-01,SuperAhorro,Grandes Superficies,Antioquia,Valle de Aburrá,Medellín,Supermercado,TABLA APERITIVO NAVIDEÑA MONTE AZUL 400G,0.4,UND,MIXTO QUESOS,TEMPORADA,QUESOS MADURADOS,temporada,MONTE AZUL,IMPORTADO,2025-02
C013,110105,2025-02-28,17,2.55,0.0,0.0,0.0,0.0,0.0,0.0,31.0,35.0,4.65,5.25,13.0,1.9500000000000002,False,1.9500000000000002,0.065,1.95,30.0,2025-02-01,La Mesa Premium,Tiendas Especializadas,Occidente,,Cali,Especialidad,PROVOLONE TAJADO LOMA DORADA 150G,0.15,UND,PROVOLONE,QUESOS TAJADOS PREMIUM,QUESOS MADURADOS,regular,LOMA DORADA,IMPORTADO,2025-02
C005,110113,2025-02-28,105,26.25,0.0,0.0,0.0,7.0,1.75,98700.0,440.0,489.0,110.0,118.57,56.0,17.680000000000007,False,17.680000000000007,1.875,56.25,9.429333333333338,2025-02-01,PrecioListo,Hard Discount,Antioquia,Valle de Aburrá,Medellín,Discounter,PARMESANO RALLADO ORO LECHE 250G,0.25,UND,TIPO PARMESANO,RALLADOS,QUESO PARMESANO,regular,ORO LECHE,MAQUILA,2025-02
C013,110106,2025-02-28,10,1.25,0.0,0.0,0.0,1.0,0.125,14640.0,41.0,40.0,5.125,5.0,11.0,1.375,False,1.375,0.0875,2.625,15.714285714285715,2025-02-01,La Mesa Premium,Tiendas Especializadas,Occidente,,Cali,Especialidad,BRIE CUÑA MONTE AZUL 125G,0.125,UND,BRIE,QUESOS BLANDOS,QUESOS MADURADOS,regular,MONTE AZUL,IMPORTADO,2025-02
C014,300101,2025-02-28,90,20.7,0.0,0.0,0.0,8.0,1.84,72650.0,351.0,359.0,80.72999999999999,76.25,82.0,25.179999999999993,False,25.179999999999993,1.2613333333333334,37.84,19.963002114164897,2025-02-01,Plaza Hogar,Grandes Superficies,Occidente,Valle del Cauca,Cali,Hipermercado,JAMON DE CERDO FINAS LONCHAS SIERRA CARNES 230G,0.23,UND,JAMON CERDO,LONCHAS,CARNES FRIAS,regular,SIERRA CARNES,NACIONAL,2025-02
C001,190102,2025-02-28,26,13.0,0.0,0.0,0.0,0.0,0.0,0.0,0.0,1.0,0.0,0.5,25.0,12.5,False,12.5,0.016666666666666666,0.5,750.0,2025-02-01,HiperMax Nacional,Grandes Superficies,Centro,Bogotá y Sabana,Bogotá,Hipermercado,DUO FESTIVO QUESOS Y CARNES 500G,0.5,UND,MIXTO QUESOS-CARNES,TEMPORADA,QUESOS MADURADOS,temporada,MONTE AZUL,MAQUILA,2025-02
C016,300102,2025-02-28,55,12.65,0.0,0.0,0.0,5.0,1.15,46620.0,208.0,217.0,47.84,49.91,46.0,10.580000000000005,False,10.580000000000005,0.7973333333333333,23.92,13.269230769230775,2025-02-01,Canasta Familiar,Grandes Superficies,Santanderes,Bucaramanga Metropolitana,Bucaramanga,Supermercado,JAMON DE PAVO FINAS LONCHAS SIERRA CARNES 230G,0.23,UND,JAMON PAVO,LONCHAS,CARNES FRIAS,regular,SIERRA CARNES,NACIONAL,2025-02
C018,130104,2025-02-28,188,28.2,0.0,0.0,0.0,9.0,1.35,49210.0,701.0,740.0,105.15,108.006,149.0,25.343999999999994,False,25.343999999999994,1.665,49.95,15.221621621621617,2025-02-01,Cadena Uno,Hard Discount,Occidente,Valle del Cauca,Cali,Discounter,PIZZA MIX RALLADO DELILAT 150G,0.15,UND,MIXTO QUESOS,RALLADOS,QUESOS ANALOGOS,regular,DELILAT,MAQUILA,2025-02
C015,120101,2025-02-28,35,8.75,0.0,0.0,0.0,3.0,0.75,29420.0,97.0,106.0,24.25,26.42,26.0,6.579999999999998,False,6.579999999999998,0.4653333333333333,13.959999999999999,14.140401146131802,2025-02-01,Abarrotes Norte,Tradicional Modernizado,Caribe,Costa Norte,Barranquilla,Supermercado Regional,MOZZARELLA TAJADA CAMPOCLARO 250G,0.25,UND,MOZZARELLA,QUESOS TAJADOS,QUESOS FRESCOS,regular,CAMPOCLARO,NACIONAL,2025-02
C001,190103,2025-02-28,29,17.4,0.0,0.0,0.0,0.0,0.0,0.0,0.0,2.0,0.0,1.2,27.0,16.2,False,16.2,0.0,0.0,,2025-02-01,HiperMax Nacional,Grandes Superficies,Centro,Bogotá y Sabana,Bogotá,Hipermercado,RACLETTE CELEBRACION LOMA DORADA 600G,0.6,UND,MIXTO QUESOS,TEMPORADA,QUESOS MADURADOS,temporada,LOMA DORADA,IMPORTADO,2025-02
C005,300101,2025-02-28,108,24.84,0.0,0.0,0.0,5.0,1.15,40740.0,620.0,656.0,142.6,141.018,72.0,26.421999999999997,False,26.421999999999997,2.5616,76.848,10.31464709556527,2025-02-01,PrecioListo,Hard Discount,Antioquia,Valle de Aburrá,Medellín,Discounter,JAMON DE CERDO FINAS LONCHAS SIERRA CARNES 230G,0.23,UND,JAMON CERDO,LONCHAS,CARNES FRIAS,regular,SIERRA CARNES,NACIONAL,2025-02
C013,110107,2025-02-28,12,1.5,0.0,0.0,0.0,0.0,0.0,0.0,37.0,38.0,4.625,4.75,11.0,1.375,False,1.375,0.075,2.25,18.333333333333336,2025-02-01,La Mesa Premium,Tiendas Especializadas,Occidente,,Cali,Especialidad,CAMEMBERT CUÑA MONTE AZUL 125G,0.125,UND,CAMEMBERT,QUESOS BLANDOS,QUESOS MADURADOS,regular,MONTE AZUL,IMPORTADO,2025-02
C018,130103,2025-02-28,144,41.472,0.0,0.0,0.0,20.0,5.76,150340.0,809.0,864.0,232.992,248.924,89.0,25.539999999999992,False,25.539999999999992,4.323066666666667,129.692,5.9078431977300045,2025-02-01,Cadena Uno,Hard Discount,Occidente,Valle del Cauca,Cali,Discounter,LONCHAS AMERICANAS DELILAT 288G,0.288,UND,CHEDDAR ANALOGO,LONCHITAS,QUESOS ANALOGOS,regular,DELILAT,MAQUILA,2025-02
C002,190102,2025-02-28,22,11.0,0.0,0.0,0.0,0.0,0.0,0.0,0.0,0.0,0.0,0.0,22.0,11.0,False,11.0,0.0,0.0,,2025-02-01,SuperAhorro,Grandes Superficies,Antioquia,Valle de Aburrá,Medellín,Supermercado,DUO FESTIVO QUESOS Y CARNES 500G,0.5,UND,MIXTO QUESOS-CARNES,TEMPORADA,QUESOS MADURADOS,temporada,MONTE AZUL,MAQUILA,2025-02
C003,130101,2025-02-28,98,14.7,0.0,0.0,0.0,9.0,1.35,52230.0,425.0,460.0,63.75,66.94800000000001,63.0,11.501999999999995,False,11.501999999999995,1.1216000000000002,33.648,10.254992867332376,2025-02-01,MaxiCompra Caribe,Grandes Superficies,Caribe,Costa Norte,Barranquilla,Supermercado,CHEDDAR ESTILO AMERICANO DELILAT 150G,0.15,UND,CHEDDAR ANALOGO,LONCHAS,QUESOS ANALOGOS,regular,DELILAT,MAQUILA,2025-02
C016,900102,2025-02-28,72,5.76,0.0,0.0,0.0,5.0,0.4,49500.0,209.0,234.0,16.72,18.72,47.0,3.759999999999998,False,3.759999999999998,0.32,9.6,11.749999999999993,2025-02-01,Canasta Familiar,Grandes Superficies,Santanderes,Bucaramanga Metropolitana,Bucaramanga,Supermercado,PEPPERONI TAJADO CASA IBERIA 80G,0.08,UND,PEPPERONI,CHARCUTERIA,CARNES MADURADAS,regular,CASA IBERIA,IMPORTADO,2025-02
C014,190103,2025-02-28,16,9.6,0.0,0.0,0.0,0.0,0.0,0.0,0.0,1.0,0.0,0.6,15.0,9.0,False,9.0,0.02,0.6,450.0,2025-02-01,Plaza Hogar,Grandes Superficies,Occidente,Valle del Cauca,Cali,Hipermercado,RACLETTE CELEBRACION LOMA DORADA 600G,0.6,UND,MIXTO QUESOS,TEMPORADA,QUESOS MADURADOS,temporada,LOMA DORADA,IMPORTADO,2025-02
C001,110104,2025-02-28,84,12.6,0.0,0.0,0.0,8.0,1.2,116060.0,352.0,365.0,52.8,54.15,71.0,11.249999999999993,False,11.249999999999993,0.9199999999999999,27.599999999999998,12.22826086956521,2025-02-01,HiperMax Nacional,Grandes Superficies,Centro,Bogotá y Sabana,Bogotá,Hipermercado,COLBY JACK TAJADO LOMA DORADA 150G,0.15,UND,COLBY JACK,QUESOS TAJADOS PREMIUM,QUESOS MADURADOS,regular,LOMA DORADA,IMPORTADO,2025-02
C003,190101,2025-02-28,14,5.6,0.0,0.0,0.0,0.0,0.0,0.0,0.0,2.0,0.0,0.8,12.0,4.8,False,4.8,0.02666666666666667,0.8,179.99999999999997,2025-02-01,MaxiCompra Caribe,Grandes Superficies,Caribe,Costa Norte,Barranquilla,Supermercado,TABLA APERITIVO NAVIDEÑA MONTE AZUL 400G,0.4,UND,MIXTO QUESOS,TEMPORADA,QUESOS MADURADOS,temporada,MONTE AZUL,IMPORTADO,2025-02
C014,190102,2025-02-28,26,13.0,0.0,0.0,0.0,0.0,0.0,0.0,0.0,1.0,0.0,0.5,25.0,12.5,False,12.5,0.016666666666666666,0.5,750.0,2025-02-01,Plaza Hogar,Grandes Superficies,Occidente,Valle del Cauca,Cali,Hipermercado,DUO FESTIVO QUESOS Y CARNES 500G,0.5,UND,MIXTO QUESOS-CARNES,TEMPORADA,QUESOS MADURADOS,temporada,MONTE AZUL,MAQUILA,2025-02
C005,300102,2025-02-28,105,24.15,77.0,17.71,533120.0,9.0,2.07,76860.0,425.0,423.0,97.75,97.28999999999999,107.0,24.610000000000014,False,24.610000000000014,1.6483333333333334,49.45,14.930232558139542,2025-02-01,PrecioListo,Hard Discount,Antioquia,Valle de Aburrá,Medellín,Discounter,JAMON DE PAVO FINAS LONCHAS SIERRA CARNES 230G,0.23,UND,JAMON PAVO,LONCHAS,CARNES FRIAS,regular,SIERRA CARNES,NACIONAL,2025-02
C015,300101,2025-02-28,15,3.45,0.0,0.0,0.0,3.0,0.69,26280.0,67.0,76.0,15.133999999999999,17.48,6.0,1.1039999999999992,False,1.1039999999999992,0.3143333333333333,9.43,3.5121951219512173,2025-02-01,Abarrotes Norte,Tradicional Modernizado,Caribe,Costa Norte,Barranquilla,Supermercado Regional,JAMON DE CERDO FINAS LONCHAS SIERRA CARNES 230G,0.23,UND,JAMON CERDO,LONCHAS,CARNES FRIAS,regular,SIERRA CARNES,NACIONAL,2025-02
C001,190101,2025-02-28,25,10.0,0.0,0.0,0.0,0.0,0.0,0.0,0.0,4.0,0.0,1.6,21.0,8.4,False,8.4,0.04000000000000001,1.2000000000000002,209.99999999999997,2025-02-01,HiperMax Nacional,Grandes Superficies,Centro,Bogotá y Sabana,Bogotá,Hipermercado,TABLA APERITIVO NAVIDEÑA MONTE AZUL 400G,0.4,UND,MIXTO QUESOS,TEMPORADA,QUESOS MADURADOS,temporada,MONTE AZUL,IMPORTADO,2025-02
C001,300102,2025-02-28,84,19.32,0.0,0.0,0.0,4.0,0.92,37390.0,394.0,392.0,90.62,90.16,86.0,19.78,False,19.78,1.533333333333333,45.99999999999999,12.900000000000004,2025-02-01,HiperMax Nacional,Grandes Superficies,Centro,Bogotá y Sabana,Bogotá,Hipermercado,JAMON DE PAVO FINAS LONCHAS SIERRA CARNES 230G,0.23,UND,JAMON PAVO,LONCHAS,CARNES FRIAS,regular,SIERRA CARNES,NACIONAL,2025-02
C018,120103,2025-02-28,112,22.4,81.0,16.2,593920.0,9.0,1.8,80770.0,560.0,541.0,112.0,106.2,131.0,28.200000000000003,False,28.200000000000003,1.84,55.2,15.32608695652174,2025-02-01,Cadena Uno,Hard Discount,Occidente,Valle del Cauca,Cali,Discounter,QUESO CREMA CAMPOCLARO 200G,0.2,UND,CREMAS,UNTABLES,QUESOS FRESCOS,regular,CAMPOCLARO,NACIONAL,2025-02
C014,120104,2025-02-28,96,19.2,0.0,0.0,0.0,8.0,1.6,66120.0,292.0,310.0,58.4,62.0,78.0,15.599999999999994,False,15.599999999999994,1.18,35.4,13.220338983050844,2025-02-01,Plaza Hogar,Grandes Superficies,Occidente,Valle del Cauca,Cali,Hipermercado,MOZZARELLA LIGHT CAMPOCLARO 200G,0.2,UND,MOZZARELLA,QUESOS TAJADOS,QUESOS FRESCOS,regular,CAMPOCLARO,NACIONAL,2025-02
C015,300102,2025-02-28,18,4.14,0.0,0.0,0.0,0.0,0.0,0.0,72.0,73.0,16.56,16.79,17.0,3.91,False,3.91,0.24533333333333335,7.36,15.9375,2025-02-01,Abarrotes Norte,Tradicional Modernizado,Caribe,Costa Norte,Barranquilla,Supermercado Regional,JAMON DE PAVO FINAS LONCHAS SIERRA CARNES 230G,0.23,UND,JAMON PAVO,LONCHAS,CARNES FRIAS,regular,SIERRA CARNES,NACIONAL,2025-02
C003,190103,2025-02-28,19,11.4,0.0,0.0,0.0,0.0,0.0,0.0,0.0,1.0,0.0,0.6,18.0,10.8,False,10.8,0.02,0.6,540.0,2025-02-01,MaxiCompra Caribe,Grandes Superficies,Caribe,Costa Norte,Barranquilla,Supermercado,RACLETTE CELEBRACION LOMA DORADA 600G,0.6,UND,MIXTO QUESOS,TEMPORADA,QUESOS MADURADOS,temporada,LOMA DORADA,IMPORTADO,2025-02
C014,130101,2025-02-28,100,15.0,0.0,0.0,0.0,11.0,1.65,62180.0,372.0,418.0,55.8,62.7,54.0,8.099999999999994,False,8.099999999999994,1.105,33.15,7.330316742081443,2025-02-01,Plaza Hogar,Grandes Superficies,Occidente,Valle del Cauca,Cali,Hipermercado,CHEDDAR ESTILO AMERICANO DELILAT 150G,0.15,UND,CHEDDAR ANALOGO,LONCHAS,QUESOS ANALOGOS,regular,DELILAT,MAQUILA,2025-02
C006,120101,2025-02-28,133,33.25,0.0,0.0,0.0,9.0,2.25,84460.0,540.0,596.0,135.0,149.0,77.0,19.25,False,19.25,2.575,77.25,7.475728155339805,2025-02-01,PuntoMenos Caribe,Hard Discount,Caribe,Costa Norte,Cartagena,Discounter,MOZZARELLA TAJADA CAMPOCLARO 250G,0.25,UND,MOZZARELLA,QUESOS TAJADOS,QUESOS FRESCOS,regular,CAMPOCLARO,NACIONAL,2025-02
C017,110108,2025-02-28,3,0.45,0.0,0.0,0.0,0.0,0.0,0.0,18.0,18.0,2.7,2.6999999999999997,3.0,0.4500000000000006,False,0.4500000000000006,0.045000000000000005,1.35,10.000000000000012,2025-02-01,RapiExpress,E-commerce,Centro,Bogotá y Sabana,Bogotá,Quick Commerce,MANCHEGO CUÑA MONTE AZUL 150G,0.15,UND,MANCHEGO,CUÑAS PREMIUM,QUESOS MADURADOS,regular,MONTE AZUL,IMPORTADO,2025-02
C016,190102,2025-02-28,20,10.0,0.0,0.0,0.0,0.0,0.0,0.0,0.0,1.0,0.0,0.5,19.0,9.5,False,9.5,0.0,0.0,,2025-02-01,Canasta Familiar,Grandes Superficies,Santanderes,Bucaramanga Metropolitana,Bucaramanga,Supermercado,DUO FESTIVO QUESOS Y CARNES 500G,0.5,UND,MIXTO QUESOS-CARNES,TEMPORADA,QUESOS MADURADOS,temporada,MONTE AZUL,MAQUILA,2025-02
C012,900102,2025-02-28,24,1.92,0.0,0.0,0.0,2.0,0.16,21440.0,61.0,72.0,4.88,5.76,13.0,1.04,False,1.04,0.09066666666666667,2.72,11.470588235294118,2025-02-01,Delimarket Gourmet,Tiendas Especializadas,Centro,Bogotá y Sabana,Bogotá,Especialidad,PEPPERONI TAJADO CASA IBERIA 80G,0.08,UND,PEPPERONI,CHARCUTERIA,CARNES MADURADAS,regular,CASA IBERIA,IMPORTADO,2025-02
C004,300101,2025-02-28,151,34.73,0.0,0.0,0.0,10.0,2.3,82600.0,671.0,733.0,154.32999999999998,168.59,89.0,20.46999999999997,False,20.46999999999997,2.8136666666666668,84.41,7.275204359673014,2025-02-01,Descuento Ya,Hard Discount,Centro,Bogotá y Sabana,Bogotá,Discounter,JAMON DE CERDO FINAS LONCHAS SIERRA CARNES 230G,0.23,UND,JAMON CERDO,LONCHAS,CARNES FRIAS,regular,SIERRA CARNES,NACIONAL,2025-02
C013,110114,2025-02-28,14,3.5,0.0,0.0,0.0,2.0,0.5,54840.0,44.0,47.0,11.0,11.25,11.0,3.25,False,3.25,0.15,4.5,21.666666666666668,2025-02-01,La Mesa Premium,Tiendas Especializadas,Occidente,,Cali,Especialidad,GOUDA NATURAL CUÑA LOMA DORADA 250G,0.25,UND,GOUDA NATURAL,CUÑAS,QUESOS MADURADOS,regular,LOMA DORADA,IMPORTADO,2025-02
C013,110115,2025-02-28,11,2.75,0.0,0.0,0.0,2.0,0.5,55350.0,49.0,53.0,12.25,13.0,7.0,2.0,False,2.0,0.23333333333333334,7.0,8.571428571428571,2025-02-01,La Mesa Premium,Tiendas Especializadas,Occidente,,Cali,Especialidad,FETA CUBOS CASA SIERRA 250G,0.25,UND,FETA,ESPECIALES,QUESOS MADURADOS,regular,CASA SIERRA,IMPORTADO,2025-02
C001,110106,2025-02-28,71,8.875,0.0,0.0,0.0,7.0,0.875,90030.0,237.0,271.0,29.625,33.875,37.0,4.625,False,4.625,0.5125,15.375,9.02439024390244,2025-02-01,HiperMax Nacional,Grandes Superficies,Centro,Bogotá y Sabana,Bogotá,Hipermercado,BRIE CUÑA MONTE AZUL 125G,0.125,UND,BRIE,QUESOS BLANDOS,QUESOS MADURADOS,regular,MONTE AZUL,IMPORTADO,2025-02
C016,900104,2025-02-28,54,4.32,0.0,0.0,0.0,6.0,0.48,55240.0,204.0,227.0,16.32,17.44,31.0,3.1999999999999993,False,3.1999999999999993,0.2853333333333333,8.56,11.214953271028035,2025-02-01,Canasta Familiar,Grandes Superficies,Santanderes,Bucaramanga Metropolitana,Bucaramanga,Supermercado,CHORIZO TAJADO CASA IBERIA 80G,0.08,UND,CHORIZO,CHARCUTERIA,CARNES MADURADAS,regular,CASA IBERIA,IMPORTADO,2025-02
C004,300102,2025-02-28,99,22.77,0.0,0.0,0.0,12.0,2.76,106020.0,594.0,593.0,136.62,135.23999999999998,100.0,24.150000000000034,False,24.150000000000034,2.200333333333333,66.00999999999999,10.975609756097578,2025-02-01,Descuento Ya,Hard Discount,Centro,Bogotá y Sabana,Bogotá,Discounter,JAMON DE PAVO FINAS LONCHAS SIERRA CARNES 230G,0.23,UND,JAMON PAVO,LONCHAS,CARNES FRIAS,regular,SIERRA CARNES,NACIONAL,2025-02
C001,130103,2025-02-28,158,45.504,0.0,0.0,0.0,9.0,2.592,72770.0,549.0,568.0,158.112,161.28,139.0,42.335999999999984,False,42.335999999999984,2.64,79.2,16.036363636363628,2025-02-01,HiperMax Nacional,Grandes Superficies,Centro,Bogotá y Sabana,Bogotá,Hipermercado,LONCHAS AMERICANAS DELILAT 288G,0.288,UND,CHEDDAR ANALOGO,LONCHITAS,QUESOS ANALOGOS,regular,DELILAT,MAQUILA,2025-02
C016,190103,2025-02-28,18,10.8,0.0,0.0,0.0,0.0,0.0,0.0,0.0,1.0,0.0,0.6,17.0,10.200000000000001,False,10.200000000000001,0.02,0.6,510.00000000000006,2025-02-01,Canasta Familiar,Grandes Superficies,Santanderes,Bucaramanga Metropolitana,Bucaramanga,Supermercado,RACLETTE CELEBRACION LOMA DORADA 600G,0.6,UND,MIXTO QUESOS,TEMPORADA,QUESOS MADURADOS,temporada,LOMA DORADA,IMPORTADO,2025-02
C014,120103,2025-02-28,87,17.4,0.0,0.0,0.0,5.0,1.0,51650.0,316.0,325.0,63.2,64.904,78.0,15.695999999999998,False,15.695999999999998,0.9933333333333334,29.8,15.801342281879192,2025-02-01,Plaza Hogar,Grandes Superficies,Occidente,Valle del Cauca,Cali,Hipermercado,QUESO CREMA CAMPOCLARO 200G,0.2,UND,CREMAS,UNTABLES,QUESOS FRESCOS,regular,CAMPOCLARO,NACIONAL,2025-02
C002,110114,2025-02-28,66,16.5,0.0,0.0,0.0,1.0,0.25,24540.0,174.0,192.0,43.5,47.54,48.0,12.46,False,12.46,0.825,24.75,15.103030303030305,2025-02-01,SuperAhorro,Grandes Superficies,Antioquia,Valle de Aburrá,Medellín,Supermercado,GOUDA NATURAL CUÑA LOMA DORADA 250G,0.25,UND,GOUDA NATURAL,CUÑAS,QUESOS MADURADOS,regular,LOMA DORADA,IMPORTADO,2025-02
C012,900103,2025-02-28,29,2.32,0.0,0.0,0.0,1.0,0.08,12080.0,94.0,93.0,6.0,7.44,30.0,0.8799999999999999,False,0.8799999999999999,0.12000000000000001,3.6,7.333333333333332,2025-02-01,Delimarket Gourmet,Tiendas Especializadas,Centro,Bogotá y Sabana,Bogotá,Especialidad,JAMON SERRANO TAJADO CASA IBERIA 80G,0.08,UND,JAMON SERRANO,CHARCUTERIA,CARNES MADURADAS,regular,CASA IBERIA,IMPORTADO,2025-02
C003,120103,2025-02-28,88,17.6,0.0,0.0,0.0,5.0,1.0,50680.0,240.0,276.0,48.0,53.6,52.0,11.999999999999993,False,11.999999999999993,0.8133333333333334,24.400000000000002,14.754098360655728,2025-02-01,MaxiCompra Caribe,Grandes Superficies,Caribe,Costa Norte,Barranquilla,Supermercado,QUESO CREMA CAMPOCLARO 200G,0.2,UND,CREMAS,UNTABLES,QUESOS FRESCOS,regular,CAMPOCLARO,NACIONAL,2025-02
C002,300102,2025-02-28,97,22.31,0.0,0.0,0.0,5.0,1.15,48380.0,275.0,295.0,63.25,66.00999999999999,77.0,19.55000000000001,False,19.55000000000001,1.081,32.43,18.085106382978733,2025-02-01,SuperAhorro,Grandes Superficies,Antioquia,Valle de Aburrá,Medellín,Supermercado,JAMON DE PAVO FINAS LONCHAS SIERRA CARNES 230G,0.23,UND,JAMON PAVO,LONCHAS,CARNES FRIAS,regular,SIERRA CARNES,NACIONAL,2025-02
C001,110110,2025-03-31,45,16.2,0.0,0.0,0.0,3.0,1.08,101270.0,300.0,310.0,108.0,103.522,35.0,20.677999999999997,False,20.677999999999997,1.224,36.72,16.893790849673202,2025-03-01,HiperMax Nacional,Grandes Superficies,Centro,Bogotá y Sabana,Bogotá,Hipermercado,MIX QUESOS PREMIUM MONTE AZUL 360G,0.36,UND,MIXTO QUESOS,MEZCLAS PREMIUM,QUESOS MADURADOS,regular,MONTE AZUL,IMPORTADO,2025-03
C002,900103,2025-03-31,58,4.64,0.0,0.0,0.0,1.0,0.08,10620.0,364.0,376.0,29.12,29.587,46.0,4.172999999999998,False,4.172999999999998,0.2746666666666666,8.239999999999998,15.19296116504854,2025-03-01,SuperAhorro,Grandes Superficies,Antioquia,Valle de Aburrá,Medellín,Supermercado,JAMON SERRANO TAJADO CASA IBERIA 80G,0.08,UND,JAMON SERRANO,CHARCUTERIA,CARNES MADURADAS,regular,CASA IBERIA,IMPORTADO,2025-03
C015,110113,2025-03-31,12,0.0,0.0,0.0,0.0,1.0,0.25,15220.0,85.0,85.0,21.25,21.25,12.0,0.0,False,0.0,0.19166666666666668,5.75,0.0,2025-03-01,Abarrotes Norte,Tradicional Modernizado,Caribe,Costa Norte,Barranquilla,Supermercado Regional,PARMESANO RALLADO ORO LECHE 250G,0.25,UND,TIPO PARMESANO,RALLADOS,QUESO PARMESANO,regular,ORO LECHE,MAQUILA,2025-03
C001,110106,2025-03-31,71,8.875,76.0,9.5,755070.0,9.0,1.125,114450.0,418.0,411.0,52.25,51.375,78.0,9.75,False,9.75,0.5708333333333333,17.125,17.08029197080292,2025-03-01,HiperMax Nacional,Grandes Superficies,Centro,Bogotá y Sabana,Bogotá,Hipermercado,BRIE CUÑA MONTE AZUL 125G,0.125,UND,BRIE,QUESOS BLANDOS,QUESOS MADURADOS,regular,MONTE AZUL,IMPORTADO,2025-03
C005,130103,2025-03-31,213,61.344,0.0,0.0,0.0,24.0,6.912,180700.0,1322.0,1460.0,380.736,420.733,75.0,21.34699999999998,False,21.34699999999998,4.9044333333333325,147.13299999999998,4.352592552316608,2025-03-01,PrecioListo,Hard Discount,Antioquia,Valle de Aburrá,Medellín,Discounter,LONCHAS AMERICANAS DELILAT 288G,0.288,UND,CHEDDAR ANALOGO,LONCHITAS,QUESOS ANALOGOS,regular,DELILAT,MAQUILA,2025-03
C003,190102,2025-03-31,28,14.0,0.0,0.0,0.0,0.0,0.0,0.0,0.0,1.0,0.0,0.5,27.0,13.5,False,13.5,0.016666666666666666,0.5,810.0,2025-03-01,MaxiCompra Caribe,Grandes Superficies,Caribe,Costa Norte,Barranquilla,Supermercado,DUO FESTIVO QUESOS Y CARNES 500G,0.5,UND,MIXTO QUESOS-CARNES,TEMPORADA,QUESOS MADURADOS,temporada,MONTE AZUL,MAQUILA,2025-03
C018,300102,2025-03-31,96,22.08,0.0,0.0,0.0,11.0,2.53,96850.0,641.0,715.0,147.43,162.444,22.0,7.0660000000000025,False,7.0660000000000025,1.8651333333333333,55.954,3.7884690996175445,2025-03-01,Cadena Uno,Hard Discount,Occidente,Valle del Cauca,Cali,Discounter,JAMON DE PAVO FINAS LONCHAS SIERRA CARNES 230G,0.23,UND,JAMON PAVO,LONCHAS,CARNES FRIAS,regular,SIERRA CARNES,NACIONAL,2025-03
C014,120104,2025-03-31,96,19.2,0.0,0.0,0.0,4.0,0.8,32320.0,453.0,482.0,90.6,96.448,67.0,13.352000000000004,False,13.352000000000004,1.1216000000000002,33.648,11.904422253922968,2025-03-01,Plaza Hogar,Grandes Superficies,Occidente,Valle del Cauca,Cali,Hipermercado,MOZZARELLA LIGHT CAMPOCLARO 200G,0.2,UND,MOZZARELLA,QUESOS TAJADOS,QUESOS FRESCOS,regular,CAMPOCLARO,NACIONAL,2025-03
C013,900102,2025-03-31,19,1.52,0.0,0.0,0.0,1.0,0.08,10730.0,105.0,107.0,6.88,8.16,17.0,0.2400000000000002,False,0.2400000000000002,0.08800000000000001,2.64,2.7272727272727293,2025-03-01,La Mesa Premium,Tiendas Especializadas,Occidente,,Cali,Especialidad,PEPPERONI TAJADO CASA IBERIA 80G,0.08,UND,PEPPERONI,CHARCUTERIA,CARNES MADURADAS,regular,CASA IBERIA,IMPORTADO,2025-03
C014,900104,2025-03-31,74,5.92,56.0,4.48,395620.0,7.0,0.56,65720.0,411.0,407.0,32.88,32.253,78.0,6.547000000000004,False,6.547000000000004,0.37866666666666665,11.36,17.28961267605635,2025-03-01,Plaza Hogar,Grandes Superficies,Occidente,Valle del Cauca,Cali,Hipermercado,CHORIZO TAJADO CASA IBERIA 80G,0.08,UND,CHORIZO,CHARCUTERIA,CARNES MADURADAS,regular,CASA IBERIA,IMPORTADO,2025-03
C005,900102,2025-03-31,101,8.08,0.0,0.0,0.0,8.0,0.64,73090.0,615.0,659.0,49.2,52.08,57.0,5.200000000000003,False,5.200000000000003,0.5493333333333333,16.48,9.466019417475733,2025-03-01,PrecioListo,Hard Discount,Antioquia,Valle de Aburrá,Medellín,Discounter,PEPPERONI TAJADO CASA IBERIA 80G,0.08,UND,PEPPERONI,CHARCUTERIA,CARNES MADURADAS,regular,CASA IBERIA,IMPORTADO,2025-03
C006,120101,2025-03-31,133,33.25,0.0,0.0,0.0,14.0,3.5,126760.0,843.0,897.0,210.75,222.25,79.0,21.75,False,21.75,2.35,70.5,9.25531914893617,2025-03-01,PuntoMenos Caribe,Hard Discount,Caribe,Costa Norte,Cartagena,Discounter,MOZZARELLA TAJADA CAMPOCLARO 250G,0.25,UND,MOZZARELLA,QUESOS TAJADOS,QUESOS FRESCOS,regular,CAMPOCLARO,NACIONAL,2025-03
C014,110114,2025-03-31,74,18.5,0.0,0.0,0.0,7.0,1.75,171020.0,624.0,683.0,156.0,164.25,15.0,10.25,False,10.25,0.8416666666666667,25.25,12.178217821782178,2025-03-01,Plaza Hogar,Grandes Superficies,Occidente,Valle del Cauca,Cali,Hipermercado,GOUDA NATURAL CUÑA LOMA DORADA 250G,0.25,UND,GOUDA NATURAL,CUÑAS,QUESOS MADURADOS,regular,LOMA DORADA,IMPORTADO,2025-03
C003,130103,2025-03-31,87,25.056,92.0,26.496,570280.0,6.0,1.728,50440.0,611.0,584.0,175.968,167.328,114.0,33.696,False,33.696,1.8336,55.007999999999996,18.37696335078534,2025-03-01,MaxiCompra Caribe,Grandes Superficies,Caribe,Costa Norte,Barranquilla,Supermercado,LONCHAS AMERICANAS DELILAT 288G,0.288,UND,CHEDDAR ANALOGO,LONCHITAS,QUESOS ANALOGOS,regular,DELILAT,MAQUILA,2025-03
C001,900103,2025-03-31,112,8.96,0.0,0.0,0.0,5.0,0.4,53160.0,501.0,535.0,34.32,42.800000000000004,78.0,0.4799999999999969,False,0.4799999999999969,0.4053333333333333,12.16,1.1842105263157818,2025-03-01,HiperMax Nacional,Grandes Superficies,Centro,Bogotá y Sabana,Bogotá,Hipermercado,JAMON SERRANO TAJADO CASA IBERIA 80G,0.08,UND,JAMON SERRANO,CHARCUTERIA,CARNES MADURADAS,regular,CASA IBERIA,IMPORTADO,2025-03
C015,120103,2025-03-31,22,4.4,0.0,0.0,0.0,0.0,0.0,0.0,126.0,134.0,25.2,26.8,14.0,2.8000000000000007,False,2.8000000000000007,0.2733333333333334,8.200000000000001,10.243902439024392,2025-03-01,Abarrotes Norte,Tradicional Modernizado,Caribe,Costa Norte,Barranquilla,Supermercado Regional,QUESO CREMA CAMPOCLARO 200G,0.2,UND,CREMAS,UNTABLES,QUESOS FRESCOS,regular,CAMPOCLARO,NACIONAL,2025-03
C016,120103,2025-03-31,73,14.6,40.0,8.0,298170.0,1.0,0.2,10240.0,332.0,336.0,66.4,65.568,69.0,15.432000000000002,False,15.432000000000002,0.7122666666666667,21.368000000000002,21.666042680643955,2025-03-01,Canasta Familiar,Grandes Superficies,Santanderes,Bucaramanga Metropolitana,Bucaramanga,Supermercado,QUESO CREMA CAMPOCLARO 200G,0.2,UND,CREMAS,UNTABLES,QUESOS FRESCOS,regular,CAMPOCLARO,NACIONAL,2025-03
C015,300102,2025-03-31,18,4.14,0.0,0.0,0.0,0.0,0.0,0.0,109.0,115.0,25.07,26.45,12.0,2.7600000000000016,False,2.7600000000000016,0.322,9.66,8.571428571428577,2025-03-01,Abarrotes Norte,Tradicional Modernizado,Caribe,Costa Norte,Barranquilla,Supermercado Regional,JAMON DE PAVO FINAS LONCHAS SIERRA CARNES 230G,0.23,UND,JAMON PAVO,LONCHAS,CARNES FRIAS,regular,SIERRA CARNES,NACIONAL,2025-03
C006,110112,2025-03-31,125,12.5,0.0,0.0,0.0,12.0,1.2,76530.0,909.0,922.0,90.9,92.2,112.0,11.200000000000003,False,11.200000000000003,0.9533333333333333,28.599999999999998,11.748251748251752,2025-03-01,PuntoMenos Caribe,Hard Discount,Caribe,Costa Norte,Cartagena,Discounter,PARMESANO RALLADO ORO LECHE 100G,0.1,UND,TIPO PARMESANO,RALLADOS,QUESO PARMESANO,regular,ORO LECHE,MAQUILA,2025-03
C014,110103,2025-03-31,64,9.6,0.0,0.0,0.0,6.0,0.9,89150.0,389.0,412.0,58.35,61.5,41.0,6.450000000000003,False,6.450000000000003,0.745,22.35,8.657718120805374,2025-03-01,Plaza Hogar,Grandes Superficies,Occidente,Valle del Cauca,Cali,Hipermercado,MUENSTER TAJADO LOMA DORADA 150G,0.15,UND,MUENSTER,QUESOS TAJADOS PREMIUM,QUESOS MADURADOS,regular,LOMA DORADA,IMPORTADO,2025-03
C002,130103,2025-03-31,124,35.712,100.0,28.8,612110.0,9.0,2.592,75460.0,708.0,697.0,203.904,194.734,135.0,44.88199999999998,False,44.88199999999998,2.1024000000000003,63.072,21.347983257229817,2025-03-01,SuperAhorro,Grandes Superficies,Antioquia,Valle de Aburrá,Medellín,Supermercado,LONCHAS AMERICANAS DELILAT 288G,0.288,UND,CHEDDAR ANALOGO,LONCHITAS,QUESOS ANALOGOS,regular,DELILAT,MAQUILA,2025-03
C002,190103,2025-03-31,22,0.0,0.0,0.0,0.0,0.0,0.0,0.0,0.0,1.0,0.0,0.6,21.0,-0.6,True,0.0,0.0,0.0,,2025-03-01,SuperAhorro,Grandes Superficies,Antioquia,Valle de Aburrá,Medellín,Supermercado,RACLETTE CELEBRACION LOMA DORADA 600G,0.6,UND,MIXTO QUESOS,TEMPORADA,QUESOS MADURADOS,temporada,LOMA DORADA,IMPORTADO,2025-03
C003,120104,2025-03-31,86,17.2,0.0,0.0,0.0,4.0,0.8,32140.0,392.0,418.0,68.8,80.856,60.0,5.1440000000000055,False,5.1440000000000055,0.7733333333333333,23.2,6.6517241379310414,2025-03-01,MaxiCompra Caribe,Grandes Superficies,Caribe,Costa Norte,Barranquilla,Supermercado,MOZZARELLA LIGHT CAMPOCLARO 200G,0.2,UND,MOZZARELLA,QUESOS TAJADOS,QUESOS FRESCOS,regular,CAMPOCLARO,NACIONAL,2025-03
C004,110112,2025-03-31,222,22.2,0.0,0.0,0.0,22.0,2.2,136700.0,1550.0,1585.0,155.0,152.972,187.0,24.22799999999998,False,24.22799999999998,1.8266666666666669,54.800000000000004,13.263503649635025,2025-03-01,Descuento Ya,Hard Discount,Centro,Bogotá y Sabana,Bogotá,Discounter,PARMESANO RALLADO ORO LECHE 100G,0.1,UND,TIPO PARMESANO,RALLADOS,QUESO PARMESANO,regular,ORO LECHE,MAQUILA,2025-03
C001,120101,2025-03-31,269,67.25,159.0,39.75,1192690.0,11.0,2.75,110280.0,1255.0,1279.0,313.75,313.75,245.0,67.25,False,67.25,3.6083333333333334,108.25,18.637413394919168,2025-03-01,HiperMax Nacional,Grandes Superficies,Centro,Bogotá y Sabana,Bogotá,Hipermercado,MOZZARELLA TAJADA CAMPOCLARO 250G,0.25,UND,MOZZARELLA,QUESOS TAJADOS,QUESOS FRESCOS,regular,CAMPOCLARO,NACIONAL,2025-03
C005,130101,2025-03-31,356,53.4,0.0,0.0,0.0,21.0,3.15,109840.0,2594.0,2638.0,339.6,395.7,312.0,-2.6999999999999886,True,0.0,4.355,130.65,0.0,2025-03-01,PrecioListo,Hard Discount,Antioquia,Valle de Aburrá,Medellín,Discounter,CHEDDAR ESTILO AMERICANO DELILAT 150G,0.15,UND,CHEDDAR ANALOGO,LONCHAS,QUESOS ANALOGOS,regular,DELILAT,MAQUILA,2025-03
C012,110114,2025-03-31,20,5.0,0.0,0.0,0.0,1.0,0.25,26540.0,68.0,76.0,17.0,18.5,12.0,3.5,False,3.5,0.23333333333333334,7.0,15.0,2025-03-01,Delimarket Gourmet,Tiendas Especializadas,Centro,Bogotá y Sabana,Bogotá,Especialidad,GOUDA NATURAL CUÑA LOMA DORADA 250G,0.25,UND,GOUDA NATURAL,CUÑAS,QUESOS MADURADOS,regular,LOMA DORADA,IMPORTADO,2025-03
C012,190102,2025-03-31,7,3.5,0.0,0.0,0.0,0.0,0.0,0.0,0.0,0.0,0.0,0.0,7.0,3.5,False,3.5,0.0,0.0,,2025-03-01,Delimarket Gourmet,Tiendas Especializadas,Centro,Bogotá y Sabana,Bogotá,Especialidad,DUO FESTIVO QUESOS Y CARNES 500G,0.5,UND,MIXTO QUESOS-CARNES,TEMPORADA,QUESOS MADURADOS,temporada,MONTE AZUL,MAQUILA,2025-03
C002,130101,2025-03-31,104,15.6,99.0,14.85,431300.0,6.0,0.9,33460.0,702.0,668.0,105.3,99.0,138.0,21.89999999999999,False,21.89999999999999,1.07,32.1,20.46728971962616,2025-03-01,SuperAhorro,Grandes Superficies,Antioquia,Valle de Aburrá,Medellín,Supermercado,CHEDDAR ESTILO AMERICANO DELILAT 150G,0.15,UND,CHEDDAR ANALOGO,LONCHAS,QUESOS ANALOGOS,regular,DELILAT,MAQUILA,2025-03
C013,110101,2025-03-31,19,2.85,0.0,0.0,0.0,0.0,0.0,0.0,71.0,76.0,10.65,10.799999999999999,14.0,2.700000000000001,False,2.700000000000001,0.11,3.3,24.545454545454554,2025-03-01,La Mesa Premium,Tiendas Especializadas,Occidente,,Cali,Especialidad,GOUDA AHUMADO TAJADO LOMA DORADA 150G,0.15,UND,GOUDA AHUMADO,QUESOS TAJADOS PREMIUM,QUESOS MADURADOS,regular,LOMA DORADA,IMPORTADO,2025-03
C012,900102,2025-03-31,24,1.92,0.0,0.0,0.0,0.0,0.0,0.0,89.0,105.0,7.12,8.4,8.0,0.6399999999999988,False,0.6399999999999988,0.08,2.4,7.999999999999985,2025-03-01,Delimarket Gourmet,Tiendas Especializadas,Centro,Bogotá y Sabana,Bogotá,Especialidad,PEPPERONI TAJADO CASA IBERIA 80G,0.08,UND,PEPPERONI,CHARCUTERIA,CARNES MADURADAS,regular,CASA IBERIA,IMPORTADO,2025-03
C001,110103,2025-03-31,102,15.3,67.0,10.05,743670.0,3.0,0.45,43300.0,521.0,519.0,78.15,77.79,104.0,15.659999999999997,False,15.659999999999997,0.8079999999999999,24.24,19.381188118811878,2025-03-01,HiperMax Nacional,Grandes Superficies,Centro,Bogotá y Sabana,Bogotá,Hipermercado,MUENSTER TAJADO LOMA DORADA 150G,0.15,UND,MUENSTER,QUESOS TAJADOS PREMIUM,QUESOS MADURADOS,regular,LOMA DORADA,IMPORTADO,2025-03
C017,300102,2025-03-31,4,0.92,3.0,0.69,21900.0,1.0,0.23,10200.0,83.0,85.0,16.79,19.55,2.0,-1.8399999999999999,True,0.0,0.069,2.0700000000000003,0.0,2025-03-01,RapiExpress,E-commerce,Centro,Bogotá y Sabana,Bogotá,Quick Commerce,JAMON DE PAVO FINAS LONCHAS SIERRA CARNES 230G,0.23,UND,JAMON PAVO,LONCHAS,CARNES FRIAS,regular,SIERRA CARNES,NACIONAL,2025-03
C002,110103,2025-03-31,59,8.85,55.0,8.25,614820.0,5.0,0.75,74140.0,392.0,378.0,58.800000000000004,56.616,73.0,11.034000000000006,False,11.034000000000006,0.69,20.7,15.991304347826096,2025-03-01,SuperAhorro,Grandes Superficies,Antioquia,Valle de Aburrá,Medellín,Supermercado,MUENSTER TAJADO LOMA DORADA 150G,0.15,UND,MUENSTER,QUESOS TAJADOS PREMIUM,QUESOS MADURADOS,regular,LOMA DORADA,IMPORTADO,2025-03
C001,110114,2025-03-31,96,24.0,0.0,0.0,0.0,4.0,1.0,98270.0,401.0,446.0,100.25,109.79,51.0,14.459999999999994,False,14.459999999999994,1.0513333333333332,31.54,13.753963221306273,2025-03-01,HiperMax Nacional,Grandes Superficies,Centro,Bogotá y Sabana,Bogotá,Hipermercado,GOUDA NATURAL CUÑA LOMA DORADA 250G,0.25,UND,GOUDA NATURAL,CUÑAS,QUESOS MADURADOS,regular,LOMA DORADA,IMPORTADO,2025-03
C018,130101,2025-03-31,262,39.3,0.0,0.0,0.0,23.0,3.45,120670.0,2028.0,2167.0,304.2,325.05,123.0,18.44999999999999,False,18.44999999999999,3.5,105.0,5.271428571428568,2025-03-01,Cadena Uno,Hard Discount,Occidente,Valle del Cauca,Cali,Discounter,CHEDDAR ESTILO AMERICANO DELILAT 150G,0.15,UND,CHEDDAR ANALOGO,LONCHAS,QUESOS ANALOGOS,regular,DELILAT,MAQUILA,2025-03
C018,130103,2025-03-31,144,41.472,0.0,0.0,0.0,14.0,4.032,102110.0,1258.0,1353.0,362.304,384.572,49.0,19.20399999999995,False,19.20399999999995,4.3968,131.904,4.367721979621532,2025-03-01,Cadena Uno,Hard Discount,Occidente,Valle del Cauca,Cali,Discounter,LONCHAS AMERICANAS DELILAT 288G,0.288,UND,CHEDDAR ANALOGO,LONCHITAS,QUESOS ANALOGOS,regular,DELILAT,MAQUILA,2025-03
C004,300102,2025-03-31,99,22.77,0.0,0.0,0.0,9.0,2.07,78330.0,878.0,874.0,201.94,199.87,103.0,24.840000000000003,False,24.840000000000003,2.0929999999999995,62.78999999999999,11.868131868131872,2025-03-01,Descuento Ya,Hard Discount,Centro,Bogotá y Sabana,Bogotá,Discounter,JAMON DE PAVO FINAS LONCHAS SIERRA CARNES 230G,0.23,UND,JAMON PAVO,LONCHAS,CARNES FRIAS,regular,SIERRA CARNES,NACIONAL,2025-03
C003,190101,2025-03-31,14,5.6,0.0,0.0,0.0,0.0,0.0,0.0,0.0,2.0,0.0,0.8,12.0,4.8,False,4.8,0.0,0.0,,2025-03-01,MaxiCompra Caribe,Grandes Superficies,Caribe,Costa Norte,Barranquilla,Supermercado,TABLA APERITIVO NAVIDEÑA MONTE AZUL 400G,0.4,UND,MIXTO QUESOS,TEMPORADA,QUESOS MADURADOS,temporada,MONTE AZUL,IMPORTADO,2025-03
C013,110106,2025-03-31,10,1.25,0.0,0.0,0.0,0.0,0.0,0.0,56.0,56.0,7.0,7.0,10.0,1.25,False,1.25,0.058333333333333334,1.75,21.428571428571427,2025-03-01,La Mesa Premium,Tiendas Especializadas,Occidente,,Cali,Especialidad,BRIE CUÑA MONTE AZUL 125G,0.125,UND,BRIE,QUESOS BLANDOS,QUESOS MADURADOS,regular,MONTE AZUL,IMPORTADO,2025-03
C016,110101,2025-03-31,52,7.8,0.0,0.0,0.0,6.0,0.9,86460.0,245.0,256.0,36.75,37.89,41.0,6.659999999999997,False,6.659999999999997,0.40340000000000004,12.102,16.509667823500237,2025-03-01,Canasta Familiar,Grandes Superficies,Santanderes,Bucaramanga Metropolitana,Bucaramanga,Supermercado,GOUDA AHUMADO TAJADO LOMA DORADA 150G,0.15,UND,GOUDA AHUMADO,QUESOS TAJADOS PREMIUM,QUESOS MADURADOS,regular,LOMA DORADA,IMPORTADO,2025-03
C002,900101,2025-03-31,77,6.16,0.0,0.0,0.0,3.0,0.24,30060.0,391.0,421.0,31.28,32.96,47.0,4.479999999999997,False,4.479999999999997,0.3333333333333333,10.0,13.43999999999999,2025-03-01,SuperAhorro,Grandes Superficies,Antioquia,Valle de Aburrá,Medellín,Supermercado,SALAMI TAJADO CASA IBERIA 80G,0.08,UND,SALAMI,CHARCUTERIA,CARNES MADURADAS,regular,CASA IBERIA,IMPORTADO,2025-03
C016,110102,2025-03-31,56,8.4,0.0,0.0,0.0,2.0,0.3,28670.0,236.0,252.0,35.4,37.05,40.0,6.75,False,6.75,0.435,13.05,15.517241379310345,2025-03-01,Canasta Familiar,Grandes Superficies,Santanderes,Bucaramanga Metropolitana,Bucaramanga,Supermercado,HOLANDES TAJADO LOMA DORADA 150G,0.15,UND,HOLANDES,QUESOS TAJADOS PREMIUM,QUESOS MADURADOS,regular,LOMA DORADA,IMPORTADO,2025-03
C017,110113,2025-03-31,3,0.75,3.0,0.75,35420.0,0.0,0.0,0.0,53.0,52.0,13.25,12.98,4.0,1.0199999999999996,False,1.0199999999999996,0.17433333333333334,5.23,5.8508604206500925,2025-03-01,RapiExpress,E-commerce,Centro,Bogotá y Sabana,Bogotá,Quick Commerce,PARMESANO RALLADO ORO LECHE 250G,0.25,UND,TIPO PARMESANO,RALLADOS,QUESO PARMESANO,regular,ORO LECHE,MAQUILA,2025-03
C001,900102,2025-03-31,121,9.68,0.0,0.0,0.0,2.0,0.16,19500.0,509.0,556.0,40.72,43.52,74.0,6.8799999999999955,False,6.8799999999999955,0.44533333333333336,13.360000000000001,15.449101796407174,2025-03-01,HiperMax Nacional,Grandes Superficies,Centro,Bogotá y Sabana,Bogotá,Hipermercado,PEPPERONI TAJADO CASA IBERIA 80G,0.08,UND,PEPPERONI,CHARCUTERIA,CARNES MADURADAS,regular,CASA IBERIA,IMPORTADO,2025-03
C002,190101,2025-03-31,18,7.2,0.0,0.0,0.0,0.0,0.0,0.0,0.0,3.0,0.0,1.2000000000000002,15.0,6.0,False,6.0,0.013333333333333334,0.4,449.99999999999994,2025-03-01,SuperAhorro,Grandes Superficies,Antioquia,Valle de Aburrá,Medellín,Supermercado,TABLA APERITIVO NAVIDEÑA MONTE AZUL 400G,0.4,UND,MIXTO QUESOS,TEMPORADA,QUESOS MADURADOS,temporada,MONTE AZUL,IMPORTADO,2025-03
C014,110105,2025-03-31,60,9.0,45.0,6.75,504090.0,2.0,0.3,29450.0,325.0,321.0,48.75,47.55,64.0,10.200000000000003,False,10.200000000000003,0.515,15.450000000000001,19.805825242718452,2025-03-01,Plaza Hogar,Grandes Superficies,Occidente,Valle del Cauca,Cali,Hipermercado,PROVOLONE TAJADO LOMA DORADA 150G,0.15,UND,PROVOLONE,QUESOS TAJADOS PREMIUM,QUESOS MADURADOS,regular,LOMA DORADA,IMPORTADO,2025-03
C014,120103,2025-03-31,87,17.4,0.0,0.0,0.0,6.0,1.2,60780.0,461.0,478.0,93.53999999999999,95.504,70.0,15.435999999999993,False,15.435999999999993,0.9933333333333334,29.8,15.539597315436234,2025-03-01,Plaza Hogar,Grandes Superficies,Occidente,Valle del Cauca,Cali,Hipermercado,QUESO CREMA CAMPOCLARO 200G,0.2,UND,CREMAS,UNTABLES,QUESOS FRESCOS,regular,CAMPOCLARO,NACIONAL,2025-03
C004,120101,2025-03-31,269,67.25,0.0,0.0,0.0,23.0,5.75,209410.0,1580.0,1708.0,395.0,416.25,141.0,46.0,False,46.0,5.175,155.25,8.88888888888889,2025-03-01,Descuento Ya,Hard Discount,Centro,Bogotá y Sabana,Bogotá,Discounter,MOZZARELLA TAJADA CAMPOCLARO 250G,0.25,UND,MOZZARELLA,QUESOS TAJADOS,QUESOS FRESCOS,regular,CAMPOCLARO,NACIONAL,2025-03
C006,120104,2025-03-31,92,18.4,0.0,0.0,0.0,3.0,0.6,21750.0,650.0,699.0,130.0,136.4,43.0,12.0,False,12.0,1.5399999999999998,46.199999999999996,7.792207792207793,2025-03-01,PuntoMenos Caribe,Hard Discount,Caribe,Costa Norte,Cartagena,Discounter,MOZZARELLA LIGHT CAMPOCLARO 200G,0.2,UND,MOZZARELLA,QUESOS TAJADOS,QUESOS FRESCOS,regular,CAMPOCLARO,NACIONAL,2025-03
C004,120103,2025-03-31,174,34.8,0.0,0.0,0.0,15.0,3.0,139350.0,1268.0,1283.0,253.6,256.74399999999997,159.0,31.656000000000006,False,31.656000000000006,2.978133333333333,89.344,10.6294770773639,2025-03-01,Descuento Ya,Hard Discount,Centro,Bogotá y Sabana,Bogotá,Discounter,QUESO CREMA CAMPOCLARO 200G,0.2,UND,CREMAS,UNTABLES,QUESOS FRESCOS,regular,CAMPOCLARO,NACIONAL,2025-03
C006,900102,2025-03-31,75,6.0,0.0,0.0,0.0,4.0,0.32,34850.0,392.0,416.0,28.08,33.04,51.0,1.0399999999999991,False,1.0399999999999991,0.34933333333333333,10.48,2.977099236641219,2025-03-01,PuntoMenos Caribe,Hard Discount,Caribe,Costa Norte,Cartagena,Discounter,PEPPERONI TAJADO CASA IBERIA 80G,0.08,UND,PEPPERONI,CHARCUTERIA,CARNES MADURADAS,regular,CASA IBERIA,IMPORTADO,2025-03
C017,300101,2025-03-31,6,1.38,0.0,0.0,0.0,0.0,0.0,0.0,57.0,59.0,13.11,13.57,4.0,0.9199999999999982,False,0.9199999999999982,0.161,4.83,5.714285714285703,2025-03-01,RapiExpress,E-commerce,Centro,Bogotá y Sabana,Bogotá,Quick Commerce,JAMON DE CERDO FINAS LONCHAS SIERRA CARNES 230G,0.23,UND,JAMON CERDO,LONCHAS,CARNES FRIAS,regular,SIERRA CARNES,NACIONAL,2025-03
C018,120103,2025-03-31,112,22.4,0.0,0.0,0.0,4.0,0.8,36610.0,821.0,863.0,164.2,170.6,70.0,16.0,False,16.0,2.06,61.8,7.766990291262136,2025-03-01,Cadena Uno,Hard Discount,Occidente,Valle del Cauca,Cali,Discounter,QUESO CREMA CAMPOCLARO 200G,0.2,UND,CREMAS,UNTABLES,QUESOS FRESCOS,regular,CAMPOCLARO,NACIONAL,2025-03
C013,110109,2025-03-31,13,1.95,0.0,0.0,0.0,1.0,0.15,17370.0,78.0,79.0,11.7,11.238,12.0,2.411999999999999,False,2.411999999999999,0.11959999999999998,3.5879999999999996,20.16722408026755,2025-03-01,La Mesa Premium,Tiendas Especializadas,Occidente,,Cali,Especialidad,IBERICO CUÑA MONTE AZUL 150G,0.15,UND,IBERICO,CUÑAS PREMIUM,QUESOS MADURADOS,regular,MONTE AZUL,IMPORTADO,2025-03
C016,110115,2025-03-31,46,11.5,0.0,0.0,0.0,2.0,0.5,51380.0,211.0,230.0,52.75,57.42,27.0,6.829999999999998,False,6.829999999999998,0.6333333333333333,19.0,10.784210526315787,2025-03-01,Canasta Familiar,Grandes Superficies,Santanderes,Bucaramanga Metropolitana,Bucaramanga,Supermercado,FETA CUBOS CASA SIERRA 250G,0.25,UND,FETA,ESPECIALES,QUESOS MADURADOS,regular,CASA SIERRA,IMPORTADO,2025-03
C014,110101,2025-03-31,70,10.5,0.0,0.0,0.0,5.0,0.75,71850.0,374.0,386.0,56.1,57.3,58.0,9.299999999999997,False,9.299999999999997,0.575,17.25,16.173913043478258,2025-03-01,Plaza Hogar,Grandes Superficies,Occidente,Valle del Cauca,Cali,Hipermercado,GOUDA AHUMADO TAJADO LOMA DORADA 150G,0.15,UND,GOUDA AHUMADO,QUESOS TAJADOS PREMIUM,QUESOS MADURADOS,regular,LOMA DORADA,IMPORTADO,2025-03
C014,130103,2025-03-31,91,26.208,80.0,23.04,503810.0,9.0,2.592,74460.0,680.0,648.0,195.84,181.878,123.0,40.170000000000016,False,40.170000000000016,1.8674,56.022,21.51119203170184,2025-03-01,Plaza Hogar,Grandes Superficies,Occidente,Valle del Cauca,Cali,Hipermercado,LONCHAS AMERICANAS DELILAT 288G,0.288,UND,CHEDDAR ANALOGO,LONCHITAS,QUESOS ANALOGOS,regular,DELILAT,MAQUILA,2025-03
C001,900101,2025-03-31,80,6.4,0.0,0.0,0.0,4.0,0.32,39810.0,550.0,554.0,44.0,43.6,76.0,6.799999999999997,False,6.799999999999997,0.47200000000000003,14.16,14.406779661016943,2025-03-01,HiperMax Nacional,Grandes Superficies,Centro,Bogotá y Sabana,Bogotá,Hipermercado,SALAMI TAJADO CASA IBERIA 80G,0.08,UND,SALAMI,CHARCUTERIA,CARNES MADURADAS,regular,CASA IBERIA,IMPORTADO,2025-03
C013,110115,2025-03-31,11,2.75,0.0,0.0,0.0,0.0,0.0,0.0,80.0,81.0,20.0,20.0,10.0,2.75,False,2.75,0.23333333333333334,7.0,11.785714285714285,2025-03-01,La Mesa Premium,Tiendas Especializadas,Occidente,,Cali,Especialidad,FETA CUBOS CASA SIERRA 250G,0.25,UND,FETA,ESPECIALES,QUESOS MADURADOS,regular,CASA SIERRA,IMPORTADO,2025-03
C012,110102,2025-03-31,21,3.15,0.0,0.0,0.0,1.0,0.15,16420.0,97.0,103.0,8.7,15.149999999999999,15.0,-3.299999999999999,True,0.0,0.175,5.25,0.0,2025-03-01,Delimarket Gourmet,Tiendas Especializadas,Centro,Bogotá y Sabana,Bogotá,Especialidad,HOLANDES TAJADO LOMA DORADA 150G,0.15,UND,HOLANDES,QUESOS TAJADOS PREMIUM,QUESOS MADURADOS,regular,LOMA DORADA,IMPORTADO,2025-03
C014,130101,2025-03-31,100,15.0,0.0,0.0,0.0,9.0,1.35,50870.0,669.0,669.0,100.35,100.35,100.0,15.0,False,15.0,1.18,35.4,12.711864406779661,2025-03-01,Plaza Hogar,Grandes Superficies,Occidente,Valle del Cauca,Cali,Hipermercado,CHEDDAR ESTILO AMERICANO DELILAT 150G,0.15,UND,CHEDDAR ANALOGO,LONCHAS,QUESOS ANALOGOS,regular,DELILAT,MAQUILA,2025-03
C012,900103,2025-03-31,29,2.32,0.0,0.0,0.0,1.0,0.08,12120.0,149.0,157.0,10.4,12.4,21.0,0.3200000000000003,False,0.3200000000000003,0.16266666666666665,4.88,1.9672131147541003,2025-03-01,Delimarket Gourmet,Tiendas Especializadas,Centro,Bogotá y Sabana,Bogotá,Especialidad,JAMON SERRANO TAJADO CASA IBERIA 80G,0.08,UND,JAMON SERRANO,CHARCUTERIA,CARNES MADURADAS,regular,CASA IBERIA,IMPORTADO,2025-03
C001,190102,2025-03-31,26,13.0,0.0,0.0,0.0,0.0,0.0,0.0,0.0,1.0,0.0,0.5,25.0,12.5,False,12.5,0.0,0.0,,2025-03-01,HiperMax Nacional,Grandes Superficies,Centro,Bogotá y Sabana,Bogotá,Hipermercado,DUO FESTIVO QUESOS Y CARNES 500G,0.5,UND,MIXTO QUESOS-CARNES,TEMPORADA,QUESOS MADURADOS,temporada,MONTE AZUL,MAQUILA,2025-03
C016,900104,2025-03-31,54,4.32,0.0,0.0,0.0,6.0,0.0,55430.0,330.0,334.0,26.4,25.52,50.0,5.199999999999999,False,5.199999999999999,0.26666666666666666,8.0,19.499999999999996,2025-03-01,Canasta Familiar,Grandes Superficies,Santanderes,Bucaramanga Metropolitana,Bucaramanga,Supermercado,CHORIZO TAJADO CASA IBERIA 80G,0.08,UND,CHORIZO,CHARCUTERIA,CARNES MADURADAS,regular,CASA IBERIA,IMPORTADO,2025-03
C015,300101,2025-03-31,15,3.45,0.0,0.0,0.0,0.0,0.0,0.0,110.0,114.0,25.024,26.22,11.0,2.2540000000000013,False,2.2540000000000013,0.2836666666666667,8.51,7.94594594594595,2025-03-01,Abarrotes Norte,Tradicional Modernizado,Caribe,Costa Norte,Barranquilla,Supermercado Regional,JAMON DE CERDO FINAS LONCHAS SIERRA CARNES 230G,0.23,UND,JAMON CERDO,LONCHAS,CARNES FRIAS,regular,SIERRA CARNES,NACIONAL,2025-03
C006,130104,2025-03-31,112,16.8,0.0,0.0,0.0,3.0,0.45,16550.0,809.0,871.0,121.35,129.168,50.0,8.982,False,8.982,1.4856,44.568,6.046042003231017,2025-03-01,PuntoMenos Caribe,Hard Discount,Caribe,Costa Norte,Cartagena,Discounter,PIZZA MIX RALLADO DELILAT 150G,0.15,UND,MIXTO QUESOS,RALLADOS,QUESOS ANALOGOS,regular,DELILAT,MAQUILA,2025-03
C003,900104,2025-03-31,92,7.36,0.0,0.0,0.0,4.0,0.32,36510.0,419.0,462.0,33.52,36.32,49.0,4.560000000000002,False,4.560000000000002,0.4,12.0,11.400000000000006,2025-03-01,MaxiCompra Caribe,Grandes Superficies,Caribe,Costa Norte,Barranquilla,Supermercado,CHORIZO TAJADO CASA IBERIA 80G,0.08,UND,CHORIZO,CHARCUTERIA,CARNES MADURADAS,regular,CASA IBERIA,IMPORTADO,2025-03
C001,110105,2025-03-31,88,13.2,0.0,0.0,0.0,8.0,1.2,117390.0,465.0,504.0,69.75,75.504,49.0,7.445999999999998,False,7.445999999999998,0.8900000000000001,26.700000000000003,8.366292134831458,2025-03-01,HiperMax Nacional,Grandes Superficies,Centro,Bogotá y Sabana,Bogotá,Hipermercado,PROVOLONE TAJADO LOMA DORADA 150G,0.15,UND,PROVOLONE,QUESOS TAJADOS PREMIUM,QUESOS MADURADOS,regular,LOMA DORADA,IMPORTADO,2025-03
C017,120101,2025-03-31,6,1.5,7.0,1.75,53530.0,1.0,0.25,10920.0,57.0,56.0,12.5,14.02,7.0,-0.019999999999999574,True,0.0,0.18333333333333332,5.5,0.0,2025-03-01,RapiExpress,E-commerce,Centro,Bogotá y Sabana,Bogotá,Quick Commerce,MOZZARELLA TAJADA CAMPOCLARO 250G,0.25,UND,MOZZARELLA,QUESOS TAJADOS,QUESOS FRESCOS,regular,CAMPOCLARO,NACIONAL,2025-03
C002,110115,2025-03-31,68,17.0,0.0,0.0,0.0,7.0,1.75,173970.0,305.0,328.0,76.25,78.75,45.0,14.5,False,14.5,0.7666666666666667,23.0,18.913043478260867,2025-03-01,SuperAhorro,Grandes Superficies,Antioquia,Valle de Aburrá,Medellín,Supermercado,FETA CUBOS CASA SIERRA 250G,0.25,UND,FETA,ESPECIALES,QUESOS MADURADOS,regular,CASA SIERRA,IMPORTADO,2025-03
C001,110112,2025-03-31,239,23.9,0.0,0.0,0.0,9.0,0.0,62080.0,953.0,1061.0,95.3,105.304,131.0,13.895999999999987,False,13.895999999999987,1.1066666666666667,33.2,12.556626506024084,2025-03-01,HiperMax Nacional,Grandes Superficies,Centro,Bogotá y Sabana,Bogotá,Hipermercado,PARMESANO RALLADO ORO LECHE 100G,0.1,UND,TIPO PARMESANO,RALLADOS,QUESO PARMESANO,regular,ORO LECHE,MAQUILA,2025-03
C002,900104,2025-03-31,92,7.36,60.0,4.8,412780.0,4.0,0.32,37950.0,398.0,410.0,31.84,32.599000000000004,80.0,6.600999999999999,False,6.600999999999999,0.39553333333333335,11.866,16.688858924658685,2025-03-01,SuperAhorro,Grandes Superficies,Antioquia,Valle de Aburrá,Medellín,Supermercado,CHORIZO TAJADO CASA IBERIA 80G,0.08,UND,CHORIZO,CHARCUTERIA,CARNES MADURADAS,regular,CASA IBERIA,IMPORTADO,2025-03
C003,110103,2025-03-31,72,10.8,45.0,6.75,494630.0,3.0,0.45,44020.0,372.0,372.0,55.8,55.848,72.0,10.751999999999995,False,10.751999999999995,0.55,16.5,19.5490909090909,2025-03-01,MaxiCompra Caribe,Grandes Superficies,Caribe,Costa Norte,Barranquilla,Supermercado,MUENSTER TAJADO LOMA DORADA 150G,0.15,UND,MUENSTER,QUESOS TAJADOS PREMIUM,QUESOS MADURADOS,regular,LOMA DORADA,IMPORTADO,2025-03
C017,190101,2025-03-31,1,0.4,0.0,0.0,0.0,0.0,0.0,0.0,0.0,1.0,0.0,0.4,0.0,0.0,False,0.0,0.0,0.0,,2025-03-01,RapiExpress,E-commerce,Centro,Bogotá y Sabana,Bogotá,Quick Commerce,TABLA APERITIVO NAVIDEÑA MONTE AZUL 400G,0.4,UND,MIXTO QUESOS,TEMPORADA,QUESOS MADURADOS,temporada,MONTE AZUL,IMPORTADO,2025-03
C012,110115,2025-03-31,18,4.5,0.0,0.0,0.0,1.0,0.25,27310.0,82.0,96.0,18.15,22.75,4.0,-0.10000000000000142,True,0.0,0.26666666666666666,8.0,0.0,2025-03-01,Delimarket Gourmet,Tiendas Especializadas,Centro,Bogotá y Sabana,Bogotá,Especialidad,FETA CUBOS CASA SIERRA 250G,0.25,UND,FETA,ESPECIALES,QUESOS MADURADOS,regular,CASA SIERRA,IMPORTADO,2025-03
C016,110103,2025-03-31,45,6.75,34.0,5.1,381100.0,6.0,0.9,86900.0,279.0,268.0,41.85,39.69,56.0,8.910000000000004,False,8.910000000000004,0.43499999999999994,13.049999999999999,20.482758620689665,2025-03-01,Canasta Familiar,Grandes Superficies,Santanderes,Bucaramanga Metropolitana,Bucaramanga,Supermercado,MUENSTER TAJADO LOMA DORADA 150G,0.15,UND,MUENSTER,QUESOS TAJADOS PREMIUM,QUESOS MADURADOS,regular,LOMA DORADA,IMPORTADO,2025-03
C004,130104,2025-03-31,245,36.75,0.0,0.0,0.0,27.0,4.05,145360.0,1315.0,1433.0,169.8,214.782,127.0,-8.232,True,0.0,2.605,78.15,0.0,2025-03-01,Descuento Ya,Hard Discount,Centro,Bogotá y Sabana,Bogotá,Discounter,PIZZA MIX RALLADO DELILAT 150G,0.15,UND,MIXTO QUESOS,RALLADOS,QUESOS ANALOGOS,regular,DELILAT,MAQUILA,2025-03
C012,900104,2025-03-31,26,2.08,0.0,0.0,0.0,2.0,0.173,20350.0,93.0,105.0,7.44,8.4,14.0,1.1199999999999992,False,1.1199999999999992,0.09866666666666667,2.96,11.351351351351344,2025-03-01,Delimarket Gourmet,Tiendas Especializadas,Centro,Bogotá y Sabana,Bogotá,Especialidad,CHORIZO TAJADO CASA IBERIA 80G,0.08,UND,CHORIZO,CHARCUTERIA,CARNES MADURADAS,regular,CASA IBERIA,IMPORTADO,2025-03
C015,130101,2025-03-31,29,4.35,0.0,0.0,0.0,3.0,0.45,16590.0,165.0,170.0,24.75,24.762,24.0,4.338000000000001,False,4.338000000000001,0.2604,7.812,16.65898617511521,2025-03-01,Abarrotes Norte,Tradicional Modernizado,Caribe,Costa Norte,Barranquilla,Supermercado Regional,CHEDDAR ESTILO AMERICANO DELILAT 150G,0.15,UND,CHEDDAR ANALOGO,LONCHAS,QUESOS ANALOGOS,regular,DELILAT,MAQUILA,2025-03
C016,190101,2025-03-31,16,6.4,0.0,0.0,0.0,0.0,0.0,0.0,0.0,1.0,0.0,0.4,15.0,6.0,False,6.0,0.013333333333333334,0.4,449.99999999999994,2025-03-01,Canasta Familiar,Grandes Superficies,Santanderes,Bucaramanga Metropolitana,Bucaramanga,Supermercado,TABLA APERITIVO NAVIDEÑA MONTE AZUL 400G,0.4,UND,MIXTO QUESOS,TEMPORADA,QUESOS MADURADOS,temporada,MONTE AZUL,IMPORTADO,2025-03
C013,110105,2025-03-31,17,2.55,0.0,0.0,0.0,0.0,0.0,0.0,54.0,59.0,8.1,8.85,12.0,1.799999999999999,False,1.799999999999999,0.11999999999999998,3.5999999999999996,14.999999999999993,2025-03-01,La Mesa Premium,Tiendas Especializadas,Occidente,,Cali,Especialidad,PROVOLONE TAJADO LOMA DORADA 150G,0.15,UND,PROVOLONE,QUESOS TAJADOS PREMIUM,QUESOS MADURADOS,regular,LOMA DORADA,IMPORTADO,2025-03
C016,190103,2025-03-31,18,10.8,0.0,0.0,0.0,0.0,0.0,0.0,0.0,1.0,0.0,0.6,17.0,10.200000000000001,False,10.200000000000001,0.0,0.0,,2025-03-01,Canasta Familiar,Grandes Superficies,Santanderes,Bucaramanga Metropolitana,Bucaramanga,Supermercado,RACLETTE CELEBRACION LOMA DORADA 600G,0.6,UND,MIXTO QUESOS,TEMPORADA,QUESOS MADURADOS,temporada,LOMA DORADA,IMPORTADO,2025-03
C013,900101,2025-03-31,19,1.52,0.0,0.0,0.0,2.0,0.16,22210.0,57.0,72.0,4.56,5.76,4.0,0.3200000000000003,False,0.3200000000000003,0.07733333333333332,2.32,4.1379310344827624,2025-03-01,La Mesa Premium,Tiendas Especializadas,Occidente,,Cali,Especialidad,SALAMI TAJADO CASA IBERIA 80G,0.08,UND,SALAMI,CHARCUTERIA,CARNES MADURADAS,regular,CASA IBERIA,IMPORTADO,2025-03
C016,300102,2025-03-31,55,12.65,0.0,0.0,0.0,5.0,1.15,48010.0,316.0,322.0,72.68,74.06,49.0,11.27000000000001,False,11.27000000000001,0.782,23.46,14.411764705882366,2025-03-01,Canasta Familiar,Grandes Superficies,Santanderes,Bucaramanga Metropolitana,Bucaramanga,Supermercado,JAMON DE PAVO FINAS LONCHAS SIERRA CARNES 230G,0.23,UND,JAMON PAVO,LONCHAS,CARNES FRIAS,regular,SIERRA CARNES,NACIONAL,2025-03
C014,900103,2025-03-31,71,5.68,0.0,0.0,0.0,5.0,0.4,55140.0,349.0,377.0,27.92,30.16,43.0,3.4400000000000013,False,3.4400000000000013,0.31466666666666665,9.44,10.932203389830514,2025-03-01,Plaza Hogar,Grandes Superficies,Occidente,Valle del Cauca,Cali,Hipermercado,JAMON SERRANO TAJADO CASA IBERIA 80G,0.08,UND,JAMON SERRANO,CHARCUTERIA,CARNES MADURADAS,regular,CASA IBERIA,IMPORTADO,2025-03
C015,110112,2025-03-31,32,3.2,0.0,0.0,0.0,3.0,0.3,19620.0,185.0,188.0,18.5,18.2,29.0,3.5,False,3.5,0.18666666666666665,5.6,18.750000000000004,2025-03-01,Abarrotes Norte,Tradicional Modernizado,Caribe,Costa Norte,Barranquilla,Supermercado Regional,PARMESANO RALLADO ORO LECHE 100G,0.1,UND,TIPO PARMESANO,RALLADOS,QUESO PARMESANO,regular,ORO LECHE,MAQUILA,2025-03
C001,110102,2025-03-31,87,13.05,65.0,9.75,707280.0,4.0,0.6,57150.0,547.0,525.0,82.05,75.45,109.0,19.64999999999999,False,19.64999999999999,0.7949999999999999,23.849999999999998,24.716981132075464,2025-03-01,HiperMax Nacional,Grandes Superficies,Centro,Bogotá y Sabana,Bogotá,Hipermercado,HOLANDES TAJADO LOMA DORADA 150G,0.15,UND,HOLANDES,QUESOS TAJADOS PREMIUM,QUESOS MADURADOS,regular,LOMA DORADA,IMPORTADO,2025-03
C005,130104,2025-03-31,185,27.75,0.0,0.0,0.0,16.0,2.4,86710.0,1393.0,1455.0,208.95,215.55,123.0,21.149999999999977,False,21.149999999999977,2.415,72.45,8.75776397515527,2025-03-01,PrecioListo,Hard Discount,Antioquia,Valle de Aburrá,Medellín,Discounter,PIZZA MIX RALLADO DELILAT 150G,0.15,UND,MIXTO QUESOS,RALLADOS,QUESOS ANALOGOS,regular,DELILAT,MAQUILA,2025-03
C014,110112,2025-03-31,98,9.8,73.0,7.3,372730.0,3.0,0.3,20450.0,698.0,669.0,69.8,65.512,127.0,14.087999999999994,False,14.087999999999994,0.7384000000000001,22.152,19.079089924160336,2025-03-01,Plaza Hogar,Grandes Superficies,Occidente,Valle del Cauca,Cali,Hipermercado,PARMESANO RALLADO ORO LECHE 100G,0.1,UND,TIPO PARMESANO,RALLADOS,QUESO PARMESANO,regular,ORO LECHE,MAQUILA,2025-03
C004,900102,2025-03-31,149,11.92,0.0,0.0,0.0,12.0,0.0,104910.0,798.0,853.0,63.84,64.58500000000001,94.0,11.174999999999997,False,11.174999999999997,0.8434,25.302,13.249940716148917,2025-03-01,Descuento Ya,Hard Discount,Centro,Bogotá y Sabana,Bogotá,Discounter,PEPPERONI TAJADO CASA IBERIA 80G,0.08,UND,PEPPERONI,CHARCUTERIA,CARNES MADURADAS,regular,CASA IBERIA,IMPORTADO,2025-03
C002,110110,2025-03-31,31,11.16,0.0,0.0,0.0,1.0,0.36,34130.0,144.0,156.0,51.84,54.72,19.0,8.280000000000001,False,8.280000000000001,0.6,18.0,13.800000000000002,2025-03-01,SuperAhorro,Grandes Superficies,Antioquia,Valle de Aburrá,Medellín,Supermercado,MIX QUESOS PREMIUM MONTE AZUL 360G,0.36,UND,MIXTO QUESOS,MEZCLAS PREMIUM,QUESOS MADURADOS,regular,MONTE AZUL,IMPORTADO,2025-03
C014,190101,2025-03-31,23,9.2,0.0,0.0,0.0,1.0,0.4,25990.0,0.0,1.0,0.0,0.4,22.0,8.799999999999999,False,8.799999999999999,0.013333333333333334,0.4,659.9999999999999,2025-03-01,Plaza Hogar,Grandes Superficies,Occidente,Valle del Cauca,Cali,Hipermercado,TABLA APERITIVO NAVIDEÑA MONTE AZUL 400G,0.4,UND,MIXTO QUESOS,TEMPORADA,QUESOS MADURADOS,temporada,MONTE AZUL,IMPORTADO,2025-03
C003,110113,2025-03-31,58,14.5,0.0,0.0,0.0,3.0,0.75,47270.0,386.0,399.0,96.5,98.0,45.0,13.0,False,13.0,1.0333333333333334,31.0,12.580645161290322,2025-03-01,MaxiCompra Caribe,Grandes Superficies,Caribe,Costa Norte,Barranquilla,Supermercado,PARMESANO RALLADO ORO LECHE 250G,0.25,UND,TIPO PARMESANO,RALLADOS,QUESO PARMESANO,regular,ORO LECHE,MAQUILA,2025-03
C013,110110,2025-03-31,10,3.6,0.0,0.0,0.0,0.0,0.0,0.0,29.0,38.0,8.64,12.959999999999999,1.0,-0.7199999999999989,True,0.0,0.16799999999999998,5.039999999999999,0.0,2025-03-01,La Mesa Premium,Tiendas Especializadas,Occidente,,Cali,Especialidad,MIX QUESOS PREMIUM MONTE AZUL 360G,0.36,UND,MIXTO QUESOS,MEZCLAS PREMIUM,QUESOS MADURADOS,regular,MONTE AZUL,IMPORTADO,2025-03
C001,110107,2025-03-31,61,7.625,57.0,7.125,552870.0,1.0,0.125,12720.0,440.0,425.0,55.0,51.625,76.0,11.0,False,11.0,0.5541666666666667,16.625,19.849624060150376,2025-03-01,HiperMax Nacional,Grandes Superficies,Centro,Bogotá y Sabana,Bogotá,Hipermercado,CAMEMBERT CUÑA MONTE AZUL 125G,0.125,UND,CAMEMBERT,QUESOS BLANDOS,QUESOS MADURADOS,regular,MONTE AZUL,IMPORTADO,2025-03
C003,900101,2025-03-31,53,4.24,0.0,0.0,0.0,3.0,0.24,30380.0,290.0,311.0,23.2,24.72,32.0,2.719999999999999,False,2.719999999999999,0.26133333333333336,7.840000000000001,10.408163265306117,2025-03-01,MaxiCompra Caribe,Grandes Superficies,Caribe,Costa Norte,Barranquilla,Supermercado,SALAMI TAJADO CASA IBERIA 80G,0.08,UND,SALAMI,CHARCUTERIA,CARNES MADURADAS,regular,CASA IBERIA,IMPORTADO,2025-03
C014,110110,2025-03-31,33,11.88,0.0,0.0,0.0,2.0,0.72,68650.0,173.0,181.0,62.28,62.64,25.0,11.519999999999996,False,11.519999999999996,0.8160000000000001,24.48,14.117647058823524,2025-03-01,Plaza Hogar,Grandes Superficies,Occidente,Valle del Cauca,Cali,Hipermercado,MIX QUESOS PREMIUM MONTE AZUL 360G,0.36,UND,MIXTO QUESOS,MEZCLAS PREMIUM,QUESOS MADURADOS,regular,MONTE AZUL,IMPORTADO,2025-03
C005,300101,2025-03-31,108,24.84,0.0,0.0,0.0,12.0,2.76,98170.0,941.0,979.0,216.43,215.308,70.0,25.962000000000018,False,25.962000000000018,2.415,72.45,10.750310559006218,2025-03-01,PrecioListo,Hard Discount,Antioquia,Valle de Aburrá,Medellín,Discounter,JAMON DE CERDO FINAS LONCHAS SIERRA CARNES 230G,0.23,UND,JAMON CERDO,LONCHAS,CARNES FRIAS,regular,SIERRA CARNES,NACIONAL,2025-03
C001,110115,2025-03-31,84,21.0,0.0,0.0,0.0,7.0,1.75,172600.0,448.0,483.0,112.0,114.85,49.0,18.150000000000006,False,18.150000000000006,1.5450000000000002,46.35,11.747572815533983,2025-03-01,HiperMax Nacional,Grandes Superficies,Centro,Bogotá y Sabana,Bogotá,Hipermercado,FETA CUBOS CASA SIERRA 250G,0.25,UND,FETA,ESPECIALES,QUESOS MADURADOS,regular,CASA SIERRA,IMPORTADO,2025-03
C013,110107,2025-03-31,12,1.5,0.0,0.0,0.0,0.0,0.0,0.0,53.0,53.0,6.625,6.625,12.0,1.5,False,1.5,0.058333333333333334,1.75,25.714285714285715,2025-03-01,La Mesa Premium,Tiendas Especializadas,Occidente,,Cali,Especialidad,CAMEMBERT CUÑA MONTE AZUL 125G,0.125,UND,CAMEMBERT,QUESOS BLANDOS,QUESOS MADURADOS,regular,MONTE AZUL,IMPORTADO,2025-03
C002,110114,2025-03-31,66,16.5,36.0,9.0,670010.0,2.0,0.5,47980.0,297.0,299.0,74.25,74.27,64.0,16.480000000000004,False,16.480000000000004,0.8576666666666667,25.73,19.21492421298096,2025-03-01,SuperAhorro,Grandes Superficies,Antioquia,Valle de Aburrá,Medellín,Supermercado,GOUDA NATURAL CUÑA LOMA DORADA 250G,0.25,UND,GOUDA NATURAL,CUÑAS,QUESOS MADURADOS,regular,LOMA DORADA,IMPORTADO,2025-03
C013,110114,2025-03-31,14,3.5,0.0,0.0,0.0,0.0,0.0,0.0,61.0,72.0,15.25,17.25,3.0,1.5,False,1.5,0.18333333333333332,5.5,8.181818181818182,2025-03-01,La Mesa Premium,Tiendas Especializadas,Occidente,,Cali,Especialidad,GOUDA NATURAL CUÑA LOMA DORADA 250G,0.25,UND,GOUDA NATURAL,CUÑAS,QUESOS MADURADOS,regular,LOMA DORADA,IMPORTADO,2025-03
C002,110101,2025-03-31,73,10.95,0.0,0.0,0.0,6.0,0.0,87790.0,332.0,354.0,49.800000000000004,50.4,51.0,10.350000000000001,False,10.350000000000001,0.5800000000000001,17.400000000000002,17.844827586206897,2025-03-01,SuperAhorro,Grandes Superficies,Antioquia,Valle de Aburrá,Medellín,Supermercado,GOUDA AHUMADO TAJADO LOMA DORADA 150G,0.15,UND,GOUDA AHUMADO,QUESOS TAJADOS PREMIUM,QUESOS MADURADOS,regular,LOMA DORADA,IMPORTADO,2025-03
C002,300102,2025-03-31,97,22.31,0.0,0.0,0.0,4.0,0.92,38620.0,392.0,427.0,90.16,96.36999999999999,62.0,16.10000000000001,False,16.10000000000001,0.9890000000000001,29.67,16.279069767441868,2025-03-01,SuperAhorro,Grandes Superficies,Antioquia,Valle de Aburrá,Medellín,Supermercado,JAMON DE PAVO FINAS LONCHAS SIERRA CARNES 230G,0.23,UND,JAMON PAVO,LONCHAS,CARNES FRIAS,regular,SIERRA CARNES,NACIONAL,2025-03
C006,130103,2025-03-31,124,35.712,0.0,0.0,0.0,5.0,1.44,37090.0,881.0,943.0,253.728,261.216,62.0,28.22399999999999,False,28.22399999999999,2.7840000000000003,83.52000000000001,10.137931034482754,2025-03-01,PuntoMenos Caribe,Hard Discount,Caribe,Costa Norte,Cartagena,Discounter,LONCHAS AMERICANAS DELILAT 288G,0.288,UND,CHEDDAR ANALOGO,LONCHITAS,QUESOS ANALOGOS,regular,DELILAT,MAQUILA,2025-03
C006,130101,2025-03-31,242,36.3,0.0,0.0,0.0,16.0,2.4,82880.0,1643.0,1720.0,246.45,255.3,165.0,27.44999999999999,False,27.44999999999999,2.825,84.75,9.716814159292031,2025-03-01,PuntoMenos Caribe,Hard Discount,Caribe,Costa Norte,Cartagena,Discounter,CHEDDAR ESTILO AMERICANO DELILAT 150G,0.15,UND,CHEDDAR ANALOGO,LONCHAS,QUESOS ANALOGOS,regular,DELILAT,MAQUILA,2025-03
C004,120104,2025-03-31,177,35.4,0.0,0.0,0.0,17.0,3.4,123830.0,1110.0,1185.0,222.0,235.488,102.0,21.911999999999978,False,21.911999999999978,2.756266666666667,82.688,7.949883900928784,2025-03-01,Descuento Ya,Hard Discount,Centro,Bogotá y Sabana,Bogotá,Discounter,MOZZARELLA LIGHT CAMPOCLARO 200G,0.2,UND,MOZZARELLA,QUESOS TAJADOS,QUESOS FRESCOS,regular,CAMPOCLARO,NACIONAL,2025-03
C001,900104,2025-03-31,106,8.48,77.0,6.16,532100.0,5.0,0.4,47190.0,636.0,624.0,50.88,48.800000000000004,118.0,10.559999999999995,False,10.559999999999995,0.5226666666666666,15.68,20.204081632653054,2025-03-01,HiperMax Nacional,Grandes Superficies,Centro,Bogotá y Sabana,Bogotá,Hipermercado,CHORIZO TAJADO CASA IBERIA 80G,0.08,UND,CHORIZO,CHARCUTERIA,CARNES MADURADAS,regular,CASA IBERIA,IMPORTADO,2025-03
C001,120104,2025-03-31,143,28.6,97.0,19.4,589730.0,6.0,1.2,49170.0,615.0,631.0,123.0,126.2,127.0,25.39999999999999,False,25.39999999999999,1.4800000000000002,44.400000000000006,17.162162162162154,2025-03-01,HiperMax Nacional,Grandes Superficies,Centro,Bogotá y Sabana,Bogotá,Hipermercado,MOZZARELLA LIGHT CAMPOCLARO 200G,0.2,UND,MOZZARELLA,QUESOS TAJADOS,QUESOS FRESCOS,regular,CAMPOCLARO,NACIONAL,2025-03
C003,120103,2025-03-31,88,17.6,0.0,0.0,0.0,6.0,1.2,59310.0,394.0,428.0,78.8,84.0,54.0,12.400000000000006,False,12.400000000000006,0.9733333333333333,29.2,12.739726027397268,2025-03-01,MaxiCompra Caribe,Grandes Superficies,Caribe,Costa Norte,Barranquilla,Supermercado,QUESO CREMA CAMPOCLARO 200G,0.2,UND,CREMAS,UNTABLES,QUESOS FRESCOS,regular,CAMPOCLARO,NACIONAL,2025-03
C016,130103,2025-03-31,88,25.344,0.0,0.0,0.0,4.0,1.152,32230.0,430.0,451.0,123.84,129.819,67.0,19.36500000000001,False,19.36500000000001,1.5647999999999997,46.943999999999996,12.37538343558283,2025-03-01,Canasta Familiar,Grandes Superficies,Santanderes,Bucaramanga Metropolitana,Bucaramanga,Supermercado,LONCHAS AMERICANAS DELILAT 288G,0.288,UND,CHEDDAR ANALOGO,LONCHITAS,QUESOS ANALOGOS,regular,DELILAT,MAQUILA,2025-03
C002,120103,2025-03-31,97,19.4,0.0,0.0,0.0,8.0,1.6,80500.0,511.0,524.0,102.2,103.0,84.0,18.599999999999994,False,18.599999999999994,1.2266666666666666,36.8,15.163043478260866,2025-03-01,SuperAhorro,Grandes Superficies,Antioquia,Valle de Aburrá,Medellín,Supermercado,QUESO CREMA CAMPOCLARO 200G,0.2,UND,CREMAS,UNTABLES,QUESOS FRESCOS,regular,CAMPOCLARO,NACIONAL,2025-03
C014,110102,2025-03-31,74,11.1,45.0,6.75,501480.0,4.0,0.6,57240.0,313.0,321.0,46.95,47.838,66.0,10.212000000000003,False,10.212000000000003,0.4896,14.687999999999999,20.85784313725491,2025-03-01,Plaza Hogar,Grandes Superficies,Occidente,Valle del Cauca,Cali,Hipermercado,HOLANDES TAJADO LOMA DORADA 150G,0.15,UND,HOLANDES,QUESOS TAJADOS PREMIUM,QUESOS MADURADOS,regular,LOMA DORADA,IMPORTADO,2025-03
C018,130104,2025-03-31,188,28.2,0.0,0.0,0.0,9.0,1.35,47760.0,1043.0,1095.0,156.45,161.256,136.0,23.393999999999977,False,23.393999999999977,1.73,51.9,13.522543352601144,2025-03-01,Cadena Uno,Hard Discount,Occidente,Valle del Cauca,Cali,Discounter,PIZZA MIX RALLADO DELILAT 150G,0.15,UND,MIXTO QUESOS,RALLADOS,QUESOS ANALOGOS,regular,DELILAT,MAQUILA,2025-03
C014,300102,2025-03-31,61,14.03,0.0,0.0,0.0,1.0,0.23,9780.0,400.0,422.0,92.0,94.337,39.0,11.692999999999998,False,11.692999999999998,0.9659999999999999,28.979999999999997,12.104554865424431,2025-03-01,Plaza Hogar,Grandes Superficies,Occidente,Valle del Cauca,Cali,Hipermercado,JAMON DE PAVO FINAS LONCHAS SIERRA CARNES 230G,0.23,UND,JAMON PAVO,LONCHAS,CARNES FRIAS,regular,SIERRA CARNES,NACIONAL,2025-03
C016,110113,2025-03-31,46,11.5,39.0,9.75,452650.0,5.0,1.25,79630.0,297.0,286.0,64.0,70.15,57.0,5.349999999999994,False,5.349999999999994,0.7819999999999999,23.459999999999997,6.841432225063932,2025-03-01,Canasta Familiar,Grandes Superficies,Santanderes,Bucaramanga Metropolitana,Bucaramanga,Supermercado,PARMESANO RALLADO ORO LECHE 250G,0.25,UND,TIPO PARMESANO,RALLADOS,QUESO PARMESANO,regular,ORO LECHE,MAQUILA,2025-03
C017,900101,2025-03-31,4,0.32,0.0,0.0,0.0,0.0,0.0,0.0,42.0,43.0,3.12,3.446,3.0,-0.006000000000000227,True,0.0,0.024,0.72,0.0,2025-03-01,RapiExpress,E-commerce,Centro,Bogotá y Sabana,Bogotá,Quick Commerce,SALAMI TAJADO CASA IBERIA 80G,0.08,UND,SALAMI,CHARCUTERIA,CARNES MADURADAS,regular,CASA IBERIA,IMPORTADO,2025-03
C004,300101,2025-03-31,151,34.73,0.0,0.0,0.0,9.0,2.07,72090.0,1050.0,1092.0,241.5,251.16,109.0,25.07000000000002,False,25.07000000000002,2.6296666666666666,78.89,9.533527696793012,2025-03-01,Descuento Ya,Hard Discount,Centro,Bogotá y Sabana,Bogotá,Discounter,JAMON DE CERDO FINAS LONCHAS SIERRA CARNES 230G,0.23,UND,JAMON CERDO,LONCHAS,CARNES FRIAS,regular,SIERRA CARNES,NACIONAL,2025-03
C012,190101,2025-03-31,7,2.8,0.0,0.0,0.0,0.0,0.0,0.0,0.0,0.0,0.0,0.0,7.0,2.8,False,2.8,0.0,0.0,,2025-03-01,Delimarket Gourmet,Tiendas Especializadas,Centro,Bogotá y Sabana,Bogotá,Especialidad,TABLA APERITIVO NAVIDEÑA MONTE AZUL 400G,0.4,UND,MIXTO QUESOS,TEMPORADA,QUESOS MADURADOS,temporada,MONTE AZUL,IMPORTADO,2025-03
C001,300102,2025-03-31,84,19.32,72.0,16.56,522100.0,7.0,1.61,67020.0,607.0,582.0,139.61,132.94,109.0,25.99000000000001,False,25.99000000000001,1.357,40.71,19.152542372881364,2025-03-01,HiperMax Nacional,Grandes Superficies,Centro,Bogotá y Sabana,Bogotá,Hipermercado,JAMON DE PAVO FINAS LONCHAS SIERRA CARNES 230G,0.23,UND,JAMON PAVO,LONCHAS,CARNES FRIAS,regular,SIERRA CARNES,NACIONAL,2025-03
C003,900102,2025-03-31,85,6.8,0.0,0.0,0.0,5.0,0.4,49100.0,365.0,397.0,29.2,31.12,53.0,4.879999999999999,False,4.879999999999999,0.33066666666666666,9.92,14.758064516129028,2025-03-01,MaxiCompra Caribe,Grandes Superficies,Caribe,Costa Norte,Barranquilla,Supermercado,PEPPERONI TAJADO CASA IBERIA 80G,0.08,UND,PEPPERONI,CHARCUTERIA,CARNES MADURADAS,regular,CASA IBERIA,IMPORTADO,2025-03
C003,110115,2025-03-31,50,12.5,0.0,0.0,0.0,2.0,0.5,50810.0,319.0,316.0,79.75,79.1,53.0,13.150000000000006,False,13.150000000000006,0.8200000000000001,24.6,16.036585365853664,2025-03-01,MaxiCompra Caribe,Grandes Superficies,Caribe,Costa Norte,Barranquilla,Supermercado,FETA CUBOS CASA SIERRA 250G,0.25,UND,FETA,ESPECIALES,QUESOS MADURADOS,regular,CASA SIERRA,IMPORTADO,2025-03
C005,110113,2025-03-31,105,26.25,0.0,0.0,0.0,3.0,0.75,42430.0,653.0,704.0,141.5,172.32,54.0,-4.569999999999993,True,0.0,1.6916666666666667,50.75,0.0,2025-03-01,PrecioListo,Hard Discount,Antioquia,Valle de Aburrá,Medellín,Discounter,PARMESANO RALLADO ORO LECHE 250G,0.25,UND,TIPO PARMESANO,RALLADOS,QUESO PARMESANO,regular,ORO LECHE,MAQUILA,2025-03
C003,190103,2025-03-31,19,11.4,0.0,0.0,0.0,0.0,0.0,0.0,0.0,1.0,0.0,0.6,18.0,10.8,False,10.8,0.0,0.0,,2025-03-01,MaxiCompra Caribe,Grandes Superficies,Caribe,Costa Norte,Barranquilla,Supermercado,RACLETTE CELEBRACION LOMA DORADA 600G,0.6,UND,MIXTO QUESOS,TEMPORADA,QUESOS MADURADOS,temporada,LOMA DORADA,IMPORTADO,2025-03
C014,110104,2025-03-31,57,8.55,0.0,0.0,0.0,5.0,0.75,72970.0,388.0,394.0,58.2,57.45,51.0,9.299999999999997,False,9.299999999999997,0.72,21.599999999999998,12.916666666666663,2025-03-01,Plaza Hogar,Grandes Superficies,Occidente,Valle del Cauca,Cali,Hipermercado,COLBY JACK TAJADO LOMA DORADA 150G,0.15,UND,COLBY JACK,QUESOS TAJADOS PREMIUM,QUESOS MADURADOS,regular,LOMA DORADA,IMPORTADO,2025-03
C012,110107,2025-03-31,16,2.0,0.0,0.0,0.0,1.0,0.125,14140.0,77.0,83.0,9.625,10.375,10.0,1.25,False,1.25,0.12083333333333333,3.625,10.344827586206897,2025-03-01,Delimarket Gourmet,Tiendas Especializadas,Centro,Bogotá y Sabana,Bogotá,Especialidad,CAMEMBERT CUÑA MONTE AZUL 125G,0.125,UND,CAMEMBERT,QUESOS BLANDOS,QUESOS MADURADOS,regular,MONTE AZUL,IMPORTADO,2025-03
C016,900103,2025-03-31,66,5.28,0.0,0.0,0.0,7.0,0.0,75630.0,274.0,292.0,18.48,22.8,48.0,0.9600000000000009,False,0.9600000000000009,0.24533333333333332,7.359999999999999,3.913043478260873,2025-03-01,Canasta Familiar,Grandes Superficies,Santanderes,Bucaramanga Metropolitana,Bucaramanga,Supermercado,JAMON SERRANO TAJADO CASA IBERIA 80G,0.08,UND,JAMON SERRANO,CHARCUTERIA,CARNES MADURADAS,regular,CASA IBERIA,IMPORTADO,2025-03
C001,300101,2025-03-31,170,39.1,109.0,25.07,749680.0,10.0,2.3,91580.0,762.0,784.0,177.261,180.32,148.0,36.041,False,36.041,1.932,57.96,18.654761904761905,2025-03-01,HiperMax Nacional,Grandes Superficies,Centro,Bogotá y Sabana,Bogotá,Hipermercado,JAMON DE CERDO FINAS LONCHAS SIERRA CARNES 230G,0.23,UND,JAMON CERDO,LONCHAS,CARNES FRIAS,regular,SIERRA CARNES,NACIONAL,2025-03
C017,120103,2025-03-31,6,1.2,0.0,0.0,0.0,0.0,0.0,0.0,58.0,60.0,11.6,11.816,4.0,0.9839999999999982,False,0.9839999999999982,0.18000000000000002,5.4,5.466666666666656,2025-03-01,RapiExpress,E-commerce,Centro,Bogotá y Sabana,Bogotá,Quick Commerce,QUESO CREMA CAMPOCLARO 200G,0.2,UND,CREMAS,UNTABLES,QUESOS FRESCOS,regular,CAMPOCLARO,NACIONAL,2025-03
C016,120104,2025-03-31,81,16.2,0.0,0.0,0.0,6.0,1.2,48790.0,398.0,414.0,66.8,82.8,65.0,0.20000000000000284,False,0.20000000000000284,1.02,30.6,0.1960784313725518,2025-03-01,Canasta Familiar,Grandes Superficies,Santanderes,Bucaramanga Metropolitana,Bucaramanga,Supermercado,MOZZARELLA LIGHT CAMPOCLARO 200G,0.2,UND,MOZZARELLA,QUESOS TAJADOS,QUESOS FRESCOS,regular,CAMPOCLARO,NACIONAL,2025-03
C014,110113,2025-03-31,68,17.0,0.0,0.0,0.0,1.0,0.25,15300.0,338.0,344.0,84.5,84.67,62.0,16.83,False,16.83,0.9390000000000001,28.17,17.92332268370607,2025-03-01,Plaza Hogar,Grandes Superficies,Occidente,Valle del Cauca,Cali,Hipermercado,PARMESANO RALLADO ORO LECHE 250G,0.25,UND,TIPO PARMESANO,RALLADOS,QUESO PARMESANO,regular,ORO LECHE,MAQUILA,2025-03
C004,130103,2025-03-31,336,96.768,0.0,0.0,0.0,21.0,6.048,158940.0,1827.0,1975.0,526.176,563.616,188.0,59.32800000000009,False,59.32800000000009,6.3072,189.216,9.40639269406394,2025-03-01,Descuento Ya,Hard Discount,Centro,Bogotá y Sabana,Bogotá,Discounter,LONCHAS AMERICANAS DELILAT 288G,0.288,UND,CHEDDAR ANALOGO,LONCHITAS,QUESOS ANALOGOS,regular,DELILAT,MAQUILA,2025-03
C016,900101,2025-03-31,52,4.16,39.0,3.12,298120.0,5.0,0.4,51160.0,313.0,310.0,21.68,24.8,55.0,1.0399999999999991,False,1.0399999999999991,0.29600000000000004,8.88,3.51351351351351,2025-03-01,Canasta Familiar,Grandes Superficies,Santanderes,Bucaramanga Metropolitana,Bucaramanga,Supermercado,SALAMI TAJADO CASA IBERIA 80G,0.08,UND,SALAMI,CHARCUTERIA,CARNES MADURADAS,regular,CASA IBERIA,IMPORTADO,2025-03
C014,900101,2025-03-31,67,0.0,0.0,0.0,0.0,2.0,0.16,19870.0,361.0,378.0,28.88,30.0,50.0,-1.120000000000001,True,0.0,0.3573333333333333,10.719999999999999,0.0,2025-03-01,Plaza Hogar,Grandes Superficies,Occidente,Valle del Cauca,Cali,Hipermercado,SALAMI TAJADO CASA IBERIA 80G,0.08,UND,SALAMI,CHARCUTERIA,CARNES MADURADAS,regular,CASA IBERIA,IMPORTADO,2025-03
C013,110102,2025-03-31,19,2.85,0.0,0.0,0.0,0.0,0.0,0.0,73.0,88.0,10.95,13.001999999999999,4.0,0.798,False,0.798,0.16999999999999998,5.1,4.694117647058825,2025-03-01,La Mesa Premium,Tiendas Especializadas,Occidente,,Cali,Especialidad,HOLANDES TAJADO LOMA DORADA 150G,0.15,UND,HOLANDES,QUESOS TAJADOS PREMIUM,QUESOS MADURADOS,regular,LOMA DORADA,IMPORTADO,2025-03
C016,120101,2025-03-31,92,0.0,0.0,0.0,0.0,2.0,0.5,20220.0,454.0,496.0,113.5,119.0,50.0,-5.5,True,0.0,1.275,38.25,0.0,2025-03-01,Canasta Familiar,Grandes Superficies,Santanderes,Bucaramanga Metropolitana,Bucaramanga,Supermercado,MOZZARELLA TAJADA CAMPOCLARO 250G,0.25,UND,MOZZARELLA,QUESOS TAJADOS,QUESOS FRESCOS,regular,CAMPOCLARO,NACIONAL,2025-03
C012,110106,2025-03-31,15,1.875,0.0,0.0,0.0,0.0,0.0,0.0,74.0,74.0,9.25,9.25,15.0,1.875,False,1.875,0.10416666666666667,3.125,18.0,2025-03-01,Delimarket Gourmet,Tiendas Especializadas,Centro,Bogotá y Sabana,Bogotá,Especialidad,BRIE CUÑA MONTE AZUL 125G,0.125,UND,BRIE,QUESOS BLANDOS,QUESOS MADURADOS,regular,MONTE AZUL,IMPORTADO,2025-03
C018,110112,2025-03-31,136,13.6,0.0,0.0,0.0,9.0,0.9,55380.0,915.0,989.0,91.5,96.5,62.0,8.599999999999994,False,8.599999999999994,1.0733333333333335,32.2,8.012422360248442,2025-03-01,Cadena Uno,Hard Discount,Occidente,Valle del Cauca,Cali,Discounter,PARMESANO RALLADO ORO LECHE 100G,0.1,UND,TIPO PARMESANO,RALLADOS,QUESO PARMESANO,regular,ORO LECHE,MAQUILA,2025-03
C016,110112,2025-03-31,136,13.6,0.0,0.0,0.0,4.0,0.4,27490.0,570.0,607.0,57.0,59.748,99.0,10.851999999999997,False,10.851999999999997,0.6082666666666667,18.248,17.840859272249006,2025-03-01,Canasta Familiar,Grandes Superficies,Santanderes,Bucaramanga Metropolitana,Bucaramanga,Supermercado,PARMESANO RALLADO ORO LECHE 100G,0.1,UND,TIPO PARMESANO,RALLADOS,QUESO PARMESANO,regular,ORO LECHE,MAQUILA,2025-03
C001,110113,2025-03-31,116,29.0,0.0,0.0,0.0,7.0,1.75,108630.0,483.0,533.0,120.75,130.5,66.0,19.25,False,19.25,1.3666666666666667,41.0,14.085365853658537,2025-03-01,HiperMax Nacional,Grandes Superficies,Centro,Bogotá y Sabana,Bogotá,Hipermercado,PARMESANO RALLADO ORO LECHE 250G,0.25,UND,TIPO PARMESANO,RALLADOS,QUESO PARMESANO,regular,ORO LECHE,MAQUILA,2025-03
C018,110113,2025-03-31,114,28.5,0.0,0.0,0.0,7.0,1.75,100390.0,620.0,679.0,155.0,168.5,55.0,15.0,False,15.0,1.775,53.25,8.450704225352114,2025-03-01,Cadena Uno,Hard Discount,Occidente,Valle del Cauca,Cali,Discounter,PARMESANO RALLADO ORO LECHE 250G,0.25,UND,TIPO PARMESANO,RALLADOS,QUESO PARMESANO,regular,ORO LECHE,MAQUILA,2025-03
C001,130101,2025-03-31,202,30.3,0.0,0.0,0.0,8.0,1.2,44610.0,890.0,960.0,133.5,140.856,132.0,22.944000000000017,False,22.944000000000017,1.5,45.0,15.296000000000012,2025-03-01,HiperMax Nacional,Grandes Superficies,Centro,Bogotá y Sabana,Bogotá,Hipermercado,CHEDDAR ESTILO AMERICANO DELILAT 150G,0.15,UND,CHEDDAR ANALOGO,LONCHAS,QUESOS ANALOGOS,regular,DELILAT,MAQUILA,2025-03
C004,110113,2025-03-31,145,36.25,0.0,0.0,0.0,9.0,2.25,127460.0,848.0,886.0,212.0,221.4,107.0,26.849999999999994,False,26.849999999999994,2.5716666666666668,77.15,10.440699935191184,2025-03-01,Descuento Ya,Hard Discount,Centro,Bogotá y Sabana,Bogotá,Discounter,PARMESANO RALLADO ORO LECHE 250G,0.25,UND,TIPO PARMESANO,RALLADOS,QUESO PARMESANO,regular,ORO LECHE,MAQUILA,2025-03
C005,120104,2025-03-31,145,29.0,0.0,0.0,0.0,9.0,1.8,67570.0,901.0,971.0,180.2,186.4,75.0,22.799999999999983,False,22.799999999999983,2.186666666666667,65.60000000000001,10.426829268292673,2025-03-01,PrecioListo,Hard Discount,Antioquia,Valle de Aburrá,Medellín,Discounter,MOZZARELLA LIGHT CAMPOCLARO 200G,0.2,UND,MOZZARELLA,QUESOS TAJADOS,QUESOS FRESCOS,regular,CAMPOCLARO,NACIONAL,2025-03
C012,110105,2025-03-31,18,2.7,0.0,0.0,0.0,0.0,0.0,0.0,73.0,73.0,10.95,10.65,18.0,2.9999999999999982,False,2.9999999999999982,0.11999999999999998,3.5999999999999996,24.99999999999999,2025-03-01,Delimarket Gourmet,Tiendas Especializadas,Centro,Bogotá y Sabana,Bogotá,Especialidad,PROVOLONE TAJADO LOMA DORADA 150G,0.15,UND,PROVOLONE,QUESOS TAJADOS PREMIUM,QUESOS MADURADOS,regular,LOMA DORADA,IMPORTADO,2025-03
C001,110104,2025-03-31,84,12.6,76.0,11.4,838530.0,4.0,0.6,59230.0,559.0,542.0,82.86,78.9,101.0,16.559999999999988,False,16.559999999999988,0.7949999999999999,23.849999999999998,20.83018867924527,2025-03-01,HiperMax Nacional,Grandes Superficies,Centro,Bogotá y Sabana,Bogotá,Hipermercado,COLBY JACK TAJADO LOMA DORADA 150G,0.15,UND,COLBY JACK,QUESOS TAJADOS PREMIUM,QUESOS MADURADOS,regular,LOMA DORADA,IMPORTADO,2025-03
C001,190103,2025-03-31,29,17.4,0.0,0.0,0.0,0.0,0.0,0.0,0.0,2.0,0.0,1.2,27.0,16.2,False,16.2,0.0,0.0,,2025-03-01,HiperMax Nacional,Grandes Superficies,Centro,Bogotá y Sabana,Bogotá,Hipermercado,RACLETTE CELEBRACION LOMA DORADA 600G,0.6,UND,MIXTO QUESOS,TEMPORADA,QUESOS MADURADOS,temporada,LOMA DORADA,IMPORTADO,2025-03
C001,110101,2025-03-31,97,14.55,0.0,0.0,0.0,7.0,1.05,103140.0,486.0,508.0,72.9,75.15,75.0,12.299999999999997,False,12.299999999999997,0.755,22.65,16.291390728476816,2025-03-01,HiperMax Nacional,Grandes Superficies,Centro,Bogotá y Sabana,Bogotá,Hipermercado,GOUDA AHUMADO TAJADO LOMA DORADA 150G,0.15,UND,GOUDA AHUMADO,QUESOS TAJADOS PREMIUM,QUESOS MADURADOS,regular,LOMA DORADA,IMPORTADO,2025-03
C016,110110,2025-03-31,24,8.64,0.0,0.0,0.0,0.0,0.0,0.0,117.0,127.0,42.120000000000005,45.36,14.0,5.400000000000006,False,5.400000000000006,0.36,10.799999999999999,15.000000000000016,2025-03-01,Canasta Familiar,Grandes Superficies,Santanderes,Bucaramanga Metropolitana,Bucaramanga,Supermercado,MIX QUESOS PREMIUM MONTE AZUL 360G,0.36,UND,MIXTO QUESOS,MEZCLAS PREMIUM,QUESOS MADURADOS,regular,MONTE AZUL,IMPORTADO,2025-03
C017,190102,2025-03-31,2,1.0,0.0,0.0,0.0,0.0,0.0,0.0,0.0,2.0,0.0,1.0,0.0,0.0,False,0.0,0.0,0.0,,2025-03-01,RapiExpress,E-commerce,Centro,Bogotá y Sabana,Bogotá,Quick Commerce,DUO FESTIVO QUESOS Y CARNES 500G,0.5,UND,MIXTO QUESOS-CARNES,TEMPORADA,QUESOS MADURADOS,temporada,MONTE AZUL,MAQUILA,2025-03
C003,110110,2025-03-31,39,14.04,29.0,10.44,742180.0,2.0,0.72,67980.0,187.0,191.0,67.32,68.702,35.0,12.657999999999987,False,12.657999999999987,0.72,21.599999999999998,17.580555555555538,2025-03-01,MaxiCompra Caribe,Grandes Superficies,Caribe,Costa Norte,Barranquilla,Supermercado,MIX QUESOS PREMIUM MONTE AZUL 360G,0.36,UND,MIXTO QUESOS,MEZCLAS PREMIUM,QUESOS MADURADOS,regular,MONTE AZUL,IMPORTADO,2025-03
C013,110108,2025-03-31,15,2.25,0.0,0.0,0.0,3.0,0.45,52270.0,75.0,82.0,11.25,12.312,8.0,1.1880000000000006,False,1.1880000000000006,0.14,4.2,8.48571428571429,2025-03-01,La Mesa Premium,Tiendas Especializadas,Occidente,,Cali,Especialidad,MANCHEGO CUÑA MONTE AZUL 150G,0.15,UND,MANCHEGO,CUÑAS PREMIUM,QUESOS MADURADOS,regular,MONTE AZUL,IMPORTADO,2025-03
C016,110114,2025-03-31,55,13.75,45.0,11.25,836770.0,5.0,1.25,120970.0,332.0,327.0,83.0,81.0,60.0,15.75,False,15.75,0.8416666666666667,25.25,18.712871287128714,2025-03-01,Canasta Familiar,Grandes Superficies,Santanderes,Bucaramanga Metropolitana,Bucaramanga,Supermercado,GOUDA NATURAL CUÑA LOMA DORADA 250G,0.25,UND,GOUDA NATURAL,CUÑAS,QUESOS MADURADOS,regular,LOMA DORADA,IMPORTADO,2025-03
C005,120101,2025-03-31,240,60.0,0.0,0.0,0.0,12.0,3.0,108430.0,1323.0,1384.0,334.0,341.66,179.0,52.339999999999975,False,52.339999999999975,3.683333333333333,110.5,14.209954751131216,2025-03-01,PrecioListo,Hard Discount,Antioquia,Valle de Aburrá,Medellín,Discounter,MOZZARELLA TAJADA CAMPOCLARO 250G,0.25,UND,MOZZARELLA,QUESOS TAJADOS,QUESOS FRESCOS,regular,CAMPOCLARO,NACIONAL,2025-03
C014,110107,2025-03-31,58,7.25,0.0,0.0,0.0,2.0,0.25,25860.0,255.0,277.0,31.875,34.345,36.0,4.780000000000001,False,4.780000000000001,0.3458333333333333,10.375,13.821686746987956,2025-03-01,Plaza Hogar,Grandes Superficies,Occidente,Valle del Cauca,Cali,Hipermercado,CAMEMBERT CUÑA MONTE AZUL 125G,0.125,UND,CAMEMBERT,QUESOS BLANDOS,QUESOS MADURADOS,regular,MONTE AZUL,IMPORTADO,2025-03
C002,120101,2025-03-31,116,29.0,0.0,0.0,0.0,5.0,1.25,49320.0,697.0,707.0,174.25,176.75,106.0,26.5,False,26.5,1.9833333333333334,59.5,13.361344537815125,2025-03-01,SuperAhorro,Grandes Superficies,Antioquia,Valle de Aburrá,Medellín,Supermercado,MOZZARELLA TAJADA CAMPOCLARO 250G,0.25,UND,MOZZARELLA,QUESOS TAJADOS,QUESOS FRESCOS,regular,CAMPOCLARO,NACIONAL,2025-03
C014,120101,2025-03-31,115,28.75,0.0,0.0,0.0,7.0,1.75,71200.0,748.0,785.0,187.0,193.63,78.0,22.120000000000005,False,22.120000000000005,2.2776666666666667,68.33,9.711693253329432,2025-03-01,Plaza Hogar,Grandes Superficies,Occidente,Valle del Cauca,Cali,Hipermercado,MOZZARELLA TAJADA CAMPOCLARO 250G,0.25,UND,MOZZARELLA,QUESOS TAJADOS,QUESOS FRESCOS,regular,CAMPOCLARO,NACIONAL,2025-03
C012,110109,2025-03-31,14,2.1,0.0,0.0,0.0,2.0,0.3,34250.0,95.0,99.0,11.655,14.4,10.0,-0.6450000000000014,True,0.0,0.13,3.9,0.0,2025-03-01,Delimarket Gourmet,Tiendas Especializadas,Centro,Bogotá y Sabana,Bogotá,Especialidad,IBERICO CUÑA MONTE AZUL 150G,0.15,UND,IBERICO,CUÑAS PREMIUM,QUESOS MADURADOS,regular,MONTE AZUL,IMPORTADO,2025-03
C006,110113,2025-03-31,95,23.75,0.0,0.0,0.0,9.0,2.25,128840.0,508.0,532.0,127.0,131.67,71.0,19.080000000000013,False,19.080000000000013,1.3223333333333334,39.67,14.429039576506185,2025-03-01,PuntoMenos Caribe,Hard Discount,Caribe,Costa Norte,Cartagena,Discounter,PARMESANO RALLADO ORO LECHE 250G,0.25,UND,TIPO PARMESANO,RALLADOS,QUESO PARMESANO,regular,ORO LECHE,MAQUILA,2025-03
C004,130101,2025-03-31,424,63.6,0.0,0.0,0.0,39.0,5.85,202960.0,2779.0,3071.0,361.32,447.9,132.0,-22.97999999999996,True,0.0,4.705,141.15,0.0,2025-03-01,Descuento Ya,Hard Discount,Centro,Bogotá y Sabana,Bogotá,Discounter,CHEDDAR ESTILO AMERICANO DELILAT 150G,0.15,UND,CHEDDAR ANALOGO,LONCHAS,QUESOS ANALOGOS,regular,DELILAT,MAQUILA,2025-03
C002,110112,2025-03-31,158,15.8,0.0,0.0,0.0,9.0,0.9,60740.0,712.0,751.0,71.2,74.4,119.0,12.599999999999994,False,12.599999999999994,0.8233333333333334,24.7,15.303643724696348,2025-03-01,SuperAhorro,Grandes Superficies,Antioquia,Valle de Aburrá,Medellín,Supermercado,PARMESANO RALLADO ORO LECHE 100G,0.1,UND,TIPO PARMESANO,RALLADOS,QUESO PARMESANO,regular,ORO LECHE,MAQUILA,2025-03
C014,300101,2025-03-31,90,20.7,0.0,0.0,0.0,13.0,2.99,116890.0,549.0,564.0,126.27,121.78999999999999,75.0,25.180000000000007,False,25.180000000000007,1.472,44.16,17.10597826086957,2025-03-01,Plaza Hogar,Grandes Superficies,Occidente,Valle del Cauca,Cali,Hipermercado,JAMON DE CERDO FINAS LONCHAS SIERRA CARNES 230G,0.23,UND,JAMON CERDO,LONCHAS,CARNES FRIAS,regular,SIERRA CARNES,NACIONAL,2025-03
C017,110112,2025-03-31,7,0.7,5.0,0.5,26830.0,1.0,0.1,7410.0,65.0,65.0,6.5,6.1000000000000005,7.0,1.0999999999999996,False,1.0999999999999996,0.09000000000000001,2.7,12.222222222222216,2025-03-01,RapiExpress,E-commerce,Centro,Bogotá y Sabana,Bogotá,Quick Commerce,PARMESANO RALLADO ORO LECHE 100G,0.1,UND,TIPO PARMESANO,RALLADOS,QUESO PARMESANO,regular,ORO LECHE,MAQUILA,2025-03
C001,130103,2025-03-31,158,45.504,0.0,0.0,0.0,5.0,1.44,40930.0,795.0,842.0,228.95999999999998,238.176,111.0,36.28800000000001,False,36.28800000000001,2.5632,76.896,14.15730337078652,2025-03-01,HiperMax Nacional,Grandes Superficies,Centro,Bogotá y Sabana,Bogotá,Hipermercado,LONCHAS AMERICANAS DELILAT 288G,0.288,UND,CHEDDAR ANALOGO,LONCHITAS,QUESOS ANALOGOS,regular,DELILAT,MAQUILA,2025-03
C016,900102,2025-03-31,72,5.76,37.0,2.96,270030.0,2.0,0.16,19220.0,332.0,337.0,26.56,26.8,67.0,5.52,False,5.52,0.25333333333333335,7.6000000000000005,21.789473684210524,2025-03-01,Canasta Familiar,Grandes Superficies,Santanderes,Bucaramanga Metropolitana,Bucaramanga,Supermercado,PEPPERONI TAJADO CASA IBERIA 80G,0.08,UND,PEPPERONI,CHARCUTERIA,CARNES MADURADAS,regular,CASA IBERIA,IMPORTADO,2025-03
C018,900102,2025-03-31,93,7.44,0.0,0.0,0.0,6.0,0.48,54570.0,566.0,586.0,45.28,46.88,73.0,5.839999999999996,False,5.839999999999996,0.5493333333333333,16.48,10.631067961165042,2025-03-01,Cadena Uno,Hard Discount,Occidente,Valle del Cauca,Cali,Discounter,PEPPERONI TAJADO CASA IBERIA 80G,0.08,UND,PEPPERONI,CHARCUTERIA,CARNES MADURADAS,regular,CASA IBERIA,IMPORTADO,2025-03
C002,110113,2025-03-31,61,15.25,49.0,12.25,580210.0,3.0,0.75,47800.0,403.0,393.0,100.75,98.25,71.0,17.75,False,17.75,0.9583333333333334,28.75,18.52173913043478,2025-03-01,SuperAhorro,Grandes Superficies,Antioquia,Valle de Aburrá,Medellín,Supermercado,PARMESANO RALLADO ORO LECHE 250G,0.25,UND,TIPO PARMESANO,RALLADOS,QUESO PARMESANO,regular,ORO LECHE,MAQUILA,2025-03
C017,110108,2025-03-31,3,0.45,2.0,0.3,24080.0,1.0,0.15,16730.0,33.0,32.0,4.95,4.8,4.0,0.6000000000000005,False,0.6000000000000005,0.06999999999999999,2.0999999999999996,8.57142857142858,2025-03-01,RapiExpress,E-commerce,Centro,Bogotá y Sabana,Bogotá,Quick Commerce,MANCHEGO CUÑA MONTE AZUL 150G,0.15,UND,MANCHEGO,CUÑAS PREMIUM,QUESOS MADURADOS,regular,MONTE AZUL,IMPORTADO,2025-03
C003,130101,2025-03-31,98,14.7,0.0,0.0,0.0,7.0,1.05,39550.0,661.0,674.0,99.15,99.048,85.0,14.802000000000007,False,14.802000000000007,1.035,31.05,14.301449275362327,2025-03-01,MaxiCompra Caribe,Grandes Superficies,Caribe,Costa Norte,Barranquilla,Supermercado,CHEDDAR ESTILO AMERICANO DELILAT 150G,0.15,UND,CHEDDAR ANALOGO,LONCHAS,QUESOS ANALOGOS,regular,DELILAT,MAQUILA,2025-03
C017,900102,2025-03-31,6,0.48,0.0,0.0,0.0,0.0,0.0,0.0,41.0,44.0,3.04,3.5260000000000002,3.0,-0.006000000000000227,True,0.0,0.04000000000000001,1.2000000000000002,0.0,2025-03-01,RapiExpress,E-commerce,Centro,Bogotá y Sabana,Bogotá,Quick Commerce,PEPPERONI TAJADO CASA IBERIA 80G,0.08,UND,PEPPERONI,CHARCUTERIA,CARNES MADURADAS,regular,CASA IBERIA,IMPORTADO,2025-03
C015,900102,2025-03-31,12,0.96,0.0,0.0,0.0,0.0,0.0,0.0,72.0,73.0,5.76,5.76,11.0,0.96,False,0.96,0.050666666666666665,1.52,18.94736842105263,2025-03-01,Abarrotes Norte,Tradicional Modernizado,Caribe,Costa Norte,Barranquilla,Supermercado Regional,PEPPERONI TAJADO CASA IBERIA 80G,0.08,UND,PEPPERONI,CHARCUTERIA,CARNES MADURADAS,regular,CASA IBERIA,IMPORTADO,2025-03
C018,300101,2025-03-31,111,25.53,0.0,0.0,0.0,7.0,1.61,57420.0,863.0,868.0,198.49,199.64,106.0,24.380000000000024,False,24.380000000000024,2.2923333333333336,68.77000000000001,10.635451505016732,2025-03-01,Cadena Uno,Hard Discount,Occidente,Valle del Cauca,Cali,Discounter,JAMON DE CERDO FINAS LONCHAS SIERRA CARNES 230G,0.23,UND,JAMON CERDO,LONCHAS,CARNES FRIAS,regular,SIERRA CARNES,NACIONAL,2025-03
C005,110112,2025-03-31,205,20.5,0.0,0.0,0.0,13.0,1.3,82770.0,1217.0,1278.0,121.7,126.42,144.0,15.779999999999987,False,15.779999999999987,1.3566666666666667,40.7,11.631449631449621,2025-03-01,PrecioListo,Hard Discount,Antioquia,Valle de Aburrá,Medellín,Discounter,PARMESANO RALLADO ORO LECHE 100G,0.1,UND,TIPO PARMESANO,RALLADOS,QUESO PARMESANO,regular,ORO LECHE,MAQUILA,2025-03
C016,190102,2025-03-31,20,10.0,0.0,0.0,0.0,0.0,0.0,0.0,0.0,1.0,0.0,0.5,19.0,9.5,False,9.5,0.0,0.0,,2025-03-01,Canasta Familiar,Grandes Superficies,Santanderes,Bucaramanga Metropolitana,Bucaramanga,Supermercado,DUO FESTIVO QUESOS Y CARNES 500G,0.5,UND,MIXTO QUESOS-CARNES,TEMPORADA,QUESOS MADURADOS,temporada,MONTE AZUL,MAQUILA,2025-03
C012,900101,2025-03-31,24,1.92,0.0,0.0,0.0,2.0,0.16,22640.0,105.0,117.0,8.4,8.8,12.0,1.5199999999999996,False,1.5199999999999996,0.08533333333333332,2.5599999999999996,17.8125,2025-03-01,Delimarket Gourmet,Tiendas Especializadas,Centro,Bogotá y Sabana,Bogotá,Especialidad,SALAMI TAJADO CASA IBERIA 80G,0.08,UND,SALAMI,CHARCUTERIA,CARNES MADURADAS,regular,CASA IBERIA,IMPORTADO,2025-03
C014,190103,2025-03-31,16,9.6,0.0,0.0,0.0,0.0,0.0,0.0,0.0,1.0,0.0,0.6,15.0,9.0,False,9.0,0.0,0.0,,2025-03-01,Plaza Hogar,Grandes Superficies,Occidente,Valle del Cauca,Cali,Hipermercado,RACLETTE CELEBRACION LOMA DORADA 600G,0.6,UND,MIXTO QUESOS,TEMPORADA,QUESOS MADURADOS,temporada,LOMA DORADA,IMPORTADO,2025-03
C006,300102,2025-03-31,97,22.31,0.0,0.0,0.0,8.0,1.84,71080.0,491.0,560.0,112.92999999999999,126.27,28.0,8.969999999999985,False,8.969999999999985,1.4259999999999997,42.779999999999994,6.290322580645152,2025-03-01,PuntoMenos Caribe,Hard Discount,Caribe,Costa Norte,Cartagena,Discounter,JAMON DE PAVO FINAS LONCHAS SIERRA CARNES 230G,0.23,UND,JAMON PAVO,LONCHAS,CARNES FRIAS,regular,SIERRA CARNES,NACIONAL,2025-03
C016,130101,2025-03-31,125,18.75,0.0,0.0,0.0,6.0,0.9,33850.0,583.0,626.0,87.45,93.9,82.0,12.299999999999997,False,12.299999999999997,1.015,30.45,12.11822660098522,2025-03-01,Canasta Familiar,Grandes Superficies,Santanderes,Bucaramanga Metropolitana,Bucaramanga,Supermercado,CHEDDAR ESTILO AMERICANO DELILAT 150G,0.15,UND,CHEDDAR ANALOGO,LONCHAS,QUESOS ANALOGOS,regular,DELILAT,MAQUILA,2025-03
C014,110115,2025-03-31,41,10.25,0.0,0.0,0.0,2.0,0.5,49050.0,268.0,263.0,67.0,65.14,46.0,12.11,False,12.11,0.7833333333333333,23.5,15.459574468085107,2025-03-01,Plaza Hogar,Grandes Superficies,Occidente,Valle del Cauca,Cali,Hipermercado,FETA CUBOS CASA SIERRA 250G,0.25,UND,FETA,ESPECIALES,QUESOS MADURADOS,regular,CASA SIERRA,IMPORTADO,2025-03
C006,120103,2025-03-31,114,22.8,0.0,0.0,0.0,12.0,2.4,108270.0,657.0,709.0,131.4,136.72,62.0,17.480000000000018,False,17.480000000000018,1.353333333333333,40.599999999999994,12.916256157635484,2025-03-01,PuntoMenos Caribe,Hard Discount,Caribe,Costa Norte,Cartagena,Discounter,QUESO CREMA CAMPOCLARO 200G,0.2,UND,CREMAS,UNTABLES,QUESOS FRESCOS,regular,CAMPOCLARO,NACIONAL,2025-03
C003,900103,2025-03-31,54,4.32,0.0,0.0,0.0,3.0,0.24,32930.0,277.0,302.0,22.16,24.141000000000002,29.0,2.3389999999999986,False,2.3389999999999986,0.26666666666666666,8.0,8.771249999999995,2025-03-01,MaxiCompra Caribe,Grandes Superficies,Caribe,Costa Norte,Barranquilla,Supermercado,JAMON SERRANO TAJADO CASA IBERIA 80G,0.08,UND,JAMON SERRANO,CHARCUTERIA,CARNES MADURADAS,regular,CASA IBERIA,IMPORTADO,2025-03
C015,120101,2025-03-31,35,8.75,0.0,0.0,0.0,2.0,0.5,19590.0,149.0,157.0,37.25,38.42,27.0,7.579999999999998,False,7.579999999999998,0.375,11.25,20.213333333333328,2025-03-01,Abarrotes Norte,Tradicional Modernizado,Caribe,Costa Norte,Barranquilla,Supermercado Regional,MOZZARELLA TAJADA CAMPOCLARO 250G,0.25,UND,MOZZARELLA,QUESOS TAJADOS,QUESOS FRESCOS,regular,CAMPOCLARO,NACIONAL,2025-03
C002,900102,2025-03-31,86,6.88,68.0,5.44,501370.0,3.0,0.24,30170.0,832.0,903.0,66.56,71.492,15.0,1.9479999999999933,False,1.9479999999999933,0.464,13.92,4.198275862068951,2025-03-01,SuperAhorro,Grandes Superficies,Antioquia,Valle de Aburrá,Medellín,Supermercado,PEPPERONI TAJADO CASA IBERIA 80G,0.08,UND,PEPPERONI,CHARCUTERIA,CARNES MADURADAS,regular,CASA IBERIA,IMPORTADO,2025-03
C017,900103,2025-03-31,3,0.24,4.0,0.32,33840.0,0.0,0.0,0.0,49.0,48.0,3.68,3.8400000000000003,4.0,0.07999999999999963,False,0.07999999999999963,0.050666666666666665,1.52,1.5789473684210453,2025-03-01,RapiExpress,E-commerce,Centro,Bogotá y Sabana,Bogotá,Quick Commerce,JAMON SERRANO TAJADO CASA IBERIA 80G,0.08,UND,JAMON SERRANO,CHARCUTERIA,CARNES MADURADAS,regular,CASA IBERIA,IMPORTADO,2025-03
C017,130101,2025-03-31,6,0.9,0.0,0.0,0.0,0.0,0.0,0.0,67.0,69.0,10.05,10.326,4.0,0.6240000000000006,False,0.6240000000000006,0.10919999999999999,3.276,5.71428571428572,2025-03-01,RapiExpress,E-commerce,Centro,Bogotá y Sabana,Bogotá,Quick Commerce,CHEDDAR ESTILO AMERICANO DELILAT 150G,0.15,UND,CHEDDAR ANALOGO,LONCHAS,QUESOS ANALOGOS,regular,DELILAT,MAQUILA,2025-03
C016,300101,2025-03-31,88,20.24,0.0,0.0,0.0,4.0,0.92,36470.0,428.0,459.0,98.44,104.779,57.0,13.900999999999996,False,13.900999999999996,1.1926333333333332,35.778999999999996,11.655719835657786,2025-03-01,Canasta Familiar,Grandes Superficies,Santanderes,Bucaramanga Metropolitana,Bucaramanga,Supermercado,JAMON DE CERDO FINAS LONCHAS SIERRA CARNES 230G,0.23,UND,JAMON CERDO,LONCHAS,CARNES FRIAS,regular,SIERRA CARNES,NACIONAL,2025-03
C002,120104,2025-03-31,82,16.4,65.0,13.0,397780.0,0.0,0.0,0.0,513.0,500.0,102.60000000000001,99.104,95.0,19.896,False,19.896,1.1600000000000001,34.800000000000004,17.151724137931033,2025-03-01,SuperAhorro,Grandes Superficies,Antioquia,Valle de Aburrá,Medellín,Supermercado,MOZZARELLA LIGHT CAMPOCLARO 200G,0.2,UND,MOZZARELLA,QUESOS TAJADOS,QUESOS FRESCOS,regular,CAMPOCLARO,NACIONAL,2025-03
C003,300101,2025-03-31,69,15.87,0.0,0.0,0.0,5.0,1.15,44080.0,497.0,515.0,114.31,113.39,51.0,16.790000000000006,False,16.790000000000006,1.1730000000000003,35.190000000000005,14.31372549019608,2025-03-01,MaxiCompra Caribe,Grandes Superficies,Caribe,Costa Norte,Barranquilla,Supermercado,JAMON DE CERDO FINAS LONCHAS SIERRA CARNES 230G,0.23,UND,JAMON CERDO,LONCHAS,CARNES FRIAS,regular,SIERRA CARNES,NACIONAL,2025-03
C012,190103,2025-03-31,5,3.0,0.0,0.0,0.0,0.0,0.0,0.0,0.0,0.0,0.0,0.0,5.0,3.0,False,3.0,0.0,0.0,,2025-03-01,Delimarket Gourmet,Tiendas Especializadas,Centro,Bogotá y Sabana,Bogotá,Especialidad,RACLETTE CELEBRACION LOMA DORADA 600G,0.6,UND,MIXTO QUESOS,TEMPORADA,QUESOS MADURADOS,temporada,LOMA DORADA,IMPORTADO,2025-03
C003,110101,2025-03-31,51,7.65,0.0,0.0,0.0,2.0,0.3,29710.0,335.0,349.0,50.25,52.434,37.0,5.466000000000001,False,5.466000000000001,0.6032,18.096,9.061671087533158,2025-03-01,MaxiCompra Caribe,Grandes Superficies,Caribe,Costa Norte,Barranquilla,Supermercado,GOUDA AHUMADO TAJADO LOMA DORADA 150G,0.15,UND,GOUDA AHUMADO,QUESOS TAJADOS PREMIUM,QUESOS MADURADOS,regular,LOMA DORADA,IMPORTADO,2025-03
C014,110106,2025-03-31,51,6.375,0.0,0.0,0.0,3.0,0.375,39300.0,294.0,307.0,36.75,38.125,38.0,5.0,False,5.0,0.43333333333333335,13.0,11.538461538461538,2025-03-01,Plaza Hogar,Grandes Superficies,Occidente,Valle del Cauca,Cali,Hipermercado,BRIE CUÑA MONTE AZUL 125G,0.125,UND,BRIE,QUESOS BLANDOS,QUESOS MADURADOS,regular,MONTE AZUL,IMPORTADO,2025-03
C002,190102,2025-03-31,22,11.0,0.0,0.0,0.0,0.0,0.0,0.0,0.0,1.0,0.0,0.5,21.0,10.5,False,10.5,0.016666666666666666,0.5,630.0,2025-03-01,SuperAhorro,Grandes Superficies,Antioquia,Valle de Aburrá,Medellín,Supermercado,DUO FESTIVO QUESOS Y CARNES 500G,0.5,UND,MIXTO QUESOS-CARNES,TEMPORADA,QUESOS MADURADOS,temporada,MONTE AZUL,MAQUILA,2025-03
C018,120101,2025-03-31,174,43.5,0.0,0.0,0.0,9.0,2.25,80510.0,1146.0,1219.0,286.5,298.0,101.0,32.0,False,32.0,3.3666666666666667,101.0,9.504950495049505,2025-03-01,Cadena Uno,Hard Discount,Occidente,Valle del Cauca,Cali,Discounter,MOZZARELLA TAJADA CAMPOCLARO 250G,0.25,UND,MOZZARELLA,QUESOS TAJADOS,QUESOS FRESCOS,regular,CAMPOCLARO,NACIONAL,2025-03
C012,110101,2025-03-31,18,2.7,0.0,0.0,0.0,1.0,0.15,15660.0,95.0,103.0,14.25,15.15,10.0,1.799999999999999,False,1.799999999999999,0.20500000000000002,6.15,8.780487804878042,2025-03-01,Delimarket Gourmet,Tiendas Especializadas,Centro,Bogotá y Sabana,Bogotá,Especialidad,GOUDA AHUMADO TAJADO LOMA DORADA 150G,0.15,UND,GOUDA AHUMADO,QUESOS TAJADOS PREMIUM,QUESOS MADURADOS,regular,LOMA DORADA,IMPORTADO,2025-03
C013,190103,2025-03-31,5,3.0,0.0,0.0,0.0,0.0,0.0,0.0,0.0,0.0,0.0,0.0,5.0,3.0,False,3.0,0.0,0.0,,2025-03-01,La Mesa Premium,Tiendas Especializadas,Occidente,,Cali,Especialidad,RACLETTE CELEBRACION LOMA DORADA 600G,0.6,UND,MIXTO QUESOS,TEMPORADA,QUESOS MADURADOS,temporada,LOMA DORADA,IMPORTADO,2025-03
C014,900102,2025-03-31,76,6.08,0.0,0.0,0.0,6.0,0.48,60340.0,348.0,373.0,24.08,29.859,51.0,0.3009999999999948,False,0.3009999999999948,0.296,8.879999999999999,1.0168918918918746,2025-03-01,Plaza Hogar,Grandes Superficies,Occidente,Valle del Cauca,Cali,Hipermercado,PEPPERONI TAJADO CASA IBERIA 80G,0.08,UND,PEPPERONI,CHARCUTERIA,CARNES MADURADAS,regular,CASA IBERIA,IMPORTADO,2025-03
C018,120104,2025-03-31,104,20.8,0.0,0.0,0.0,14.0,2.8,101450.0,735.0,770.0,147.0,146.2,69.0,21.600000000000023,False,21.600000000000023,1.7133333333333336,51.400000000000006,12.607003891050596,2025-03-01,Cadena Uno,Hard Discount,Occidente,Valle del Cauca,Cali,Discounter,MOZZARELLA LIGHT CAMPOCLARO 200G,0.2,UND,MOZZARELLA,QUESOS TAJADOS,QUESOS FRESCOS,regular,CAMPOCLARO,NACIONAL,2025-03
C005,300102,2025-03-31,105,24.15,0.0,0.0,0.0,5.0,1.15,44080.0,639.0,656.0,146.97,150.88,88.0,20.24000000000001,False,20.24000000000001,1.7403333333333333,52.21,11.629955947136569,2025-03-01,PrecioListo,Hard Discount,Antioquia,Valle de Aburrá,Medellín,Discounter,JAMON DE PAVO FINAS LONCHAS SIERRA CARNES 230G,0.23,UND,JAMON PAVO,LONCHAS,CARNES FRIAS,regular,SIERRA CARNES,NACIONAL,2025-03
C013,900104,2025-03-31,21,1.68,0.0,0.0,0.0,0.0,0.0,0.0,78.0,85.0,6.24,6.72,14.0,1.2000000000000002,False,1.2000000000000002,0.08000000000000002,2.4000000000000004,15.0,2025-03-01,La Mesa Premium,Tiendas Especializadas,Occidente,,Cali,Especialidad,CHORIZO TAJADO CASA IBERIA 80G,0.08,UND,CHORIZO,CHARCUTERIA,CARNES MADURADAS,regular,CASA IBERIA,IMPORTADO,2025-03
C001,190101,2025-03-31,25,10.0,0.0,0.0,0.0,0.0,0.0,0.0,0.0,5.0,0.0,2.0,20.0,8.0,False,8.0,0.013333333333333334,0.4,600.0,2025-03-01,HiperMax Nacional,Grandes Superficies,Centro,Bogotá y Sabana,Bogotá,Hipermercado,TABLA APERITIVO NAVIDEÑA MONTE AZUL 400G,0.4,UND,MIXTO QUESOS,TEMPORADA,QUESOS MADURADOS,temporada,MONTE AZUL,IMPORTADO,2025-03
C013,190101,2025-03-31,4,1.6,0.0,0.0,0.0,0.0,0.0,0.0,0.0,2.0,0.0,0.8,2.0,0.8,False,0.8,0.0,0.0,,2025-03-01,La Mesa Premium,Tiendas Especializadas,Occidente,,Cali,Especialidad,TABLA APERITIVO NAVIDEÑA MONTE AZUL 400G,0.4,UND,MIXTO QUESOS,TEMPORADA,QUESOS MADURADOS,temporada,MONTE AZUL,IMPORTADO,2025-03
C006,300101,2025-03-31,100,23.0,0.0,0.0,0.0,11.0,2.53,92080.0,574.0,606.0,132.01999999999998,135.525,68.0,19.494999999999976,False,19.494999999999976,1.5198333333333334,45.595,12.827064371093305,2025-03-01,PuntoMenos Caribe,Hard Discount,Caribe,Costa Norte,Cartagena,Discounter,JAMON DE CERDO FINAS LONCHAS SIERRA CARNES 230G,0.23,UND,JAMON CERDO,LONCHAS,CARNES FRIAS,regular,SIERRA CARNES,NACIONAL,2025-03
C012,110110,2025-03-31,8,2.88,0.0,0.0,0.0,1.0,0.36,37570.0,46.0,47.0,16.560000000000002,16.56,7.0,2.8800000000000026,False,2.8800000000000026,0.27599999999999997,8.28,10.434782608695663,2025-03-01,Delimarket Gourmet,Tiendas Especializadas,Centro,Bogotá y Sabana,Bogotá,Especialidad,MIX QUESOS PREMIUM MONTE AZUL 360G,0.36,UND,MIXTO QUESOS,MEZCLAS PREMIUM,QUESOS MADURADOS,regular,MONTE AZUL,IMPORTADO,2025-03
C003,300102,2025-03-31,79,18.17,49.0,11.27,353940.0,2.0,0.46,19270.0,411.0,411.0,83.03,91.08,79.0,10.120000000000005,False,10.120000000000005,0.966,28.98,10.476190476190482,2025-03-01,MaxiCompra Caribe,Grandes Superficies,Caribe,Costa Norte,Barranquilla,Supermercado,JAMON DE PAVO FINAS LONCHAS SIERRA CARNES 230G,0.23,UND,JAMON PAVO,LONCHAS,CARNES FRIAS,regular,SIERRA CARNES,NACIONAL,2025-03
C002,300101,2025-03-31,76,17.48,55.0,12.65,371990.0,5.0,1.15,44100.0,499.0,482.0,114.77,110.86,93.0,21.39,False,21.39,1.219,36.57,17.547169811320753,2025-03-01,SuperAhorro,Grandes Superficies,Antioquia,Valle de Aburrá,Medellín,Supermercado,JAMON DE CERDO FINAS LONCHAS SIERRA CARNES 230G,0.23,UND,JAMON CERDO,LONCHAS,CARNES FRIAS,regular,SIERRA CARNES,NACIONAL,2025-03
C012,110108,2025-03-31,16,2.4,0.0,0.0,0.0,0.0,0.0,0.0,79.0,78.0,11.85,11.712,17.0,2.5380000000000003,False,2.5380000000000003,0.0954,2.862,26.603773584905664,2025-03-01,Delimarket Gourmet,Tiendas Especializadas,Centro,Bogotá y Sabana,Bogotá,Especialidad,MANCHEGO CUÑA MONTE AZUL 150G,0.15,UND,MANCHEGO,CUÑAS PREMIUM,QUESOS MADURADOS,regular,MONTE AZUL,IMPORTADO,2025-03
C003,110102,2025-03-31,54,8.1,0.0,0.0,0.0,2.0,0.3,28900.0,317.0,322.0,47.55,48.096,49.0,7.554000000000002,False,7.554000000000002,0.5549999999999999,16.65,13.610810810810817,2025-03-01,MaxiCompra Caribe,Grandes Superficies,Caribe,Costa Norte,Barranquilla,Supermercado,HOLANDES TAJADO LOMA DORADA 150G,0.15,UND,HOLANDES,QUESOS TAJADOS PREMIUM,QUESOS MADURADOS,regular,LOMA DORADA,IMPORTADO,2025-03
C002,110102,2025-03-31,77,11.55,0.0,0.0,0.0,5.0,0.75,71930.0,336.0,371.0,50.4,54.9,42.0,7.050000000000004,False,7.050000000000004,0.685,20.55,10.291970802919714,2025-03-01,SuperAhorro,Grandes Superficies,Antioquia,Valle de Aburrá,Medellín,Supermercado,HOLANDES TAJADO LOMA DORADA 150G,0.15,UND,HOLANDES,QUESOS TAJADOS PREMIUM,QUESOS MADURADOS,regular,LOMA DORADA,IMPORTADO,2025-03
C014,190102,2025-03-31,26,13.0,0.0,0.0,0.0,0.0,0.0,0.0,0.0,2.0,0.0,1.0,24.0,12.0,False,12.0,0.016666666666666666,0.5,720.0,2025-03-01,Plaza Hogar,Grandes Superficies,Occidente,Valle del Cauca,Cali,Hipermercado,DUO FESTIVO QUESOS Y CARNES 500G,0.5,UND,MIXTO QUESOS-CARNES,TEMPORADA,QUESOS MADURADOS,temporada,MONTE AZUL,MAQUILA,2025-03
C003,110114,2025-03-31,60,15.0,38.0,9.5,704780.0,2.0,0.5,49490.0,333.0,327.0,83.25,79.19,66.0,19.060000000000002,False,19.060000000000002,0.8333333333333334,25.0,22.872000000000003,2025-03-01,MaxiCompra Caribe,Grandes Superficies,Caribe,Costa Norte,Barranquilla,Supermercado,GOUDA NATURAL CUÑA LOMA DORADA 250G,0.25,UND,GOUDA NATURAL,CUÑAS,QUESOS MADURADOS,regular,LOMA DORADA,IMPORTADO,2025-03
C003,110112,2025-03-31,120,12.0,0.0,0.0,0.0,7.0,0.7,48280.0,1468.0,1570.0,146.8,153.6,18.0,5.200000000000017,False,5.200000000000017,0.9,27.0,5.777777777777796,2025-03-01,MaxiCompra Caribe,Grandes Superficies,Caribe,Costa Norte,Barranquilla,Supermercado,PARMESANO RALLADO ORO LECHE 100G,0.1,UND,TIPO PARMESANO,RALLADOS,QUESO PARMESANO,regular,ORO LECHE,MAQUILA,2025-03
C015,900101,2025-03-31,15,1.2,0.0,0.0,0.0,1.0,0.08,9930.0,76.0,84.0,6.08,6.72,7.0,0.5600000000000005,False,0.5600000000000005,0.08266666666666667,2.48,6.774193548387103,2025-03-01,Abarrotes Norte,Tradicional Modernizado,Caribe,Costa Norte,Barranquilla,Supermercado Regional,SALAMI TAJADO CASA IBERIA 80G,0.08,UND,SALAMI,CHARCUTERIA,CARNES MADURADAS,regular,CASA IBERIA,IMPORTADO,2025-03
C003,120101,2025-03-31,113,28.25,0.0,0.0,0.0,5.0,1.25,51360.0,560.0,587.0,140.0,146.75,86.0,21.5,False,21.5,1.6916666666666667,50.75,12.709359605911331,2025-03-01,MaxiCompra Caribe,Grandes Superficies,Caribe,Costa Norte,Barranquilla,Supermercado,MOZZARELLA TAJADA CAMPOCLARO 250G,0.25,UND,MOZZARELLA,QUESOS TAJADOS,QUESOS FRESCOS,regular,CAMPOCLARO,NACIONAL,2025-03
C013,190102,2025-03-31,4,2.0,0.0,0.0,0.0,0.0,0.0,0.0,0.0,2.0,0.0,1.0,2.0,1.0,False,1.0,0.0,0.0,,2025-03-01,La Mesa Premium,Tiendas Especializadas,Occidente,,Cali,Especialidad,DUO FESTIVO QUESOS Y CARNES 500G,0.5,UND,MIXTO QUESOS-CARNES,TEMPORADA,QUESOS MADURADOS,temporada,MONTE AZUL,MAQUILA,2025-03
C005,120103,2025-03-31,132,26.4,0.0,0.0,0.0,6.0,1.2,56220.0,854.0,908.0,170.8,175.856,78.0,21.344000000000023,False,21.344000000000023,1.9085333333333334,57.256,11.183456755623876,2025-03-01,PrecioListo,Hard Discount,Antioquia,Valle de Aburrá,Medellín,Discounter,QUESO CREMA CAMPOCLARO 200G,0.2,UND,CREMAS,UNTABLES,QUESOS FRESCOS,regular,CAMPOCLARO,NACIONAL,2025-03
C001,120103,2025-03-31,113,22.6,0.0,0.0,0.0,8.0,1.6,81170.0,617.0,632.0,123.4,126.512,98.0,19.488,False,19.488,1.4370666666666667,43.112,13.560957506030803,2025-03-01,HiperMax Nacional,Grandes Superficies,Centro,Bogotá y Sabana,Bogotá,Hipermercado,QUESO CREMA CAMPOCLARO 200G,0.2,UND,CREMAS,UNTABLES,QUESOS FRESCOS,regular,CAMPOCLARO,NACIONAL,2025-03
C013,900103,2025-03-31,18,1.44,0.0,0.0,0.0,2.0,0.16,23560.0,105.0,110.0,8.4,8.64,13.0,1.1999999999999993,False,1.1999999999999993,0.06933333333333333,2.08,17.3076923076923,2025-03-01,La Mesa Premium,Tiendas Especializadas,Occidente,,Cali,Especialidad,JAMON SERRANO TAJADO CASA IBERIA 80G,0.08,UND,JAMON SERRANO,CHARCUTERIA,CARNES MADURADAS,regular,CASA IBERIA,IMPORTADO,2025-03
C004,300101,2025-04-30,151,34.73,0.0,0.0,0.0,14.0,3.22,113410.0,1394.0,1426.0,320.62,325.68,119.0,29.670000000000016,False,29.670000000000016,2.484,74.52,11.944444444444452,2025-04-01,Descuento Ya,Hard Discount,Centro,Bogotá y Sabana,Bogotá,Discounter,JAMON DE CERDO FINAS LONCHAS SIERRA CARNES 230G,0.23,UND,JAMON CERDO,LONCHAS,CARNES FRIAS,regular,SIERRA CARNES,NACIONAL,2025-04
C018,120101,2025-04-30,174,43.5,0.0,0.0,0.0,18.0,4.5,166150.0,1613.0,1622.0,403.25,394.75,165.0,52.0,False,52.0,3.225,96.75,16.124031007751938,2025-04-01,Cadena Uno,Hard Discount,Occidente,Valle del Cauca,Cali,Discounter,MOZZARELLA TAJADA CAMPOCLARO 250G,0.25,UND,MOZZARELLA,QUESOS TAJADOS,QUESOS FRESCOS,regular,CAMPOCLARO,NACIONAL,2025-04
C006,110113,2025-04-30,95,23.75,0.0,0.0,0.0,6.0,1.5,84040.0,696.0,712.0,174.0,176.77,79.0,20.97999999999999,False,20.97999999999999,1.5033333333333334,45.1,13.955654101995558,2025-04-01,PuntoMenos Caribe,Hard Discount,Caribe,Costa Norte,Cartagena,Discounter,PARMESANO RALLADO ORO LECHE 250G,0.25,UND,TIPO PARMESANO,RALLADOS,QUESO PARMESANO,regular,ORO LECHE,MAQUILA,2025-04
C017,900102,2025-04-30,6,0.48,3.0,0.24,22340.0,0.0,0.0,0.0,56.0,57.0,4.24,4.572,5.0,0.14800000000000058,False,0.14800000000000058,0.03486666666666667,1.046,4.244741873804987,2025-04-01,RapiExpress,E-commerce,Centro,Bogotá y Sabana,Bogotá,Quick Commerce,PEPPERONI TAJADO CASA IBERIA 80G,0.08,UND,PEPPERONI,CHARCUTERIA,CARNES MADURADAS,regular,CASA IBERIA,IMPORTADO,2025-04
C017,190102,2025-04-30,2,1.0,0.0,0.0,0.0,0.0,0.0,0.0,0.0,2.0,0.0,1.0,0.0,0.0,False,0.0,0.0,0.0,,2025-04-01,RapiExpress,E-commerce,Centro,Bogotá y Sabana,Bogotá,Quick Commerce,DUO FESTIVO QUESOS Y CARNES 500G,0.5,UND,MIXTO QUESOS-CARNES,TEMPORADA,QUESOS MADURADOS,temporada,MONTE AZUL,MAQUILA,2025-04
C012,110106,2025-04-30,15,1.875,0.0,0.0,0.0,0.0,0.0,0.0,92.0,96.0,11.5,12.0,11.0,1.375,False,1.375,0.09166666666666666,2.75,15.000000000000002,2025-04-01,Delimarket Gourmet,Tiendas Especializadas,Centro,Bogotá y Sabana,Bogotá,Especialidad,BRIE CUÑA MONTE AZUL 125G,0.125,UND,BRIE,QUESOS BLANDOS,QUESOS MADURADOS,regular,MONTE AZUL,IMPORTADO,2025-04
C018,130103,2025-04-30,144,41.472,0.0,0.0,0.0,17.0,4.896,129870.0,1824.0,1788.0,525.312,507.444,180.0,59.339999999999975,False,59.339999999999975,4.0957333333333334,122.872,14.488247932808118,2025-04-01,Cadena Uno,Hard Discount,Occidente,Valle del Cauca,Cali,Discounter,LONCHAS AMERICANAS DELILAT 288G,0.288,UND,CHEDDAR ANALOGO,LONCHITAS,QUESOS ANALOGOS,regular,DELILAT,MAQUILA,2025-04
C018,300101,2025-04-30,111,25.53,0.0,0.0,0.0,11.0,2.53,89550.0,1176.0,1167.0,270.48,268.281,120.0,27.728999999999985,False,27.728999999999985,2.288033333333333,68.64099999999999,12.119141620897127,2025-04-01,Cadena Uno,Hard Discount,Occidente,Valle del Cauca,Cali,Discounter,JAMON DE CERDO FINAS LONCHAS SIERRA CARNES 230G,0.23,UND,JAMON CERDO,LONCHAS,CARNES FRIAS,regular,SIERRA CARNES,NACIONAL,2025-04
C005,130101,2025-04-30,356,53.4,0.0,0.0,0.0,24.0,3.6,124970.0,3424.0,3509.0,464.1,526.35,271.0,-8.850000000000023,True,0.0,4.355,130.65,0.0,2025-04-01,PrecioListo,Hard Discount,Antioquia,Valle de Aburrá,Medellín,Discounter,CHEDDAR ESTILO AMERICANO DELILAT 150G,0.15,UND,CHEDDAR ANALOGO,LONCHAS,QUESOS ANALOGOS,regular,DELILAT,MAQUILA,2025-04
C018,110112,2025-04-30,136,13.6,0.0,0.0,0.0,10.0,1.0,63230.0,1247.0,1319.0,124.7,129.5,64.0,8.800000000000011,False,8.800000000000011,1.1,33.0,8.000000000000009,2025-04-01,Cadena Uno,Hard Discount,Occidente,Valle del Cauca,Cali,Discounter,PARMESANO RALLADO ORO LECHE 100G,0.1,UND,TIPO PARMESANO,RALLADOS,QUESO PARMESANO,regular,ORO LECHE,MAQUILA,2025-04
C004,130104,2025-04-30,245,36.75,0.0,0.0,0.0,13.0,1.794,71750.0,1922.0,1943.0,260.85,291.126,224.0,6.474000000000046,False,6.474000000000046,2.5448,76.344,2.5440113171958685,2025-04-01,Descuento Ya,Hard Discount,Centro,Bogotá y Sabana,Bogotá,Discounter,PIZZA MIX RALLADO DELILAT 150G,0.15,UND,MIXTO QUESOS,RALLADOS,QUESOS ANALOGOS,regular,DELILAT,MAQUILA,2025-04
C001,110105,2025-04-30,88,13.2,0.0,0.0,0.0,4.0,0.6,58380.0,634.0,650.0,95.1,97.104,72.0,11.195999999999998,False,11.195999999999998,0.72,21.599999999999998,15.549999999999997,2025-04-01,HiperMax Nacional,Grandes Superficies,Centro,Bogotá y Sabana,Bogotá,Hipermercado,PROVOLONE TAJADO LOMA DORADA 150G,0.15,UND,PROVOLONE,QUESOS TAJADOS PREMIUM,QUESOS MADURADOS,regular,LOMA DORADA,IMPORTADO,2025-04
C004,120104,2025-04-30,177,35.4,0.0,0.0,0.0,18.0,3.6,129450.0,1503.0,1593.0,300.6,313.288,87.0,22.71199999999999,False,22.71199999999999,2.5933333333333333,77.8,8.757840616966577,2025-04-01,Descuento Ya,Hard Discount,Centro,Bogotá y Sabana,Bogotá,Discounter,MOZZARELLA LIGHT CAMPOCLARO 200G,0.2,UND,MOZZARELLA,QUESOS TAJADOS,QUESOS FRESCOS,regular,CAMPOCLARO,NACIONAL,2025-04
C004,120101,2025-04-30,269,67.25,0.0,0.0,0.0,15.0,3.75,136340.0,2169.0,2241.0,542.25,549.5,197.0,60.0,False,60.0,4.441666666666666,133.25,13.50844277673546,2025-04-01,Descuento Ya,Hard Discount,Centro,Bogotá y Sabana,Bogotá,Discounter,MOZZARELLA TAJADA CAMPOCLARO 250G,0.25,UND,MOZZARELLA,QUESOS TAJADOS,QUESOS FRESCOS,regular,CAMPOCLARO,NACIONAL,2025-04
C012,110102,2025-04-30,21,3.15,0.0,0.0,0.0,1.0,0.15,16270.0,133.0,143.0,14.100000000000001,21.15,11.0,-3.8999999999999986,True,0.0,0.2,6.0,0.0,2025-04-01,Delimarket Gourmet,Tiendas Especializadas,Centro,Bogotá y Sabana,Bogotá,Especialidad,HOLANDES TAJADO LOMA DORADA 150G,0.15,UND,HOLANDES,QUESOS TAJADOS PREMIUM,QUESOS MADURADOS,regular,LOMA DORADA,IMPORTADO,2025-04
C005,130103,2025-04-30,213,61.344,0.0,0.0,0.0,10.0,2.88,74390.0,1858.0,1969.0,535.104,567.325,102.0,29.123000000000047,False,29.123000000000047,4.8864,146.592,5.96001146037984,2025-04-01,PrecioListo,Hard Discount,Antioquia,Valle de Aburrá,Medellín,Discounter,LONCHAS AMERICANAS DELILAT 288G,0.288,UND,CHEDDAR ANALOGO,LONCHITAS,QUESOS ANALOGOS,regular,DELILAT,MAQUILA,2025-04
C006,300102,2025-04-30,97,22.31,0.0,0.0,0.0,8.0,1.84,69780.0,714.0,757.0,164.22,170.66,54.0,15.870000000000005,False,15.870000000000005,1.4796666666666667,44.39,10.725388601036272,2025-04-01,PuntoMenos Caribe,Hard Discount,Caribe,Costa Norte,Cartagena,Discounter,JAMON DE PAVO FINAS LONCHAS SIERRA CARNES 230G,0.23,UND,JAMON PAVO,LONCHAS,CARNES FRIAS,regular,SIERRA CARNES,NACIONAL,2025-04
C006,300101,2025-04-30,100,23.0,0.0,0.0,0.0,6.0,1.38,48230.0,760.0,806.0,174.79999999999998,181.451,54.0,16.34899999999999,False,16.34899999999999,1.5308666666666666,45.925999999999995,10.679571484562116,2025-04-01,PuntoMenos Caribe,Hard Discount,Caribe,Costa Norte,Cartagena,Discounter,JAMON DE CERDO FINAS LONCHAS SIERRA CARNES 230G,0.23,UND,JAMON CERDO,LONCHAS,CARNES FRIAS,regular,SIERRA CARNES,NACIONAL,2025-04
C006,130103,2025-04-30,124,35.712,0.0,0.0,0.0,14.0,4.032,104380.0,1209.0,1266.0,348.192,352.57,67.0,31.334000000000003,False,31.334000000000003,3.0451333333333332,91.354,10.289861418219237,2025-04-01,PuntoMenos Caribe,Hard Discount,Caribe,Costa Norte,Cartagena,Discounter,LONCHAS AMERICANAS DELILAT 288G,0.288,UND,CHEDDAR ANALOGO,LONCHITAS,QUESOS ANALOGOS,regular,DELILAT,MAQUILA,2025-04
C006,110112,2025-04-30,125,12.5,0.0,0.0,0.0,9.0,0.9,56550.0,1234.0,1225.0,123.4,122.604,134.0,13.296000000000006,False,13.296000000000006,1.0134666666666667,30.404,13.119326404420477,2025-04-01,PuntoMenos Caribe,Hard Discount,Caribe,Costa Norte,Cartagena,Discounter,PARMESANO RALLADO ORO LECHE 100G,0.1,UND,TIPO PARMESANO,RALLADOS,QUESO PARMESANO,regular,ORO LECHE,MAQUILA,2025-04
C005,300102,2025-04-30,105,24.15,0.0,0.0,0.0,7.0,1.61,61390.0,876.0,882.0,201.48000000000002,202.85999999999999,99.0,22.77000000000004,False,22.77000000000004,1.7326666666666666,51.98,13.141592920354006,2025-04-01,PrecioListo,Hard Discount,Antioquia,Valle de Aburrá,Medellín,Discounter,JAMON DE PAVO FINAS LONCHAS SIERRA CARNES 230G,0.23,UND,JAMON PAVO,LONCHAS,CARNES FRIAS,regular,SIERRA CARNES,NACIONAL,2025-04
C001,110104,2025-04-30,84,12.6,0.0,0.0,0.0,7.0,1.05,100460.0,698.0,731.0,103.71,107.25,51.0,9.059999999999988,False,9.059999999999988,0.9450000000000001,28.35,9.587301587301575,2025-04-01,HiperMax Nacional,Grandes Superficies,Centro,Bogotá y Sabana,Bogotá,Hipermercado,COLBY JACK TAJADO LOMA DORADA 150G,0.15,UND,COLBY JACK,QUESOS TAJADOS PREMIUM,QUESOS MADURADOS,regular,LOMA DORADA,IMPORTADO,2025-04
C004,300102,2025-04-30,99,22.77,0.0,0.0,0.0,13.0,2.99,110330.0,1166.0,1186.0,268.18,264.04,79.0,26.909999999999968,False,26.909999999999968,2.1390000000000002,64.17,12.580645161290306,2025-04-01,Descuento Ya,Hard Discount,Centro,Bogotá y Sabana,Bogotá,Discounter,JAMON DE PAVO FINAS LONCHAS SIERRA CARNES 230G,0.23,UND,JAMON PAVO,LONCHAS,CARNES FRIAS,regular,SIERRA CARNES,NACIONAL,2025-04
C004,130103,2025-04-30,336,96.768,0.0,0.0,0.0,30.0,8.64,225640.0,2507.0,2647.0,722.016,748.915,196.0,69.86900000000003,False,69.86900000000003,6.176633333333332,185.29899999999998,11.311825751892894,2025-04-01,Descuento Ya,Hard Discount,Centro,Bogotá y Sabana,Bogotá,Discounter,LONCHAS AMERICANAS DELILAT 288G,0.288,UND,CHEDDAR ANALOGO,LONCHITAS,QUESOS ANALOGOS,regular,DELILAT,MAQUILA,2025-04
C001,110107,2025-04-30,61,7.625,0.0,0.0,0.0,4.0,0.5,51560.0,546.0,556.0,68.25,68.0,51.0,7.875,False,7.875,0.5458333333333333,16.375,14.427480916030536,2025-04-01,HiperMax Nacional,Grandes Superficies,Centro,Bogotá y Sabana,Bogotá,Hipermercado,CAMEMBERT CUÑA MONTE AZUL 125G,0.125,UND,CAMEMBERT,QUESOS BLANDOS,QUESOS MADURADOS,regular,MONTE AZUL,IMPORTADO,2025-04
C001,110110,2025-04-30,45,16.2,0.0,0.0,0.0,3.0,1.08,99540.0,376.0,394.0,135.36,133.762,27.0,17.798000000000002,False,17.798000000000002,1.008,30.24,17.656746031746035,2025-04-01,HiperMax Nacional,Grandes Superficies,Centro,Bogotá y Sabana,Bogotá,Hipermercado,MIX QUESOS PREMIUM MONTE AZUL 360G,0.36,UND,MIXTO QUESOS,MEZCLAS PREMIUM,QUESOS MADURADOS,regular,MONTE AZUL,IMPORTADO,2025-04
C018,130104,2025-04-30,188,28.2,0.0,0.0,0.0,5.0,0.75,27260.0,1450.0,1463.0,217.5,216.456,175.0,29.244,False,29.244,1.84,55.2,15.893478260869564,2025-04-01,Cadena Uno,Hard Discount,Occidente,Valle del Cauca,Cali,Discounter,PIZZA MIX RALLADO DELILAT 150G,0.15,UND,MIXTO QUESOS,RALLADOS,QUESOS ANALOGOS,regular,DELILAT,MAQUILA,2025-04
C004,900102,2025-04-30,149,11.92,0.0,0.0,0.0,11.0,0.0,98040.0,1133.0,1161.0,78.64,88.345,121.0,2.2150000000000034,False,2.2150000000000034,0.792,23.76,2.7967171717171757,2025-04-01,Descuento Ya,Hard Discount,Centro,Bogotá y Sabana,Bogotá,Discounter,PEPPERONI TAJADO CASA IBERIA 80G,0.08,UND,PEPPERONI,CHARCUTERIA,CARNES MADURADAS,regular,CASA IBERIA,IMPORTADO,2025-04
C005,900102,2025-04-30,101,8.08,0.0,0.0,0.0,6.0,0.48,53520.0,924.0,928.0,74.616,72.72,97.0,9.975999999999999,False,9.975999999999999,0.6880000000000001,20.64,14.499999999999998,2025-04-01,PrecioListo,Hard Discount,Antioquia,Valle de Aburrá,Medellín,Discounter,PEPPERONI TAJADO CASA IBERIA 80G,0.08,UND,PEPPERONI,CHARCUTERIA,CARNES MADURADAS,regular,CASA IBERIA,IMPORTADO,2025-04
C005,120101,2025-04-30,240,60.0,0.0,0.0,0.0,25.0,6.25,226570.0,1808.0,1850.0,455.25,452.91,198.0,62.339999999999975,False,62.339999999999975,3.7083333333333335,111.25,16.810786516853923,2025-04-01,PrecioListo,Hard Discount,Antioquia,Valle de Aburrá,Medellín,Discounter,MOZZARELLA TAJADA CAMPOCLARO 250G,0.25,UND,MOZZARELLA,QUESOS TAJADOS,QUESOS FRESCOS,regular,CAMPOCLARO,NACIONAL,2025-04
C006,120101,2025-04-30,133,33.25,0.0,0.0,0.0,13.0,3.25,119750.0,1192.0,1263.0,298.0,305.78,62.0,25.470000000000027,False,25.470000000000027,2.7843333333333335,83.53,9.14761163653778,2025-04-01,PuntoMenos Caribe,Hard Discount,Caribe,Costa Norte,Cartagena,Discounter,MOZZARELLA TAJADA CAMPOCLARO 250G,0.25,UND,MOZZARELLA,QUESOS TAJADOS,QUESOS FRESCOS,regular,CAMPOCLARO,NACIONAL,2025-04
C005,110112,2025-04-30,205,20.5,0.0,0.0,0.0,19.0,1.9,116320.0,1633.0,1664.0,163.3,165.02,174.0,18.78,False,18.78,1.2866666666666666,38.6,14.595854922279795,2025-04-01,PrecioListo,Hard Discount,Antioquia,Valle de Aburrá,Medellín,Discounter,PARMESANO RALLADO ORO LECHE 100G,0.1,UND,TIPO PARMESANO,RALLADOS,QUESO PARMESANO,regular,ORO LECHE,MAQUILA,2025-04
C017,900101,2025-04-30,4,0.32,0.0,0.0,0.0,0.0,0.0,0.0,52.0,52.0,3.92,4.166,4.0,0.07399999999999984,False,0.07399999999999984,0.024,0.72,3.083333333333327,2025-04-01,RapiExpress,E-commerce,Centro,Bogotá y Sabana,Bogotá,Quick Commerce,SALAMI TAJADO CASA IBERIA 80G,0.08,UND,SALAMI,CHARCUTERIA,CARNES MADURADAS,regular,CASA IBERIA,IMPORTADO,2025-04
C001,110114,2025-04-30,96,24.0,0.0,0.0,0.0,5.0,1.25,124010.0,569.0,601.0,141.0,147.87,64.0,17.129999999999995,False,17.129999999999995,1.2693333333333332,38.08,13.495273109243696,2025-04-01,HiperMax Nacional,Grandes Superficies,Centro,Bogotá y Sabana,Bogotá,Hipermercado,GOUDA NATURAL CUÑA LOMA DORADA 250G,0.25,UND,GOUDA NATURAL,CUÑAS,QUESOS MADURADOS,regular,LOMA DORADA,IMPORTADO,2025-04
C005,130104,2025-04-30,185,27.75,0.0,0.0,0.0,13.0,1.95,69780.0,2003.0,1968.0,300.45,292.5,220.0,35.69999999999999,False,35.69999999999999,2.565,76.95,13.918128654970756,2025-04-01,PrecioListo,Hard Discount,Antioquia,Valle de Aburrá,Medellín,Discounter,PIZZA MIX RALLADO DELILAT 150G,0.15,UND,MIXTO QUESOS,RALLADOS,QUESOS ANALOGOS,regular,DELILAT,MAQUILA,2025-04
C006,130104,2025-04-30,112,16.8,0.0,0.0,0.0,13.0,1.95,71930.0,1172.0,1158.0,175.8,168.618,126.0,23.982000000000028,False,23.982000000000028,1.3150000000000002,39.45,18.23726235741447,2025-04-01,PuntoMenos Caribe,Hard Discount,Caribe,Costa Norte,Cartagena,Discounter,PIZZA MIX RALLADO DELILAT 150G,0.15,UND,MIXTO QUESOS,RALLADOS,QUESOS ANALOGOS,regular,DELILAT,MAQUILA,2025-04
C004,130101,2025-04-30,424,63.6,0.0,0.0,0.0,42.0,6.3,217830.0,4223.0,4193.0,577.92,605.85,454.0,35.66999999999996,False,35.66999999999996,5.265,157.95,6.774928774928767,2025-04-01,Descuento Ya,Hard Discount,Centro,Bogotá y Sabana,Bogotá,Discounter,CHEDDAR ESTILO AMERICANO DELILAT 150G,0.15,UND,CHEDDAR ANALOGO,LONCHAS,QUESOS ANALOGOS,regular,DELILAT,MAQUILA,2025-04
C012,110101,2025-04-30,18,2.7,0.0,0.0,0.0,0.0,0.0,0.0,119.0,125.0,17.849999999999998,18.45,12.0,2.099999999999998,False,2.099999999999998,0.11,3.3,19.090909090909072,2025-04-01,Delimarket Gourmet,Tiendas Especializadas,Centro,Bogotá y Sabana,Bogotá,Especialidad,GOUDA AHUMADO TAJADO LOMA DORADA 150G,0.15,UND,GOUDA AHUMADO,QUESOS TAJADOS PREMIUM,QUESOS MADURADOS,regular,LOMA DORADA,IMPORTADO,2025-04
C004,120103,2025-04-30,174,34.8,0.0,0.0,0.0,18.0,3.6,162550.0,1680.0,1725.0,336.0,345.144,129.0,25.656000000000006,False,25.656000000000006,2.9466666666666668,88.4,8.706787330316743,2025-04-01,Descuento Ya,Hard Discount,Centro,Bogotá y Sabana,Bogotá,Discounter,QUESO CREMA CAMPOCLARO 200G,0.2,UND,CREMAS,UNTABLES,QUESOS FRESCOS,regular,CAMPOCLARO,NACIONAL,2025-04
C006,900102,2025-04-30,75,6.0,0.0,0.0,0.0,6.0,0.48,54630.0,527.0,554.0,38.88,44.08,48.0,0.8000000000000043,False,0.8000000000000043,0.368,11.04,2.1739130434782723,2025-04-01,PuntoMenos Caribe,Hard Discount,Caribe,Costa Norte,Cartagena,Discounter,PEPPERONI TAJADO CASA IBERIA 80G,0.08,UND,PEPPERONI,CHARCUTERIA,CARNES MADURADAS,regular,CASA IBERIA,IMPORTADO,2025-04
C005,120103,2025-04-30,132,26.4,0.0,0.0,0.0,14.0,2.8,126730.0,1158.0,1238.0,231.6,241.856,52.0,16.144000000000005,False,16.144000000000005,2.2,66.0,7.33818181818182,2025-04-01,PrecioListo,Hard Discount,Antioquia,Valle de Aburrá,Medellín,Discounter,QUESO CREMA CAMPOCLARO 200G,0.2,UND,CREMAS,UNTABLES,QUESOS FRESCOS,regular,CAMPOCLARO,NACIONAL,2025-04
C005,110113,2025-04-30,105,26.25,0.0,0.0,0.0,11.0,2.75,158100.0,894.0,946.0,201.75,232.82,53.0,-4.819999999999993,True,0.0,2.0166666666666666,60.5,0.0,2025-04-01,PrecioListo,Hard Discount,Antioquia,Valle de Aburrá,Medellín,Discounter,PARMESANO RALLADO ORO LECHE 250G,0.25,UND,TIPO PARMESANO,RALLADOS,QUESO PARMESANO,regular,ORO LECHE,MAQUILA,2025-04
C018,300102,2025-04-30,96,22.08,0.0,0.0,0.0,10.0,2.3,85040.0,883.0,937.0,203.09,213.302,42.0,11.868000000000023,False,11.868000000000023,1.6952666666666665,50.858,7.00066852805853,2025-04-01,Cadena Uno,Hard Discount,Occidente,Valle del Cauca,Cali,Discounter,JAMON DE PAVO FINAS LONCHAS SIERRA CARNES 230G,0.23,UND,JAMON PAVO,LONCHAS,CARNES FRIAS,regular,SIERRA CARNES,NACIONAL,2025-04
C006,120104,2025-04-30,92,18.4,0.0,0.0,0.0,7.0,1.4,51910.0,941.0,970.0,188.2,190.776,63.0,15.823999999999984,False,15.823999999999984,1.8125333333333336,54.376000000000005,8.730322200971006,2025-04-01,PuntoMenos Caribe,Hard Discount,Caribe,Costa Norte,Cartagena,Discounter,MOZZARELLA LIGHT CAMPOCLARO 200G,0.2,UND,MOZZARELLA,QUESOS TAJADOS,QUESOS FRESCOS,regular,CAMPOCLARO,NACIONAL,2025-04
C018,110113,2025-04-30,114,28.5,0.0,0.0,0.0,13.0,3.25,185360.0,863.0,927.0,215.75,230.24,50.0,14.009999999999991,False,14.009999999999991,2.0580000000000003,61.74,6.807580174927108,2025-04-01,Cadena Uno,Hard Discount,Occidente,Valle del Cauca,Cali,Discounter,PARMESANO RALLADO ORO LECHE 250G,0.25,UND,TIPO PARMESANO,RALLADOS,QUESO PARMESANO,regular,ORO LECHE,MAQUILA,2025-04
C017,300101,2025-04-30,6,1.38,0.0,0.0,0.0,0.0,0.0,0.0,68.0,68.0,15.64,15.64,6.0,1.379999999999999,False,1.379999999999999,0.069,2.0700000000000003,19.999999999999982,2025-04-01,RapiExpress,E-commerce,Centro,Bogotá y Sabana,Bogotá,Quick Commerce,JAMON DE CERDO FINAS LONCHAS SIERRA CARNES 230G,0.23,UND,JAMON CERDO,LONCHAS,CARNES FRIAS,regular,SIERRA CARNES,NACIONAL,2025-04
C017,900103,2025-04-30,3,0.24,2.0,0.16,16600.0,0.0,0.0,0.0,61.0,60.0,4.64,4.8,4.0,0.08000000000000007,False,0.08000000000000007,0.032,0.9600000000000001,2.500000000000002,2025-04-01,RapiExpress,E-commerce,Centro,Bogotá y Sabana,Bogotá,Quick Commerce,JAMON SERRANO TAJADO CASA IBERIA 80G,0.08,UND,JAMON SERRANO,CHARCUTERIA,CARNES MADURADAS,regular,CASA IBERIA,IMPORTADO,2025-04
C018,120103,2025-04-30,112,22.4,0.0,0.0,0.0,11.0,2.2,98490.0,1173.0,1158.0,234.6,229.6,127.0,27.400000000000006,False,27.400000000000006,1.9666666666666666,59.0,13.932203389830512,2025-04-01,Cadena Uno,Hard Discount,Occidente,Valle del Cauca,Cali,Discounter,QUESO CREMA CAMPOCLARO 200G,0.2,UND,CREMAS,UNTABLES,QUESOS FRESCOS,regular,CAMPOCLARO,NACIONAL,2025-04
C018,120104,2025-04-30,104,20.8,0.0,0.0,0.0,3.0,0.6,22490.0,991.0,1028.0,198.2,197.88,67.0,21.120000000000005,False,21.120000000000005,1.7226666666666666,51.68,12.260061919504647,2025-04-01,Cadena Uno,Hard Discount,Occidente,Valle del Cauca,Cali,Discounter,MOZZARELLA LIGHT CAMPOCLARO 200G,0.2,UND,MOZZARELLA,QUESOS TAJADOS,QUESOS FRESCOS,regular,CAMPOCLARO,NACIONAL,2025-04
C001,110113,2025-04-30,116,29.0,0.0,0.0,0.0,11.0,2.75,173090.0,702.0,721.0,175.5,177.5,97.0,27.0,False,27.0,1.5666666666666667,47.0,17.23404255319149,2025-04-01,HiperMax Nacional,Grandes Superficies,Centro,Bogotá y Sabana,Bogotá,Hipermercado,PARMESANO RALLADO ORO LECHE 250G,0.25,UND,TIPO PARMESANO,RALLADOS,QUESO PARMESANO,regular,ORO LECHE,MAQUILA,2025-04
C005,120104,2025-04-30,145,29.0,0.0,0.0,0.0,8.0,1.6,59330.0,1204.0,1281.0,240.8,248.4,68.0,21.400000000000006,False,21.400000000000006,2.066666666666667,62.0,10.354838709677422,2025-04-01,PrecioListo,Hard Discount,Antioquia,Valle de Aburrá,Medellín,Discounter,MOZZARELLA LIGHT CAMPOCLARO 200G,0.2,UND,MOZZARELLA,QUESOS TAJADOS,QUESOS FRESCOS,regular,CAMPOCLARO,NACIONAL,2025-04
C006,120103,2025-04-30,114,22.8,0.0,0.0,0.0,4.0,0.8,37250.0,888.0,947.0,177.6,184.32,55.0,16.080000000000013,False,16.080000000000013,1.5866666666666664,47.599999999999994,10.134453781512613,2025-04-01,PuntoMenos Caribe,Hard Discount,Caribe,Costa Norte,Cartagena,Discounter,QUESO CREMA CAMPOCLARO 200G,0.2,UND,CREMAS,UNTABLES,QUESOS FRESCOS,regular,CAMPOCLARO,NACIONAL,2025-04
C004,110113,2025-04-30,145,36.25,0.0,0.0,0.0,11.0,2.75,156060.0,1104.0,1181.0,276.0,295.15,68.0,17.100000000000023,False,17.100000000000023,2.4583333333333335,73.75,6.955932203389839,2025-04-01,Descuento Ya,Hard Discount,Centro,Bogotá y Sabana,Bogotá,Discounter,PARMESANO RALLADO ORO LECHE 250G,0.25,UND,TIPO PARMESANO,RALLADOS,QUESO PARMESANO,regular,ORO LECHE,MAQUILA,2025-04
C012,110105,2025-04-30,18,2.7,15.0,2.25,170550.0,1.0,0.15,16320.0,113.0,112.0,16.95,16.512,19.0,3.137999999999998,False,3.137999999999998,0.1954,5.862,16.059365404298866,2025-04-01,Delimarket Gourmet,Tiendas Especializadas,Centro,Bogotá y Sabana,Bogotá,Especialidad,PROVOLONE TAJADO LOMA DORADA 150G,0.15,UND,PROVOLONE,QUESOS TAJADOS PREMIUM,QUESOS MADURADOS,regular,LOMA DORADA,IMPORTADO,2025-04
C001,110103,2025-04-30,102,15.3,0.0,0.0,0.0,4.0,0.6,59750.0,666.0,713.0,99.9,106.89,55.0,8.310000000000002,False,8.310000000000002,0.9700000000000001,29.1,8.567010309278352,2025-04-01,HiperMax Nacional,Grandes Superficies,Centro,Bogotá y Sabana,Bogotá,Hipermercado,MUENSTER TAJADO LOMA DORADA 150G,0.15,UND,MUENSTER,QUESOS TAJADOS PREMIUM,QUESOS MADURADOS,regular,LOMA DORADA,IMPORTADO,2025-04
C001,110112,2025-04-30,239,23.9,0.0,0.0,0.0,11.0,1.1,77570.0,1359.0,1415.0,135.9,140.824,183.0,18.976,False,18.976,1.184,35.519999999999996,16.027027027027028,2025-04-01,HiperMax Nacional,Grandes Superficies,Centro,Bogotá y Sabana,Bogotá,Hipermercado,PARMESANO RALLADO ORO LECHE 100G,0.1,UND,TIPO PARMESANO,RALLADOS,QUESO PARMESANO,regular,ORO LECHE,MAQUILA,2025-04
C005,300101,2025-04-30,108,24.84,0.0,0.0,0.0,4.0,0.92,32540.0,1233.0,1246.0,283.59,276.847,95.0,31.58299999999997,False,31.58299999999997,2.0513,61.539,15.396577779944412,2025-04-01,PrecioListo,Hard Discount,Antioquia,Valle de Aburrá,Medellín,Discounter,JAMON DE CERDO FINAS LONCHAS SIERRA CARNES 230G,0.23,UND,JAMON CERDO,LONCHAS,CARNES FRIAS,regular,SIERRA CARNES,NACIONAL,2025-04
C001,110106,2025-04-30,71,8.875,0.0,0.0,0.0,5.0,0.625,63680.0,533.0,543.0,66.625,66.625,61.0,8.875,False,8.875,0.5083333333333333,15.25,17.459016393442624,2025-04-01,HiperMax Nacional,Grandes Superficies,Centro,Bogotá y Sabana,Bogotá,Hipermercado,BRIE CUÑA MONTE AZUL 125G,0.125,UND,BRIE,QUESOS BLANDOS,QUESOS MADURADOS,regular,MONTE AZUL,IMPORTADO,2025-04
C001,110102,2025-04-30,87,13.05,0.0,0.0,0.0,7.0,1.05,104680.0,673.0,720.0,100.95,104.7,40.0,9.299999999999997,False,9.299999999999997,0.975,29.25,9.538461538461537,2025-04-01,HiperMax Nacional,Grandes Superficies,Centro,Bogotá y Sabana,Bogotá,Hipermercado,HOLANDES TAJADO LOMA DORADA 150G,0.15,UND,HOLANDES,QUESOS TAJADOS PREMIUM,QUESOS MADURADOS,regular,LOMA DORADA,IMPORTADO,2025-04
C006,130101,2025-04-30,242,36.3,0.0,0.0,0.0,27.0,4.05,141920.0,2220.0,2293.0,333.0,341.022,169.0,28.27800000000002,False,28.27800000000002,2.8574,85.72200000000001,9.896409323160922,2025-04-01,PuntoMenos Caribe,Hard Discount,Caribe,Costa Norte,Cartagena,Discounter,CHEDDAR ESTILO AMERICANO DELILAT 150G,0.15,UND,CHEDDAR ANALOGO,LONCHAS,QUESOS ANALOGOS,regular,DELILAT,MAQUILA,2025-04
C017,300102,2025-04-30,4,0.92,0.0,0.0,0.0,0.0,0.0,0.0,108.0,108.0,22.54,24.84,4.0,-1.379999999999999,True,0.0,0.09200000000000001,2.7600000000000002,0.0,2025-04-01,RapiExpress,E-commerce,Centro,Bogotá y Sabana,Bogotá,Quick Commerce,JAMON DE PAVO FINAS LONCHAS SIERRA CARNES 230G,0.23,UND,JAMON PAVO,LONCHAS,CARNES FRIAS,regular,SIERRA CARNES,NACIONAL,2025-04
C018,130101,2025-04-30,262,39.3,0.0,0.0,0.0,33.0,4.95,172950.0,2936.0,2986.0,440.4,448.248,212.0,31.451999999999998,False,31.451999999999998,4.1066,123.19800000000001,7.658890566405298,2025-04-01,Cadena Uno,Hard Discount,Occidente,Valle del Cauca,Cali,Discounter,CHEDDAR ESTILO AMERICANO DELILAT 150G,0.15,UND,CHEDDAR ANALOGO,LONCHAS,QUESOS ANALOGOS,regular,DELILAT,MAQUILA,2025-04
C013,110106,2025-04-30,10,1.25,0.0,0.0,0.0,1.0,0.125,14520.0,76.0,78.0,9.5,9.75,8.0,1.0,False,1.0,0.09166666666666666,2.75,10.90909090909091,2025-04-01,La Mesa Premium,Tiendas Especializadas,Occidente,,Cali,Especialidad,BRIE CUÑA MONTE AZUL 125G,0.125,UND,BRIE,QUESOS BLANDOS,QUESOS MADURADOS,regular,MONTE AZUL,IMPORTADO,2025-04
C003,110110,2025-04-30,39,14.04,0.0,0.0,0.0,2.0,0.72,67790.0,237.0,251.0,85.32,90.331,25.0,9.028999999999982,False,9.028999999999982,0.7209666666666668,21.629,12.523463867955034,2025-04-01,MaxiCompra Caribe,Grandes Superficies,Caribe,Costa Norte,Barranquilla,Supermercado,MIX QUESOS PREMIUM MONTE AZUL 360G,0.36,UND,MIXTO QUESOS,MEZCLAS PREMIUM,QUESOS MADURADOS,regular,MONTE AZUL,IMPORTADO,2025-04
C001,900104,2025-04-30,106,8.48,0.0,0.0,0.0,4.0,0.32,38020.0,799.0,834.0,63.92,64.56,71.0,7.840000000000003,False,7.840000000000003,0.5253333333333334,15.760000000000002,14.923857868020308,2025-04-01,HiperMax Nacional,Grandes Superficies,Centro,Bogotá y Sabana,Bogotá,Hipermercado,CHORIZO TAJADO CASA IBERIA 80G,0.08,UND,CHORIZO,CHARCUTERIA,CARNES MADURADAS,regular,CASA IBERIA,IMPORTADO,2025-04
C017,130101,2025-04-30,6,0.9,0.0,0.0,0.0,1.0,0.15,6080.0,91.0,92.0,13.65,13.776,5.0,0.7740000000000009,False,0.7740000000000009,0.115,3.45,6.730434782608703,2025-04-01,RapiExpress,E-commerce,Centro,Bogotá y Sabana,Bogotá,Quick Commerce,CHEDDAR ESTILO AMERICANO DELILAT 150G,0.15,UND,CHEDDAR ANALOGO,LONCHAS,QUESOS ANALOGOS,regular,DELILAT,MAQUILA,2025-04
C013,110107,2025-04-30,12,1.5,11.0,1.375,110740.0,2.0,0.25,29020.0,75.0,74.0,9.375,9.25,13.0,1.625,False,1.625,0.0875,2.625,18.571428571428573,2025-04-01,La Mesa Premium,Tiendas Especializadas,Occidente,,Cali,Especialidad,CAMEMBERT CUÑA MONTE AZUL 125G,0.125,UND,CAMEMBERT,QUESOS BLANDOS,QUESOS MADURADOS,regular,MONTE AZUL,IMPORTADO,2025-04
C017,110112,2025-04-30,7,0.7,0.0,0.0,0.0,0.0,0.0,0.0,84.0,87.0,8.4,8.3,4.0,0.7999999999999989,False,0.7999999999999989,0.07333333333333332,2.1999999999999997,10.909090909090896,2025-04-01,RapiExpress,E-commerce,Centro,Bogotá y Sabana,Bogotá,Quick Commerce,PARMESANO RALLADO ORO LECHE 100G,0.1,UND,TIPO PARMESANO,RALLADOS,QUESO PARMESANO,regular,ORO LECHE,MAQUILA,2025-04
C016,300102,2025-04-30,55,12.65,0.0,0.0,0.0,5.0,1.15,48020.0,427.0,427.0,98.21000000000001,96.83,55.0,14.030000000000015,False,14.030000000000015,0.759,22.77,18.484848484848506,2025-04-01,Canasta Familiar,Grandes Superficies,Santanderes,Bucaramanga Metropolitana,Bucaramanga,Supermercado,JAMON DE PAVO FINAS LONCHAS SIERRA CARNES 230G,0.23,UND,JAMON PAVO,LONCHAS,CARNES FRIAS,regular,SIERRA CARNES,NACIONAL,2025-04
C014,110101,2025-04-30,70,10.5,0.0,0.0,0.0,2.0,0.3,29140.0,525.0,529.0,78.75,78.75,66.0,10.5,False,10.5,0.715,21.45,14.685314685314687,2025-04-01,Plaza Hogar,Grandes Superficies,Occidente,Valle del Cauca,Cali,Hipermercado,GOUDA AHUMADO TAJADO LOMA DORADA 150G,0.15,UND,GOUDA AHUMADO,QUESOS TAJADOS PREMIUM,QUESOS MADURADOS,regular,LOMA DORADA,IMPORTADO,2025-04
C003,300102,2025-04-30,79,18.17,0.0,0.0,0.0,10.0,2.3,93920.0,511.0,554.0,106.03,123.97,36.0,0.23000000000000398,False,0.23000000000000398,1.0963333333333334,32.89,0.2097902097902134,2025-04-01,MaxiCompra Caribe,Grandes Superficies,Caribe,Costa Norte,Barranquilla,Supermercado,JAMON DE PAVO FINAS LONCHAS SIERRA CARNES 230G,0.23,UND,JAMON PAVO,LONCHAS,CARNES FRIAS,regular,SIERRA CARNES,NACIONAL,2025-04
C003,130103,2025-04-30,87,25.056,0.0,0.0,0.0,6.0,1.728,49670.0,762.0,793.0,221.76,224.928,56.0,21.888000000000005,False,21.888000000000005,1.9200000000000002,57.6,11.400000000000002,2025-04-01,MaxiCompra Caribe,Grandes Superficies,Caribe,Costa Norte,Barranquilla,Supermercado,LONCHAS AMERICANAS DELILAT 288G,0.288,UND,CHEDDAR ANALOGO,LONCHITAS,QUESOS ANALOGOS,regular,DELILAT,MAQUILA,2025-04
C012,190103,2025-04-30,5,3.0,0.0,0.0,0.0,0.0,0.0,0.0,0.0,1.0,0.0,0.6,4.0,2.4,False,2.4,0.02,0.6,120.0,2025-04-01,Delimarket Gourmet,Tiendas Especializadas,Centro,Bogotá y Sabana,Bogotá,Especialidad,RACLETTE CELEBRACION LOMA DORADA 600G,0.6,UND,MIXTO QUESOS,TEMPORADA,QUESOS MADURADOS,temporada,LOMA DORADA,IMPORTADO,2025-04
C015,110112,2025-04-30,32,3.2,18.0,1.8,92680.0,1.0,0.1,6770.0,265.0,264.0,26.5,25.8,33.0,3.8999999999999986,False,3.8999999999999986,0.25333333333333335,7.6000000000000005,15.394736842105257,2025-04-01,Abarrotes Norte,Tradicional Modernizado,Caribe,Costa Norte,Barranquilla,Supermercado Regional,PARMESANO RALLADO ORO LECHE 100G,0.1,UND,TIPO PARMESANO,RALLADOS,QUESO PARMESANO,regular,ORO LECHE,MAQUILA,2025-04
C016,900101,2025-04-30,52,4.16,0.0,0.0,0.0,2.0,0.16,19890.0,410.0,424.0,29.44,33.92,38.0,-0.3200000000000003,True,0.0,0.304,9.12,0.0,2025-04-01,Canasta Familiar,Grandes Superficies,Santanderes,Bucaramanga Metropolitana,Bucaramanga,Supermercado,SALAMI TAJADO CASA IBERIA 80G,0.08,UND,SALAMI,CHARCUTERIA,CARNES MADURADAS,regular,CASA IBERIA,IMPORTADO,2025-04
C002,110103,2025-04-30,59,8.85,0.0,0.0,0.0,2.0,0.3,28750.0,482.0,507.0,72.3,75.966,34.0,5.1839999999999975,False,5.1839999999999975,0.645,19.35,8.037209302325577,2025-04-01,SuperAhorro,Grandes Superficies,Antioquia,Valle de Aburrá,Medellín,Supermercado,MUENSTER TAJADO LOMA DORADA 150G,0.15,UND,MUENSTER,QUESOS TAJADOS PREMIUM,QUESOS MADURADOS,regular,LOMA DORADA,IMPORTADO,2025-04
C013,110105,2025-04-30,17,2.55,0.0,0.0,0.0,2.0,0.3,32380.0,75.0,80.0,11.25,12.0,12.0,1.8000000000000007,False,1.8000000000000007,0.10500000000000001,3.1500000000000004,17.14285714285715,2025-04-01,La Mesa Premium,Tiendas Especializadas,Occidente,,Cali,Especialidad,PROVOLONE TAJADO LOMA DORADA 150G,0.15,UND,PROVOLONE,QUESOS TAJADOS PREMIUM,QUESOS MADURADOS,regular,LOMA DORADA,IMPORTADO,2025-04
C001,130101,2025-04-30,202,30.3,0.0,0.0,0.0,3.0,0.45,17470.0,1301.0,1320.0,197.16,194.856,183.0,32.60400000000001,False,32.60400000000001,1.8,54.0,18.11333333333334,2025-04-01,HiperMax Nacional,Grandes Superficies,Centro,Bogotá y Sabana,Bogotá,Hipermercado,CHEDDAR ESTILO AMERICANO DELILAT 150G,0.15,UND,CHEDDAR ANALOGO,LONCHAS,QUESOS ANALOGOS,regular,DELILAT,MAQUILA,2025-04
C014,120101,2025-04-30,115,28.75,0.0,0.0,0.0,10.0,2.5,99880.0,1026.0,1044.0,256.5,256.63,97.0,28.620000000000005,False,28.620000000000005,2.1,63.0,13.62857142857143,2025-04-01,Plaza Hogar,Grandes Superficies,Occidente,Valle del Cauca,Cali,Hipermercado,MOZZARELLA TAJADA CAMPOCLARO 250G,0.25,UND,MOZZARELLA,QUESOS TAJADOS,QUESOS FRESCOS,regular,CAMPOCLARO,NACIONAL,2025-04
C001,190102,2025-04-30,26,13.0,0.0,0.0,0.0,0.0,0.0,0.0,0.0,1.0,0.0,0.5,25.0,12.5,False,12.5,0.0,0.0,,2025-04-01,HiperMax Nacional,Grandes Superficies,Centro,Bogotá y Sabana,Bogotá,Hipermercado,DUO FESTIVO QUESOS Y CARNES 500G,0.5,UND,MIXTO QUESOS-CARNES,TEMPORADA,QUESOS MADURADOS,temporada,MONTE AZUL,MAQUILA,2025-04
C012,900101,2025-04-30,24,1.92,15.0,1.2,115270.0,0.0,0.0,0.0,156.0,155.0,12.48,11.84,25.0,2.5600000000000005,False,2.5600000000000005,0.10133333333333333,3.04,25.263157894736846,2025-04-01,Delimarket Gourmet,Tiendas Especializadas,Centro,Bogotá y Sabana,Bogotá,Especialidad,SALAMI TAJADO CASA IBERIA 80G,0.08,UND,SALAMI,CHARCUTERIA,CARNES MADURADAS,regular,CASA IBERIA,IMPORTADO,2025-04
C016,110115,2025-04-30,46,11.5,0.0,0.0,0.0,1.0,0.25,25560.0,291.0,310.0,72.75,77.42,27.0,6.829999999999998,False,6.829999999999998,0.6666666666666666,20.0,10.244999999999997,2025-04-01,Canasta Familiar,Grandes Superficies,Santanderes,Bucaramanga Metropolitana,Bucaramanga,Supermercado,FETA CUBOS CASA SIERRA 250G,0.25,UND,FETA,ESPECIALES,QUESOS MADURADOS,regular,CASA SIERRA,IMPORTADO,2025-04
C003,110112,2025-04-30,120,12.0,0.0,0.0,0.0,5.0,0.5,33840.0,2060.0,2098.0,206.0,206.4,82.0,11.599999999999994,False,11.599999999999994,0.9133333333333333,27.4,12.700729927007293,2025-04-01,MaxiCompra Caribe,Grandes Superficies,Caribe,Costa Norte,Barranquilla,Supermercado,PARMESANO RALLADO ORO LECHE 100G,0.1,UND,TIPO PARMESANO,RALLADOS,QUESO PARMESANO,regular,ORO LECHE,MAQUILA,2025-04
C014,110102,2025-04-30,74,11.1,0.0,0.0,0.0,5.0,0.75,74430.0,405.0,437.0,54.45,65.238,42.0,0.3119999999999976,False,0.3119999999999976,0.58,17.4,0.5379310344827546,2025-04-01,Plaza Hogar,Grandes Superficies,Occidente,Valle del Cauca,Cali,Hipermercado,HOLANDES TAJADO LOMA DORADA 150G,0.15,UND,HOLANDES,QUESOS TAJADOS PREMIUM,QUESOS MADURADOS,regular,LOMA DORADA,IMPORTADO,2025-04
C014,120104,2025-04-30,96,19.2,0.0,0.0,0.0,4.0,0.8,32630.0,636.0,651.0,127.2,130.248,81.0,16.152000000000015,False,16.152000000000015,1.1266666666666667,33.800000000000004,14.336094674556225,2025-04-01,Plaza Hogar,Grandes Superficies,Occidente,Valle del Cauca,Cali,Hipermercado,MOZZARELLA LIGHT CAMPOCLARO 200G,0.2,UND,MOZZARELLA,QUESOS TAJADOS,QUESOS FRESCOS,regular,CAMPOCLARO,NACIONAL,2025-04
C003,130101,2025-04-30,98,14.7,0.0,0.0,0.0,8.0,1.2,44810.0,916.0,920.0,137.4,135.948,94.0,16.151999999999987,False,16.151999999999987,1.23,36.9,13.131707317073161,2025-04-01,MaxiCompra Caribe,Grandes Superficies,Caribe,Costa Norte,Barranquilla,Supermercado,CHEDDAR ESTILO AMERICANO DELILAT 150G,0.15,UND,CHEDDAR ANALOGO,LONCHAS,QUESOS ANALOGOS,regular,DELILAT,MAQUILA,2025-04
C013,900104,2025-04-30,21,1.68,0.0,0.0,0.0,1.0,0.08,10080.0,103.0,113.0,8.24,8.96,11.0,0.9599999999999991,False,0.9599999999999991,0.07466666666666667,2.24,12.857142857142843,2025-04-01,La Mesa Premium,Tiendas Especializadas,Occidente,,Cali,Especialidad,CHORIZO TAJADO CASA IBERIA 80G,0.08,UND,CHORIZO,CHARCUTERIA,CARNES MADURADAS,regular,CASA IBERIA,IMPORTADO,2025-04
C014,900103,2025-04-30,71,5.68,0.0,0.0,0.0,8.0,0.64,86530.0,481.0,510.0,38.48,40.819,42.0,3.340999999999994,False,3.340999999999994,0.3553,10.659,9.40332113706725,2025-04-01,Plaza Hogar,Grandes Superficies,Occidente,Valle del Cauca,Cali,Hipermercado,JAMON SERRANO TAJADO CASA IBERIA 80G,0.08,UND,JAMON SERRANO,CHARCUTERIA,CARNES MADURADAS,regular,CASA IBERIA,IMPORTADO,2025-04
C014,900101,2025-04-30,67,0.0,0.0,0.0,0.0,6.0,0.48,60240.0,526.0,525.0,37.28,41.76,68.0,-4.479999999999997,True,0.0,0.39200000000000007,11.760000000000002,0.0,2025-04-01,Plaza Hogar,Grandes Superficies,Occidente,Valle del Cauca,Cali,Hipermercado,SALAMI TAJADO CASA IBERIA 80G,0.08,UND,SALAMI,CHARCUTERIA,CARNES MADURADAS,regular,CASA IBERIA,IMPORTADO,2025-04
C014,130103,2025-04-30,91,26.208,0.0,0.0,0.0,10.0,2.88,82080.0,825.0,846.0,237.6,237.174,70.0,26.633999999999986,False,26.633999999999986,1.8432,55.296,14.449869791666659,2025-04-01,Plaza Hogar,Grandes Superficies,Occidente,Valle del Cauca,Cali,Hipermercado,LONCHAS AMERICANAS DELILAT 288G,0.288,UND,CHEDDAR ANALOGO,LONCHITAS,QUESOS ANALOGOS,regular,DELILAT,MAQUILA,2025-04
C002,300101,2025-04-30,76,17.48,0.0,0.0,0.0,3.0,0.69,27340.0,631.0,620.0,145.13,141.625,87.0,20.984999999999985,False,20.984999999999985,1.0255,30.765,20.463188688444646,2025-04-01,SuperAhorro,Grandes Superficies,Antioquia,Valle de Aburrá,Medellín,Supermercado,JAMON DE CERDO FINAS LONCHAS SIERRA CARNES 230G,0.23,UND,JAMON CERDO,LONCHAS,CARNES FRIAS,regular,SIERRA CARNES,NACIONAL,2025-04
C002,900102,2025-04-30,86,6.88,0.0,0.0,0.0,7.0,0.56,69960.0,1110.0,1192.0,88.8,94.61200000000001,4.0,1.0679999999999836,False,1.0679999999999836,0.37333333333333335,11.200000000000001,2.860714285714242,2025-04-01,SuperAhorro,Grandes Superficies,Antioquia,Valle de Aburrá,Medellín,Supermercado,PEPPERONI TAJADO CASA IBERIA 80G,0.08,UND,PEPPERONI,CHARCUTERIA,CARNES MADURADAS,regular,CASA IBERIA,IMPORTADO,2025-04
C013,110108,2025-04-30,15,2.25,11.0,1.65,135530.0,0.0,0.0,0.0,116.0,115.0,17.4,17.262,16.0,2.387999999999998,False,2.387999999999998,0.16499999999999998,4.949999999999999,14.472727272727264,2025-04-01,La Mesa Premium,Tiendas Especializadas,Occidente,,Cali,Especialidad,MANCHEGO CUÑA MONTE AZUL 150G,0.15,UND,MANCHEGO,CUÑAS PREMIUM,QUESOS MADURADOS,regular,MONTE AZUL,IMPORTADO,2025-04
C016,300101,2025-04-30,88,20.24,0.0,0.0,0.0,6.0,1.38,55010.0,585.0,606.0,134.55,138.589,67.0,16.201000000000022,False,16.201000000000022,1.1269999999999998,33.809999999999995,14.375332741792391,2025-04-01,Canasta Familiar,Grandes Superficies,Santanderes,Bucaramanga Metropolitana,Bucaramanga,Supermercado,JAMON DE CERDO FINAS LONCHAS SIERRA CARNES 230G,0.23,UND,JAMON CERDO,LONCHAS,CARNES FRIAS,regular,SIERRA CARNES,NACIONAL,2025-04
C016,120101,2025-04-30,92,0.0,0.0,0.0,0.0,4.0,1.0,40500.0,626.0,660.0,156.5,158.5,58.0,-2.0,True,0.0,1.3166666666666667,39.5,0.0,2025-04-01,Canasta Familiar,Grandes Superficies,Santanderes,Bucaramanga Metropolitana,Bucaramanga,Supermercado,MOZZARELLA TAJADA CAMPOCLARO 250G,0.25,UND,MOZZARELLA,QUESOS TAJADOS,QUESOS FRESCOS,regular,CAMPOCLARO,NACIONAL,2025-04
C015,130101,2025-04-30,29,4.35,0.0,0.0,0.0,2.0,0.3,10960.0,228.0,235.0,34.2,34.512,22.0,4.038000000000004,False,4.038000000000004,0.325,9.75,12.424615384615397,2025-04-01,Abarrotes Norte,Tradicional Modernizado,Caribe,Costa Norte,Barranquilla,Supermercado Regional,CHEDDAR ESTILO AMERICANO DELILAT 150G,0.15,UND,CHEDDAR ANALOGO,LONCHAS,QUESOS ANALOGOS,regular,DELILAT,MAQUILA,2025-04
C012,190102,2025-04-30,7,3.5,0.0,0.0,0.0,0.0,0.0,0.0,0.0,1.0,0.0,0.5,6.0,3.0,False,3.0,0.016666666666666666,0.5,180.0,2025-04-01,Delimarket Gourmet,Tiendas Especializadas,Centro,Bogotá y Sabana,Bogotá,Especialidad,DUO FESTIVO QUESOS Y CARNES 500G,0.5,UND,MIXTO QUESOS-CARNES,TEMPORADA,QUESOS MADURADOS,temporada,MONTE AZUL,MAQUILA,2025-04
C015,120101,2025-04-30,35,8.75,0.0,0.0,0.0,2.0,0.0,19670.0,210.0,219.0,52.5,53.42,26.0,7.829999999999998,False,7.829999999999998,0.5,15.0,15.659999999999997,2025-04-01,Abarrotes Norte,Tradicional Modernizado,Caribe,Costa Norte,Barranquilla,Supermercado Regional,MOZZARELLA TAJADA CAMPOCLARO 250G,0.25,UND,MOZZARELLA,QUESOS TAJADOS,QUESOS FRESCOS,regular,CAMPOCLARO,NACIONAL,2025-04
C001,110101,2025-04-30,97,14.55,0.0,0.0,0.0,5.0,0.75,73020.0,679.0,684.0,101.85,101.454,92.0,14.945999999999998,False,14.945999999999998,0.8768,26.304000000000002,17.046076642335763,2025-04-01,HiperMax Nacional,Grandes Superficies,Centro,Bogotá y Sabana,Bogotá,Hipermercado,GOUDA AHUMADO TAJADO LOMA DORADA 150G,0.15,UND,GOUDA AHUMADO,QUESOS TAJADOS PREMIUM,QUESOS MADURADOS,regular,LOMA DORADA,IMPORTADO,2025-04
C014,190103,2025-04-30,16,9.6,0.0,0.0,0.0,0.0,0.0,0.0,0.0,2.0,0.0,1.2,14.0,8.4,False,8.4,0.02,0.6,420.0,2025-04-01,Plaza Hogar,Grandes Superficies,Occidente,Valle del Cauca,Cali,Hipermercado,RACLETTE CELEBRACION LOMA DORADA 600G,0.6,UND,MIXTO QUESOS,TEMPORADA,QUESOS MADURADOS,temporada,LOMA DORADA,IMPORTADO,2025-04
C002,130103,2025-04-30,124,35.712,0.0,0.0,0.0,4.0,1.152,33490.0,889.0,921.0,256.032,257.23,92.0,34.51399999999995,False,34.51399999999995,2.0831999999999997,62.495999999999995,16.56778033794161,2025-04-01,SuperAhorro,Grandes Superficies,Antioquia,Valle de Aburrá,Medellín,Supermercado,LONCHAS AMERICANAS DELILAT 288G,0.288,UND,CHEDDAR ANALOGO,LONCHITAS,QUESOS ANALOGOS,regular,DELILAT,MAQUILA,2025-04
C017,190101,2025-04-30,1,0.4,0.0,0.0,0.0,0.0,0.0,0.0,0.0,1.0,0.0,0.4,0.0,0.0,False,0.0,0.0,0.0,,2025-04-01,RapiExpress,E-commerce,Centro,Bogotá y Sabana,Bogotá,Quick Commerce,TABLA APERITIVO NAVIDEÑA MONTE AZUL 400G,0.4,UND,MIXTO QUESOS,TEMPORADA,QUESOS MADURADOS,temporada,MONTE AZUL,IMPORTADO,2025-04
C012,110108,2025-04-30,16,2.4,11.0,1.65,133270.0,1.0,0.15,17350.0,109.0,106.0,16.35,15.9,19.0,2.8499999999999996,False,2.8499999999999996,0.1396,4.188,20.415472779369626,2025-04-01,Delimarket Gourmet,Tiendas Especializadas,Centro,Bogotá y Sabana,Bogotá,Especialidad,MANCHEGO CUÑA MONTE AZUL 150G,0.15,UND,MANCHEGO,CUÑAS PREMIUM,QUESOS MADURADOS,regular,MONTE AZUL,IMPORTADO,2025-04
C001,190103,2025-04-30,29,17.4,0.0,0.0,0.0,0.0,0.0,0.0,0.0,2.0,0.0,1.2,27.0,16.2,False,16.2,0.0,0.0,,2025-04-01,HiperMax Nacional,Grandes Superficies,Centro,Bogotá y Sabana,Bogotá,Hipermercado,RACLETTE CELEBRACION LOMA DORADA 600G,0.6,UND,MIXTO QUESOS,TEMPORADA,QUESOS MADURADOS,temporada,LOMA DORADA,IMPORTADO,2025-04
C014,110110,2025-04-30,33,11.88,0.0,0.0,0.0,1.0,0.36,33380.0,239.0,245.0,86.03999999999999,85.67999999999999,27.0,12.239999999999995,False,12.239999999999995,0.768,23.04,15.937499999999993,2025-04-01,Plaza Hogar,Grandes Superficies,Occidente,Valle del Cauca,Cali,Hipermercado,MIX QUESOS PREMIUM MONTE AZUL 360G,0.36,UND,MIXTO QUESOS,MEZCLAS PREMIUM,QUESOS MADURADOS,regular,MONTE AZUL,IMPORTADO,2025-04
C002,900104,2025-04-30,92,7.36,0.0,0.0,0.0,5.0,0.4,47010.0,505.0,540.0,40.4,42.679,57.0,5.080999999999996,False,5.080999999999996,0.336,10.08,15.122023809523796,2025-04-01,SuperAhorro,Grandes Superficies,Antioquia,Valle de Aburrá,Medellín,Supermercado,CHORIZO TAJADO CASA IBERIA 80G,0.08,UND,CHORIZO,CHARCUTERIA,CARNES MADURADAS,regular,CASA IBERIA,IMPORTADO,2025-04
C014,110107,2025-04-30,58,7.25,0.0,0.0,0.0,2.0,0.25,26040.0,366.0,369.0,45.75,45.72,55.0,7.280000000000001,False,7.280000000000001,0.37916666666666665,11.375,19.200000000000003,2025-04-01,Plaza Hogar,Grandes Superficies,Occidente,Valle del Cauca,Cali,Hipermercado,CAMEMBERT CUÑA MONTE AZUL 125G,0.125,UND,CAMEMBERT,QUESOS BLANDOS,QUESOS MADURADOS,regular,MONTE AZUL,IMPORTADO,2025-04
C013,110102,2025-04-30,19,2.85,13.0,1.95,150240.0,0.0,0.0,0.0,114.0,115.0,17.1,17.052,18.0,2.8980000000000032,False,2.8980000000000032,0.13499999999999998,4.05,21.466666666666693,2025-04-01,La Mesa Premium,Tiendas Especializadas,Occidente,,Cali,Especialidad,HOLANDES TAJADO LOMA DORADA 150G,0.15,UND,HOLANDES,QUESOS TAJADOS PREMIUM,QUESOS MADURADOS,regular,LOMA DORADA,IMPORTADO,2025-04
C002,190101,2025-04-30,18,7.2,0.0,0.0,0.0,0.0,0.0,0.0,0.0,4.0,0.0,1.6,14.0,5.6,False,5.6,0.013333333333333334,0.4,419.99999999999994,2025-04-01,SuperAhorro,Grandes Superficies,Antioquia,Valle de Aburrá,Medellín,Supermercado,TABLA APERITIVO NAVIDEÑA MONTE AZUL 400G,0.4,UND,MIXTO QUESOS,TEMPORADA,QUESOS MADURADOS,temporada,MONTE AZUL,IMPORTADO,2025-04
C002,120103,2025-04-30,97,19.4,0.0,0.0,0.0,8.0,1.6,80450.0,652.0,704.0,114.6,139.0,45.0,-5.0,True,0.0,1.2,36.0,0.0,2025-04-01,SuperAhorro,Grandes Superficies,Antioquia,Valle de Aburrá,Medellín,Supermercado,QUESO CREMA CAMPOCLARO 200G,0.2,UND,CREMAS,UNTABLES,QUESOS FRESCOS,regular,CAMPOCLARO,NACIONAL,2025-04
C002,110113,2025-04-30,61,15.25,0.0,0.0,0.0,5.0,1.25,79060.0,497.0,504.0,124.25,126.0,54.0,13.5,False,13.5,0.925,27.75,14.594594594594595,2025-04-01,SuperAhorro,Grandes Superficies,Antioquia,Valle de Aburrá,Medellín,Supermercado,PARMESANO RALLADO ORO LECHE 250G,0.25,UND,TIPO PARMESANO,RALLADOS,QUESO PARMESANO,regular,ORO LECHE,MAQUILA,2025-04
C012,110109,2025-04-30,14,2.1,0.0,0.0,0.0,0.0,0.0,0.0,131.0,136.0,17.055,19.8,9.0,-0.6449999999999996,True,0.0,0.18,5.3999999999999995,0.0,2025-04-01,Delimarket Gourmet,Tiendas Especializadas,Centro,Bogotá y Sabana,Bogotá,Especialidad,IBERICO CUÑA MONTE AZUL 150G,0.15,UND,IBERICO,CUÑAS PREMIUM,QUESOS MADURADOS,regular,MONTE AZUL,IMPORTADO,2025-04
C002,110102,2025-04-30,77,11.55,0.0,0.0,0.0,2.0,0.3,29060.0,478.0,491.0,71.7,71.7,64.0,11.549999999999997,False,11.549999999999997,0.56,16.8,20.624999999999993,2025-04-01,SuperAhorro,Grandes Superficies,Antioquia,Valle de Aburrá,Medellín,Supermercado,HOLANDES TAJADO LOMA DORADA 150G,0.15,UND,HOLANDES,QUESOS TAJADOS PREMIUM,QUESOS MADURADOS,regular,LOMA DORADA,IMPORTADO,2025-04
C012,900104,2025-04-30,26,2.08,15.0,1.2,107490.0,4.0,0.32,40410.0,136.0,138.0,10.88,11.04,24.0,1.9200000000000017,False,1.9200000000000017,0.08800000000000001,2.64,21.818181818181834,2025-04-01,Delimarket Gourmet,Tiendas Especializadas,Centro,Bogotá y Sabana,Bogotá,Especialidad,CHORIZO TAJADO CASA IBERIA 80G,0.08,UND,CHORIZO,CHARCUTERIA,CARNES MADURADAS,regular,CASA IBERIA,IMPORTADO,2025-04
C016,900103,2025-04-30,66,5.28,0.0,0.0,0.0,1.0,0.08,10640.0,356.0,391.0,25.04,30.72,31.0,-0.3999999999999986,True,0.0,0.264,7.920000000000001,0.0,2025-04-01,Canasta Familiar,Grandes Superficies,Santanderes,Bucaramanga Metropolitana,Bucaramanga,Supermercado,JAMON SERRANO TAJADO CASA IBERIA 80G,0.08,UND,JAMON SERRANO,CHARCUTERIA,CARNES MADURADAS,regular,CASA IBERIA,IMPORTADO,2025-04
C003,110102,2025-04-30,54,8.1,0.0,0.0,0.0,2.0,0.3,28990.0,402.0,422.0,60.3,62.346,34.0,6.053999999999995,False,6.053999999999995,0.475,14.25,12.745263157894726,2025-04-01,MaxiCompra Caribe,Grandes Superficies,Caribe,Costa Norte,Barranquilla,Supermercado,HOLANDES TAJADO LOMA DORADA 150G,0.15,UND,HOLANDES,QUESOS TAJADOS PREMIUM,QUESOS MADURADOS,regular,LOMA DORADA,IMPORTADO,2025-04
C001,130103,2025-04-30,158,45.504,0.0,0.0,0.0,10.0,2.88,80640.0,1054.0,1145.0,303.55199999999996,316.512,67.0,32.54399999999998,False,32.54399999999998,2.6111999999999997,78.336,12.463235294117641,2025-04-01,HiperMax Nacional,Grandes Superficies,Centro,Bogotá y Sabana,Bogotá,Hipermercado,LONCHAS AMERICANAS DELILAT 288G,0.288,UND,CHEDDAR ANALOGO,LONCHITAS,QUESOS ANALOGOS,regular,DELILAT,MAQUILA,2025-04
C003,110103,2025-04-30,72,10.8,0.0,0.0,0.0,5.0,0.75,74610.0,466.0,504.0,69.9,75.048,34.0,5.652000000000001,False,5.652000000000001,0.6400000000000001,19.200000000000003,8.83125,2025-04-01,MaxiCompra Caribe,Grandes Superficies,Caribe,Costa Norte,Barranquilla,Supermercado,MUENSTER TAJADO LOMA DORADA 150G,0.15,UND,MUENSTER,QUESOS TAJADOS PREMIUM,QUESOS MADURADOS,regular,LOMA DORADA,IMPORTADO,2025-04
C016,110113,2025-04-30,46,11.5,0.0,0.0,0.0,2.0,0.5,31310.0,376.0,384.0,83.75,94.55,38.0,0.7000000000000028,False,0.7000000000000028,0.8133333333333334,24.400000000000002,0.8606557377049215,2025-04-01,Canasta Familiar,Grandes Superficies,Santanderes,Bucaramanga Metropolitana,Bucaramanga,Supermercado,PARMESANO RALLADO ORO LECHE 250G,0.25,UND,TIPO PARMESANO,RALLADOS,QUESO PARMESANO,regular,ORO LECHE,MAQUILA,2025-04
C014,110104,2025-04-30,57,8.55,0.0,0.0,0.0,6.0,0.9,88320.0,536.0,537.0,80.4,78.462,56.0,10.488,False,10.488,0.7004,21.012,14.974300399771558,2025-04-01,Plaza Hogar,Grandes Superficies,Occidente,Valle del Cauca,Cali,Hipermercado,COLBY JACK TAJADO LOMA DORADA 150G,0.15,UND,COLBY JACK,QUESOS TAJADOS PREMIUM,QUESOS MADURADOS,regular,LOMA DORADA,IMPORTADO,2025-04
C002,300102,2025-04-30,97,22.31,0.0,0.0,0.0,4.0,0.92,38410.0,561.0,591.0,129.03,134.09,67.0,17.25,False,17.25,1.2573333333333332,37.72,13.719512195121952,2025-04-01,SuperAhorro,Grandes Superficies,Antioquia,Valle de Aburrá,Medellín,Supermercado,JAMON DE PAVO FINAS LONCHAS SIERRA CARNES 230G,0.23,UND,JAMON PAVO,LONCHAS,CARNES FRIAS,regular,SIERRA CARNES,NACIONAL,2025-04
C002,110114,2025-04-30,66,16.5,0.0,0.0,0.0,2.0,0.5,49870.0,371.0,398.0,92.75,98.52,39.0,10.730000000000004,False,10.730000000000004,0.8083333333333333,24.25,13.274226804123716,2025-04-01,SuperAhorro,Grandes Superficies,Antioquia,Valle de Aburrá,Medellín,Supermercado,GOUDA NATURAL CUÑA LOMA DORADA 250G,0.25,UND,GOUDA NATURAL,CUÑAS,QUESOS MADURADOS,regular,LOMA DORADA,IMPORTADO,2025-04
C012,900103,2025-04-30,29,2.32,0.0,0.0,0.0,2.0,0.16,23530.0,201.0,211.0,14.784,16.72,19.0,0.38400000000000034,False,0.38400000000000034,0.14400000000000002,4.32,2.6666666666666687,2025-04-01,Delimarket Gourmet,Tiendas Especializadas,Centro,Bogotá y Sabana,Bogotá,Especialidad,JAMON SERRANO TAJADO CASA IBERIA 80G,0.08,UND,JAMON SERRANO,CHARCUTERIA,CARNES MADURADAS,regular,CASA IBERIA,IMPORTADO,2025-04
C016,900104,2025-04-30,54,4.32,0.0,0.0,0.0,4.0,0.32,36880.0,447.0,461.0,35.76,35.68,40.0,4.399999999999999,False,4.399999999999999,0.3386666666666667,10.160000000000002,12.992125984251961,2025-04-01,Canasta Familiar,Grandes Superficies,Santanderes,Bucaramanga Metropolitana,Bucaramanga,Supermercado,CHORIZO TAJADO CASA IBERIA 80G,0.08,UND,CHORIZO,CHARCUTERIA,CARNES MADURADAS,regular,CASA IBERIA,IMPORTADO,2025-04
C003,190103,2025-04-30,19,11.4,0.0,0.0,0.0,0.0,0.0,0.0,0.0,1.0,0.0,0.6,18.0,10.8,False,10.8,0.0,0.0,,2025-04-01,MaxiCompra Caribe,Grandes Superficies,Caribe,Costa Norte,Barranquilla,Supermercado,RACLETTE CELEBRACION LOMA DORADA 600G,0.6,UND,MIXTO QUESOS,TEMPORADA,QUESOS MADURADOS,temporada,LOMA DORADA,IMPORTADO,2025-04
C014,300102,2025-04-30,61,14.03,0.0,0.0,0.0,2.0,0.46,19390.0,539.0,543.0,123.97,121.017,57.0,16.983000000000004,False,16.983000000000004,0.8893333333333333,26.68,19.096326836581714,2025-04-01,Plaza Hogar,Grandes Superficies,Occidente,Valle del Cauca,Cali,Hipermercado,JAMON DE PAVO FINAS LONCHAS SIERRA CARNES 230G,0.23,UND,JAMON PAVO,LONCHAS,CARNES FRIAS,regular,SIERRA CARNES,NACIONAL,2025-04
C014,110105,2025-04-30,60,9.0,0.0,0.0,0.0,3.0,0.45,44560.0,410.0,427.0,61.5,63.462,43.0,7.037999999999997,False,7.037999999999997,0.5304,15.911999999999999,13.269230769230763,2025-04-01,Plaza Hogar,Grandes Superficies,Occidente,Valle del Cauca,Cali,Hipermercado,PROVOLONE TAJADO LOMA DORADA 150G,0.15,UND,PROVOLONE,QUESOS TAJADOS PREMIUM,QUESOS MADURADOS,regular,LOMA DORADA,IMPORTADO,2025-04
C012,900102,2025-04-30,24,1.92,0.0,0.0,0.0,2.0,0.16,21270.0,124.0,136.0,9.92,10.88,12.0,0.9599999999999991,False,0.9599999999999991,0.08266666666666667,2.48,11.612903225806441,2025-04-01,Delimarket Gourmet,Tiendas Especializadas,Centro,Bogotá y Sabana,Bogotá,Especialidad,PEPPERONI TAJADO CASA IBERIA 80G,0.08,UND,PEPPERONI,CHARCUTERIA,CARNES MADURADAS,regular,CASA IBERIA,IMPORTADO,2025-04
C003,110101,2025-04-30,51,7.65,0.0,0.0,0.0,3.0,0.45,43140.0,471.0,475.0,70.65,71.334,47.0,6.966000000000008,False,6.966000000000008,0.6300000000000001,18.900000000000002,11.057142857142868,2025-04-01,MaxiCompra Caribe,Grandes Superficies,Caribe,Costa Norte,Barranquilla,Supermercado,GOUDA AHUMADO TAJADO LOMA DORADA 150G,0.15,UND,GOUDA AHUMADO,QUESOS TAJADOS PREMIUM,QUESOS MADURADOS,regular,LOMA DORADA,IMPORTADO,2025-04
C017,110108,2025-04-30,3,0.45,3.0,0.45,35980.0,2.0,0.3,32750.0,45.0,44.0,6.75,6.6,4.0,0.6000000000000005,False,0.6000000000000005,0.05999999999999999,1.7999999999999998,10.00000000000001,2025-04-01,RapiExpress,E-commerce,Centro,Bogotá y Sabana,Bogotá,Quick Commerce,MANCHEGO CUÑA MONTE AZUL 150G,0.15,UND,MANCHEGO,CUÑAS PREMIUM,QUESOS MADURADOS,regular,MONTE AZUL,IMPORTADO,2025-04
C001,190101,2025-04-30,25,10.0,0.0,0.0,0.0,0.0,0.0,0.0,0.0,7.0,0.0,2.8000000000000003,18.0,7.199999999999999,False,7.199999999999999,0.02666666666666667,0.8,269.99999999999994,2025-04-01,HiperMax Nacional,Grandes Superficies,Centro,Bogotá y Sabana,Bogotá,Hipermercado,TABLA APERITIVO NAVIDEÑA MONTE AZUL 400G,0.4,UND,MIXTO QUESOS,TEMPORADA,QUESOS MADURADOS,temporada,MONTE AZUL,IMPORTADO,2025-04
C003,190101,2025-04-30,14,5.6,0.0,0.0,0.0,0.0,0.0,0.0,0.0,2.0,0.0,0.8,12.0,4.8,False,4.8,0.0,0.0,,2025-04-01,MaxiCompra Caribe,Grandes Superficies,Caribe,Costa Norte,Barranquilla,Supermercado,TABLA APERITIVO NAVIDEÑA MONTE AZUL 400G,0.4,UND,MIXTO QUESOS,TEMPORADA,QUESOS MADURADOS,temporada,MONTE AZUL,IMPORTADO,2025-04
C002,130101,2025-04-30,104,15.6,0.0,0.0,0.0,11.0,1.65,61790.0,889.0,902.0,133.35,131.4,91.0,17.549999999999983,False,17.549999999999983,1.0799999999999998,32.4,16.249999999999986,2025-04-01,SuperAhorro,Grandes Superficies,Antioquia,Valle de Aburrá,Medellín,Supermercado,CHEDDAR ESTILO AMERICANO DELILAT 150G,0.15,UND,CHEDDAR ANALOGO,LONCHAS,QUESOS ANALOGOS,regular,DELILAT,MAQUILA,2025-04
C014,900104,2025-04-30,74,5.92,0.0,0.0,0.0,3.0,0.24,27530.0,532.0,561.0,42.056,44.093,45.0,3.8829999999999956,False,3.8829999999999956,0.39466666666666667,11.84,9.838682432432421,2025-04-01,Plaza Hogar,Grandes Superficies,Occidente,Valle del Cauca,Cali,Hipermercado,CHORIZO TAJADO CASA IBERIA 80G,0.08,UND,CHORIZO,CHARCUTERIA,CARNES MADURADAS,regular,CASA IBERIA,IMPORTADO,2025-04
C015,110113,2025-04-30,12,0.0,10.0,2.5,120380.0,1.0,0.25,15340.0,111.0,108.0,27.75,27.0,15.0,0.75,False,0.75,0.19166666666666668,5.75,3.913043478260869,2025-04-01,Abarrotes Norte,Tradicional Modernizado,Caribe,Costa Norte,Barranquilla,Supermercado Regional,PARMESANO RALLADO ORO LECHE 250G,0.25,UND,TIPO PARMESANO,RALLADOS,QUESO PARMESANO,regular,ORO LECHE,MAQUILA,2025-04
C014,300101,2025-04-30,90,20.7,0.0,0.0,0.0,7.0,1.61,64010.0,734.0,728.0,168.82,159.805,96.0,29.714999999999975,False,29.714999999999975,1.2671666666666668,38.015,23.449953965539898,2025-04-01,Plaza Hogar,Grandes Superficies,Occidente,Valle del Cauca,Cali,Hipermercado,JAMON DE CERDO FINAS LONCHAS SIERRA CARNES 230G,0.23,UND,JAMON CERDO,LONCHAS,CARNES FRIAS,regular,SIERRA CARNES,NACIONAL,2025-04
C016,900102,2025-04-30,72,5.76,0.0,0.0,0.0,6.0,0.48,59690.0,422.0,437.0,33.76,34.32,57.0,5.199999999999996,False,5.199999999999996,0.25066666666666665,7.52,20.744680851063816,2025-04-01,Canasta Familiar,Grandes Superficies,Santanderes,Bucaramanga Metropolitana,Bucaramanga,Supermercado,PEPPERONI TAJADO CASA IBERIA 80G,0.08,UND,PEPPERONI,CHARCUTERIA,CARNES MADURADAS,regular,CASA IBERIA,IMPORTADO,2025-04
C016,110110,2025-04-30,24,8.64,0.0,0.0,0.0,0.0,0.0,0.0,164.0,168.0,59.04,60.12,20.0,7.560000000000009,False,7.560000000000009,0.492,14.76,15.365853658536604,2025-04-01,Canasta Familiar,Grandes Superficies,Santanderes,Bucaramanga Metropolitana,Bucaramanga,Supermercado,MIX QUESOS PREMIUM MONTE AZUL 360G,0.36,UND,MIXTO QUESOS,MEZCLAS PREMIUM,QUESOS MADURADOS,regular,MONTE AZUL,IMPORTADO,2025-04
C016,110114,2025-04-30,55,13.75,0.0,0.0,0.0,3.0,0.75,71400.0,414.0,430.0,103.5,106.75,39.0,10.5,False,10.5,0.8583333333333333,25.75,12.233009708737864,2025-04-01,Canasta Familiar,Grandes Superficies,Santanderes,Bucaramanga Metropolitana,Bucaramanga,Supermercado,GOUDA NATURAL CUÑA LOMA DORADA 250G,0.25,UND,GOUDA NATURAL,CUÑAS,QUESOS MADURADOS,regular,LOMA DORADA,IMPORTADO,2025-04
C014,110103,2025-04-30,64,9.6,0.0,0.0,0.0,1.0,0.15,14880.0,530.0,545.0,79.5,79.8,49.0,9.299999999999997,False,9.299999999999997,0.61,18.3,15.245901639344257,2025-04-01,Plaza Hogar,Grandes Superficies,Occidente,Valle del Cauca,Cali,Hipermercado,MUENSTER TAJADO LOMA DORADA 150G,0.15,UND,MUENSTER,QUESOS TAJADOS PREMIUM,QUESOS MADURADOS,regular,LOMA DORADA,IMPORTADO,2025-04
C014,110106,2025-04-30,51,6.375,0.0,0.0,0.0,2.0,0.25,26250.0,403.0,420.0,50.375,52.03,34.0,4.719999999999999,False,4.719999999999999,0.46349999999999997,13.905,10.183387270765909,2025-04-01,Plaza Hogar,Grandes Superficies,Occidente,Valle del Cauca,Cali,Hipermercado,BRIE CUÑA MONTE AZUL 125G,0.125,UND,BRIE,QUESOS BLANDOS,QUESOS MADURADOS,regular,MONTE AZUL,IMPORTADO,2025-04
C002,110101,2025-04-30,73,10.95,0.0,0.0,0.0,6.0,0.9,88720.0,461.0,478.0,69.78,68.1,56.0,12.63000000000001,False,12.63000000000001,0.59,17.7,21.406779661016966,2025-04-01,SuperAhorro,Grandes Superficies,Antioquia,Valle de Aburrá,Medellín,Supermercado,GOUDA AHUMADO TAJADO LOMA DORADA 150G,0.15,UND,GOUDA AHUMADO,QUESOS TAJADOS PREMIUM,QUESOS MADURADOS,regular,LOMA DORADA,IMPORTADO,2025-04
C002,110112,2025-04-30,158,15.8,0.0,0.0,0.0,7.0,0.7,47160.0,1003.0,1025.0,100.3,101.8,136.0,14.299999999999997,False,14.299999999999997,0.9133333333333334,27.400000000000002,15.656934306569338,2025-04-01,SuperAhorro,Grandes Superficies,Antioquia,Valle de Aburrá,Medellín,Supermercado,PARMESANO RALLADO ORO LECHE 100G,0.1,UND,TIPO PARMESANO,RALLADOS,QUESO PARMESANO,regular,ORO LECHE,MAQUILA,2025-04
C003,300101,2025-04-30,69,15.87,0.0,0.0,0.0,7.0,1.61,62310.0,663.0,668.0,152.49,148.57999999999998,64.0,19.78000000000003,False,19.78000000000003,1.1729999999999998,35.19,16.862745098039245,2025-04-01,MaxiCompra Caribe,Grandes Superficies,Caribe,Costa Norte,Barranquilla,Supermercado,JAMON DE CERDO FINAS LONCHAS SIERRA CARNES 230G,0.23,UND,JAMON CERDO,LONCHAS,CARNES FRIAS,regular,SIERRA CARNES,NACIONAL,2025-04
C013,110101,2025-04-30,19,2.85,13.0,1.95,148750.0,2.0,0.3,32200.0,105.0,106.0,15.75,15.299999999999999,18.0,3.3000000000000025,False,3.3000000000000025,0.15,4.5,22.000000000000018,2025-04-01,La Mesa Premium,Tiendas Especializadas,Occidente,,Cali,Especialidad,GOUDA AHUMADO TAJADO LOMA DORADA 150G,0.15,UND,GOUDA AHUMADO,QUESOS TAJADOS PREMIUM,QUESOS MADURADOS,regular,LOMA DORADA,IMPORTADO,2025-04
C016,110112,2025-04-30,136,13.6,0.0,0.0,0.0,2.0,0.2,13730.0,800.0,822.0,80.0,80.548,114.0,13.051999999999992,False,13.051999999999992,0.6933333333333334,20.8,18.82499999999999,2025-04-01,Canasta Familiar,Grandes Superficies,Santanderes,Bucaramanga Metropolitana,Bucaramanga,Supermercado,PARMESANO RALLADO ORO LECHE 100G,0.1,UND,TIPO PARMESANO,RALLADOS,QUESO PARMESANO,regular,ORO LECHE,MAQUILA,2025-04
C014,130101,2025-04-30,100,15.0,0.0,0.0,0.0,10.0,1.5,57140.0,869.0,907.0,130.35,136.05,62.0,9.299999999999983,False,9.299999999999983,1.1900000000000002,35.7,7.815126050420153,2025-04-01,Plaza Hogar,Grandes Superficies,Occidente,Valle del Cauca,Cali,Hipermercado,CHEDDAR ESTILO AMERICANO DELILAT 150G,0.15,UND,CHEDDAR ANALOGO,LONCHAS,QUESOS ANALOGOS,regular,DELILAT,MAQUILA,2025-04
C003,900104,2025-04-30,92,7.36,0.0,0.0,0.0,2.0,0.16,18810.0,581.0,600.0,46.480000000000004,47.36,73.0,6.480000000000004,False,6.480000000000004,0.36800000000000005,11.040000000000001,17.60869565217392,2025-04-01,MaxiCompra Caribe,Grandes Superficies,Caribe,Costa Norte,Barranquilla,Supermercado,CHORIZO TAJADO CASA IBERIA 80G,0.08,UND,CHORIZO,CHARCUTERIA,CARNES MADURADAS,regular,CASA IBERIA,IMPORTADO,2025-04
C001,120101,2025-04-30,269,67.25,0.0,0.0,0.0,17.0,4.25,173780.0,1575.0,1738.0,393.75,428.5,106.0,32.5,False,32.5,3.825,114.75,8.49673202614379,2025-04-01,HiperMax Nacional,Grandes Superficies,Centro,Bogotá y Sabana,Bogotá,Hipermercado,MOZZARELLA TAJADA CAMPOCLARO 250G,0.25,UND,MOZZARELLA,QUESOS TAJADOS,QUESOS FRESCOS,regular,CAMPOCLARO,NACIONAL,2025-04
C015,300101,2025-04-30,15,3.45,13.0,2.99,88190.0,4.0,0.92,34470.0,157.0,152.0,35.833999999999996,34.27,20.0,5.013999999999996,False,5.013999999999996,0.26833333333333337,8.05,18.68571428571427,2025-04-01,Abarrotes Norte,Tradicional Modernizado,Caribe,Costa Norte,Barranquilla,Supermercado Regional,JAMON DE CERDO FINAS LONCHAS SIERRA CARNES 230G,0.23,UND,JAMON CERDO,LONCHAS,CARNES FRIAS,regular,SIERRA CARNES,NACIONAL,2025-04
C003,190102,2025-04-30,28,14.0,0.0,0.0,0.0,0.0,0.0,0.0,0.0,2.0,0.0,1.0,26.0,13.0,False,13.0,0.016666666666666666,0.5,780.0,2025-04-01,MaxiCompra Caribe,Grandes Superficies,Caribe,Costa Norte,Barranquilla,Supermercado,DUO FESTIVO QUESOS Y CARNES 500G,0.5,UND,MIXTO QUESOS-CARNES,TEMPORADA,QUESOS MADURADOS,temporada,MONTE AZUL,MAQUILA,2025-04
C016,190103,2025-04-30,18,10.8,0.0,0.0,0.0,0.0,0.0,0.0,0.0,2.0,0.0,1.2,16.0,9.600000000000001,False,9.600000000000001,0.02,0.6,480.00000000000006,2025-04-01,Canasta Familiar,Grandes Superficies,Santanderes,Bucaramanga Metropolitana,Bucaramanga,Supermercado,RACLETTE CELEBRACION LOMA DORADA 600G,0.6,UND,MIXTO QUESOS,TEMPORADA,QUESOS MADURADOS,temporada,LOMA DORADA,IMPORTADO,2025-04
C017,110113,2025-04-30,3,0.75,0.0,0.0,0.0,1.0,0.25,16430.0,62.0,61.0,15.425,15.23,4.0,0.9450000000000003,False,0.9450000000000003,0.075,2.25,12.600000000000005,2025-04-01,RapiExpress,E-commerce,Centro,Bogotá y Sabana,Bogotá,Quick Commerce,PARMESANO RALLADO ORO LECHE 250G,0.25,UND,TIPO PARMESANO,RALLADOS,QUESO PARMESANO,regular,ORO LECHE,MAQUILA,2025-04
C013,190101,2025-04-30,4,1.6,0.0,0.0,0.0,0.0,0.0,0.0,0.0,2.0,0.0,0.8,2.0,0.8,False,0.8,0.0,0.0,,2025-04-01,La Mesa Premium,Tiendas Especializadas,Occidente,,Cali,Especialidad,TABLA APERITIVO NAVIDEÑA MONTE AZUL 400G,0.4,UND,MIXTO QUESOS,TEMPORADA,QUESOS MADURADOS,temporada,MONTE AZUL,IMPORTADO,2025-04
C001,110115,2025-04-30,84,21.0,0.0,0.0,0.0,6.0,1.5,147250.0,636.0,651.0,159.0,156.85,69.0,23.150000000000006,False,23.150000000000006,1.4,42.0,16.535714285714292,2025-04-01,HiperMax Nacional,Grandes Superficies,Centro,Bogotá y Sabana,Bogotá,Hipermercado,FETA CUBOS CASA SIERRA 250G,0.25,UND,FETA,ESPECIALES,QUESOS MADURADOS,regular,CASA SIERRA,IMPORTADO,2025-04
C002,110115,2025-04-30,68,17.0,0.0,0.0,0.0,4.0,1.0,101000.0,442.0,450.0,110.5,107.75,60.0,19.75,False,19.75,0.9666666666666667,29.0,20.43103448275862,2025-04-01,SuperAhorro,Grandes Superficies,Antioquia,Valle de Aburrá,Medellín,Supermercado,FETA CUBOS CASA SIERRA 250G,0.25,UND,FETA,ESPECIALES,QUESOS MADURADOS,regular,CASA SIERRA,IMPORTADO,2025-04
C004,110112,2025-04-30,222,22.2,0.0,0.0,0.0,27.0,2.7,165640.0,2159.0,2161.0,215.9,210.572,220.0,27.52799999999999,False,27.52799999999999,1.9200000000000002,57.6,14.337499999999995,2025-04-01,Descuento Ya,Hard Discount,Centro,Bogotá y Sabana,Bogotá,Discounter,PARMESANO RALLADO ORO LECHE 100G,0.1,UND,TIPO PARMESANO,RALLADOS,QUESO PARMESANO,regular,ORO LECHE,MAQUILA,2025-04
C016,190102,2025-04-30,20,10.0,0.0,0.0,0.0,0.0,0.0,0.0,0.0,2.0,0.0,1.0,18.0,9.0,False,9.0,0.016666666666666666,0.5,540.0,2025-04-01,Canasta Familiar,Grandes Superficies,Santanderes,Bucaramanga Metropolitana,Bucaramanga,Supermercado,DUO FESTIVO QUESOS Y CARNES 500G,0.5,UND,MIXTO QUESOS-CARNES,TEMPORADA,QUESOS MADURADOS,temporada,MONTE AZUL,MAQUILA,2025-04
C014,110114,2025-04-30,74,18.5,0.0,0.0,0.0,0.0,0.0,0.0,882.0,966.0,220.5,235.0,-10.0,4.0,False,4.0,1.0666666666666667,32.0,3.75,2025-04-01,Plaza Hogar,Grandes Superficies,Occidente,Valle del Cauca,Cali,Hipermercado,GOUDA NATURAL CUÑA LOMA DORADA 250G,0.25,UND,GOUDA NATURAL,CUÑAS,QUESOS MADURADOS,regular,LOMA DORADA,IMPORTADO,2025-04
C014,900102,2025-04-30,76,6.08,0.0,0.0,0.0,6.0,0.48,59480.0,462.0,504.0,33.2,39.766,34.0,-0.4859999999999971,True,0.0,0.3302333333333333,9.907,0.0,2025-04-01,Plaza Hogar,Grandes Superficies,Occidente,Valle del Cauca,Cali,Hipermercado,PEPPERONI TAJADO CASA IBERIA 80G,0.08,UND,PEPPERONI,CHARCUTERIA,CARNES MADURADAS,regular,CASA IBERIA,IMPORTADO,2025-04
C003,900102,2025-04-30,85,6.8,0.0,0.0,0.0,13.0,1.04,130720.0,512.0,563.0,36.64,44.4,34.0,-0.9600000000000009,True,0.0,0.44266666666666665,13.28,0.0,2025-04-01,MaxiCompra Caribe,Grandes Superficies,Caribe,Costa Norte,Barranquilla,Supermercado,PEPPERONI TAJADO CASA IBERIA 80G,0.08,UND,PEPPERONI,CHARCUTERIA,CARNES MADURADAS,regular,CASA IBERIA,IMPORTADO,2025-04
C003,120103,2025-04-30,88,17.6,0.0,0.0,0.0,7.0,1.4,69540.0,534.0,575.0,106.8,113.4,47.0,11.0,False,11.0,0.9800000000000001,29.400000000000002,11.224489795918366,2025-04-01,MaxiCompra Caribe,Grandes Superficies,Caribe,Costa Norte,Barranquilla,Supermercado,QUESO CREMA CAMPOCLARO 200G,0.2,UND,CREMAS,UNTABLES,QUESOS FRESCOS,regular,CAMPOCLARO,NACIONAL,2025-04
C016,130103,2025-04-30,88,25.344,0.0,0.0,0.0,3.0,0.864,25220.0,609.0,612.0,175.392,176.18699999999998,85.0,24.549000000000007,False,24.549000000000007,1.5456,46.368,15.883152173913047,2025-04-01,Canasta Familiar,Grandes Superficies,Santanderes,Bucaramanga Metropolitana,Bucaramanga,Supermercado,LONCHAS AMERICANAS DELILAT 288G,0.288,UND,CHEDDAR ANALOGO,LONCHITAS,QUESOS ANALOGOS,regular,DELILAT,MAQUILA,2025-04
C016,190101,2025-04-30,16,6.4,0.0,0.0,0.0,0.0,0.0,0.0,0.0,2.0,0.0,0.8,14.0,5.6000000000000005,False,5.6000000000000005,0.013333333333333334,0.4,420.0,2025-04-01,Canasta Familiar,Grandes Superficies,Santanderes,Bucaramanga Metropolitana,Bucaramanga,Supermercado,TABLA APERITIVO NAVIDEÑA MONTE AZUL 400G,0.4,UND,MIXTO QUESOS,TEMPORADA,QUESOS MADURADOS,temporada,MONTE AZUL,IMPORTADO,2025-04
C016,120104,2025-04-30,81,16.2,0.0,0.0,0.0,6.0,1.2,47400.0,559.0,566.0,99.0,113.2,74.0,2.0,False,2.0,1.0133333333333332,30.4,1.9736842105263162,2025-04-01,Canasta Familiar,Grandes Superficies,Santanderes,Bucaramanga Metropolitana,Bucaramanga,Supermercado,MOZZARELLA LIGHT CAMPOCLARO 200G,0.2,UND,MOZZARELLA,QUESOS TAJADOS,QUESOS FRESCOS,regular,CAMPOCLARO,NACIONAL,2025-04
C002,900103,2025-04-30,58,4.64,0.0,0.0,0.0,4.0,0.32,43530.0,514.0,506.0,41.120000000000005,39.987,66.0,5.773000000000003,False,5.773000000000003,0.3466666666666667,10.4,16.652884615384625,2025-04-01,SuperAhorro,Grandes Superficies,Antioquia,Valle de Aburrá,Medellín,Supermercado,JAMON SERRANO TAJADO CASA IBERIA 80G,0.08,UND,JAMON SERRANO,CHARCUTERIA,CARNES MADURADAS,regular,CASA IBERIA,IMPORTADO,2025-04
C002,120101,2025-04-30,116,29.0,0.0,0.0,0.0,10.0,2.5,98560.0,970.0,1007.0,242.5,251.75,79.0,19.75,False,19.75,2.5,75.0,7.9,2025-04-01,SuperAhorro,Grandes Superficies,Antioquia,Valle de Aburrá,Medellín,Supermercado,MOZZARELLA TAJADA CAMPOCLARO 250G,0.25,UND,MOZZARELLA,QUESOS TAJADOS,QUESOS FRESCOS,regular,CAMPOCLARO,NACIONAL,2025-04
C002,120104,2025-04-30,82,16.4,0.0,0.0,0.0,4.0,0.8,31840.0,637.0,680.0,127.4,135.104,39.0,8.695999999999998,False,8.695999999999998,1.2,36.0,7.246666666666665,2025-04-01,SuperAhorro,Grandes Superficies,Antioquia,Valle de Aburrá,Medellín,Supermercado,MOZZARELLA LIGHT CAMPOCLARO 200G,0.2,UND,MOZZARELLA,QUESOS TAJADOS,QUESOS FRESCOS,regular,CAMPOCLARO,NACIONAL,2025-04
C013,110114,2025-04-30,14,3.5,0.0,0.0,0.0,0.0,0.0,0.0,85.0,88.0,21.25,21.25,11.0,3.5,False,3.5,0.13333333333333333,4.0,26.25,2025-04-01,La Mesa Premium,Tiendas Especializadas,Occidente,,Cali,Especialidad,GOUDA NATURAL CUÑA LOMA DORADA 250G,0.25,UND,GOUDA NATURAL,CUÑAS,QUESOS MADURADOS,regular,LOMA DORADA,IMPORTADO,2025-04
C016,110101,2025-04-30,52,7.8,0.0,0.0,0.0,3.0,0.45,44740.0,350.0,355.0,52.5,52.74,47.0,7.559999999999995,False,7.559999999999995,0.495,14.85,15.272727272727263,2025-04-01,Canasta Familiar,Grandes Superficies,Santanderes,Bucaramanga Metropolitana,Bucaramanga,Supermercado,GOUDA AHUMADO TAJADO LOMA DORADA 150G,0.15,UND,GOUDA AHUMADO,QUESOS TAJADOS PREMIUM,QUESOS MADURADOS,regular,LOMA DORADA,IMPORTADO,2025-04
C001,300102,2025-04-30,84,19.32,0.0,0.0,0.0,8.0,1.84,75670.0,753.0,743.0,158.01,168.746,94.0,8.583999999999975,False,8.583999999999975,1.1935333333333333,35.806,7.192090711053992,2025-04-01,HiperMax Nacional,Grandes Superficies,Centro,Bogotá y Sabana,Bogotá,Hipermercado,JAMON DE PAVO FINAS LONCHAS SIERRA CARNES 230G,0.23,UND,JAMON PAVO,LONCHAS,CARNES FRIAS,regular,SIERRA CARNES,NACIONAL,2025-04
C013,110115,2025-04-30,11,2.75,0.0,0.0,0.0,0.0,0.0,0.0,101.0,104.0,25.25,25.75,8.0,2.25,False,2.25,0.19166666666666668,5.75,11.739130434782608,2025-04-01,La Mesa Premium,Tiendas Especializadas,Occidente,,Cali,Especialidad,FETA CUBOS CASA SIERRA 250G,0.25,UND,FETA,ESPECIALES,QUESOS MADURADOS,regular,CASA SIERRA,IMPORTADO,2025-04
C014,190101,2025-04-30,23,9.2,0.0,0.0,0.0,0.0,0.0,0.0,0.0,1.0,0.0,0.4,22.0,8.799999999999999,False,8.799999999999999,0.0,0.0,,2025-04-01,Plaza Hogar,Grandes Superficies,Occidente,Valle del Cauca,Cali,Hipermercado,TABLA APERITIVO NAVIDEÑA MONTE AZUL 400G,0.4,UND,MIXTO QUESOS,TEMPORADA,QUESOS MADURADOS,temporada,MONTE AZUL,IMPORTADO,2025-04
C015,900102,2025-04-30,12,0.96,6.0,0.0,44010.0,0.0,0.0,0.0,99.0,99.0,7.44,7.84,12.0,0.5600000000000005,False,0.5600000000000005,0.06933333333333333,2.08,8.076923076923084,2025-04-01,Abarrotes Norte,Tradicional Modernizado,Caribe,Costa Norte,Barranquilla,Supermercado Regional,PEPPERONI TAJADO CASA IBERIA 80G,0.08,UND,PEPPERONI,CHARCUTERIA,CARNES MADURADAS,regular,CASA IBERIA,IMPORTADO,2025-04
C001,900102,2025-04-30,121,9.68,0.0,0.0,0.0,2.0,0.16,19940.0,732.0,754.0,58.559999999999995,59.36,99.0,8.879999999999995,False,8.879999999999995,0.528,15.84,16.81818181818181,2025-04-01,HiperMax Nacional,Grandes Superficies,Centro,Bogotá y Sabana,Bogotá,Hipermercado,PEPPERONI TAJADO CASA IBERIA 80G,0.08,UND,PEPPERONI,CHARCUTERIA,CARNES MADURADAS,regular,CASA IBERIA,IMPORTADO,2025-04
C003,120101,2025-04-30,113,28.25,0.0,0.0,0.0,2.0,0.5,20440.0,701.0,757.0,175.25,185.72,57.0,17.78,False,17.78,1.299,38.97,13.687451886066206,2025-04-01,MaxiCompra Caribe,Grandes Superficies,Caribe,Costa Norte,Barranquilla,Supermercado,MOZZARELLA TAJADA CAMPOCLARO 250G,0.25,UND,MOZZARELLA,QUESOS TAJADOS,QUESOS FRESCOS,regular,CAMPOCLARO,NACIONAL,2025-04
C001,120103,2025-04-30,113,22.6,0.0,0.0,0.0,6.0,1.2,61920.0,861.0,884.0,172.2,174.512,90.0,20.287999999999982,False,20.287999999999982,1.6,48.0,12.679999999999989,2025-04-01,HiperMax Nacional,Grandes Superficies,Centro,Bogotá y Sabana,Bogotá,Hipermercado,QUESO CREMA CAMPOCLARO 200G,0.2,UND,CREMAS,UNTABLES,QUESOS FRESCOS,regular,CAMPOCLARO,NACIONAL,2025-04
C013,190103,2025-04-30,5,3.0,0.0,0.0,0.0,0.0,0.0,0.0,0.0,0.0,0.0,0.0,5.0,3.0,False,3.0,0.0,0.0,,2025-04-01,La Mesa Premium,Tiendas Especializadas,Occidente,,Cali,Especialidad,RACLETTE CELEBRACION LOMA DORADA 600G,0.6,UND,MIXTO QUESOS,TEMPORADA,QUESOS MADURADOS,temporada,LOMA DORADA,IMPORTADO,2025-04
C018,900102,2025-04-30,93,7.44,0.0,0.0,0.0,12.0,0.96,109500.0,762.0,809.0,60.96,64.72,46.0,3.680000000000007,False,3.680000000000007,0.5946666666666667,17.84,6.1883408071748995,2025-04-01,Cadena Uno,Hard Discount,Occidente,Valle del Cauca,Cali,Discounter,PEPPERONI TAJADO CASA IBERIA 80G,0.08,UND,PEPPERONI,CHARCUTERIA,CARNES MADURADAS,regular,CASA IBERIA,IMPORTADO,2025-04
C015,120103,2025-04-30,22,4.4,0.0,0.0,0.0,1.0,0.2,9760.0,169.0,176.0,33.8,35.184000000000005,15.0,3.015999999999991,False,3.015999999999991,0.2794666666666667,8.384,10.791984732824394,2025-04-01,Abarrotes Norte,Tradicional Modernizado,Caribe,Costa Norte,Barranquilla,Supermercado Regional,QUESO CREMA CAMPOCLARO 200G,0.2,UND,CREMAS,UNTABLES,QUESOS FRESCOS,regular,CAMPOCLARO,NACIONAL,2025-04
C014,190102,2025-04-30,26,13.0,0.0,0.0,0.0,0.0,0.0,0.0,0.0,4.0,0.0,2.0,22.0,11.0,False,11.0,0.03333333333333333,1.0,330.0,2025-04-01,Plaza Hogar,Grandes Superficies,Occidente,Valle del Cauca,Cali,Hipermercado,DUO FESTIVO QUESOS Y CARNES 500G,0.5,UND,MIXTO QUESOS-CARNES,TEMPORADA,QUESOS MADURADOS,temporada,MONTE AZUL,MAQUILA,2025-04
C003,110114,2025-04-30,60,15.0,0.0,0.0,0.0,2.0,0.5,47720.0,416.0,445.0,104.0,108.19,31.0,10.810000000000002,False,10.810000000000002,0.9666666666666667,29.0,11.182758620689658,2025-04-01,MaxiCompra Caribe,Grandes Superficies,Caribe,Costa Norte,Barranquilla,Supermercado,GOUDA NATURAL CUÑA LOMA DORADA 250G,0.25,UND,GOUDA NATURAL,CUÑAS,QUESOS MADURADOS,regular,LOMA DORADA,IMPORTADO,2025-04
C012,110114,2025-04-30,20,5.0,0.0,0.0,0.0,0.0,0.0,0.0,97.0,104.0,24.25,25.31,13.0,3.9400000000000013,False,3.9400000000000013,0.227,6.8100000000000005,17.356828193832605,2025-04-01,Delimarket Gourmet,Tiendas Especializadas,Centro,Bogotá y Sabana,Bogotá,Especialidad,GOUDA NATURAL CUÑA LOMA DORADA 250G,0.25,UND,GOUDA NATURAL,CUÑAS,QUESOS MADURADOS,regular,LOMA DORADA,IMPORTADO,2025-04
C013,900101,2025-04-30,19,1.52,0.0,0.0,0.0,0.0,0.0,0.0,95.0,100.0,7.6,7.994,14.0,1.1259999999999994,False,1.1259999999999994,0.07446666666666667,2.234,15.1208594449418,2025-04-01,La Mesa Premium,Tiendas Especializadas,Occidente,,Cali,Especialidad,SALAMI TAJADO CASA IBERIA 80G,0.08,UND,SALAMI,CHARCUTERIA,CARNES MADURADAS,regular,CASA IBERIA,IMPORTADO,2025-04
C002,190102,2025-04-30,22,11.0,0.0,0.0,0.0,0.0,0.0,0.0,0.0,1.0,0.0,0.5,21.0,10.5,False,10.5,0.0,0.0,,2025-04-01,SuperAhorro,Grandes Superficies,Antioquia,Valle de Aburrá,Medellín,Supermercado,DUO FESTIVO QUESOS Y CARNES 500G,0.5,UND,MIXTO QUESOS-CARNES,TEMPORADA,QUESOS MADURADOS,temporada,MONTE AZUL,MAQUILA,2025-04
C002,900101,2025-04-30,77,6.16,0.0,0.0,0.0,2.0,0.16,19700.0,532.0,551.0,42.56,42.822,58.0,5.897999999999996,False,5.897999999999996,0.3287333333333333,9.862,17.94159399716081,2025-04-01,SuperAhorro,Grandes Superficies,Antioquia,Valle de Aburrá,Medellín,Supermercado,SALAMI TAJADO CASA IBERIA 80G,0.08,UND,SALAMI,CHARCUTERIA,CARNES MADURADAS,regular,CASA IBERIA,IMPORTADO,2025-04
C002,190103,2025-04-30,22,0.0,0.0,0.0,0.0,0.0,0.0,0.0,0.0,2.0,0.0,1.2,20.0,-1.2,True,0.0,0.02,0.6,0.0,2025-04-01,SuperAhorro,Grandes Superficies,Antioquia,Valle de Aburrá,Medellín,Supermercado,RACLETTE CELEBRACION LOMA DORADA 600G,0.6,UND,MIXTO QUESOS,TEMPORADA,QUESOS MADURADOS,temporada,LOMA DORADA,IMPORTADO,2025-04
C017,120101,2025-04-30,6,1.5,5.0,1.25,38500.0,2.0,0.5,21810.0,83.0,81.0,19.0,20.27,8.0,0.23000000000000043,False,0.23000000000000043,0.20833333333333334,6.25,1.104000000000002,2025-04-01,RapiExpress,E-commerce,Centro,Bogotá y Sabana,Bogotá,Quick Commerce,MOZZARELLA TAJADA CAMPOCLARO 250G,0.25,UND,MOZZARELLA,QUESOS TAJADOS,QUESOS FRESCOS,regular,CAMPOCLARO,NACIONAL,2025-04
C002,110110,2025-04-30,31,11.16,0.0,0.0,0.0,1.0,0.36,33790.0,203.0,208.0,73.08,72.72,26.0,11.519999999999996,False,11.519999999999996,0.6,18.0,19.199999999999996,2025-04-01,SuperAhorro,Grandes Superficies,Antioquia,Valle de Aburrá,Medellín,Supermercado,MIX QUESOS PREMIUM MONTE AZUL 360G,0.36,UND,MIXTO QUESOS,MEZCLAS PREMIUM,QUESOS MADURADOS,regular,MONTE AZUL,IMPORTADO,2025-04
C001,900103,2025-04-30,112,8.96,0.0,0.0,0.0,11.0,0.88,121630.0,643.0,704.0,45.68,56.32,51.0,-1.6799999999999997,True,0.0,0.4506666666666667,13.520000000000001,0.0,2025-04-01,HiperMax Nacional,Grandes Superficies,Centro,Bogotá y Sabana,Bogotá,Hipermercado,JAMON SERRANO TAJADO CASA IBERIA 80G,0.08,UND,JAMON SERRANO,CHARCUTERIA,CARNES MADURADAS,regular,CASA IBERIA,IMPORTADO,2025-04
C015,300102,2025-04-30,18,4.14,0.0,0.0,0.0,1.0,0.23,9150.0,150.0,153.0,34.5,35.19,15.0,3.450000000000003,False,3.450000000000003,0.29133333333333333,8.74,11.842105263157904,2025-04-01,Abarrotes Norte,Tradicional Modernizado,Caribe,Costa Norte,Barranquilla,Supermercado Regional,JAMON DE PAVO FINAS LONCHAS SIERRA CARNES 230G,0.23,UND,JAMON PAVO,LONCHAS,CARNES FRIAS,regular,SIERRA CARNES,NACIONAL,2025-04
C001,900101,2025-04-30,80,6.4,0.0,0.0,0.0,5.0,0.4,49520.0,764.0,748.0,61.12,58.56,96.0,8.959999999999994,False,8.959999999999994,0.4986666666666667,14.96,17.96791443850266,2025-04-01,HiperMax Nacional,Grandes Superficies,Centro,Bogotá y Sabana,Bogotá,Hipermercado,SALAMI TAJADO CASA IBERIA 80G,0.08,UND,SALAMI,CHARCUTERIA,CARNES MADURADAS,regular,CASA IBERIA,IMPORTADO,2025-04
C003,110115,2025-04-30,50,12.5,0.0,0.0,0.0,3.0,0.75,75990.0,409.0,419.0,102.25,104.79,40.0,9.959999999999994,False,9.959999999999994,0.8563333333333333,25.689999999999998,11.630984818995712,2025-04-01,MaxiCompra Caribe,Grandes Superficies,Caribe,Costa Norte,Barranquilla,Supermercado,FETA CUBOS CASA SIERRA 250G,0.25,UND,FETA,ESPECIALES,QUESOS MADURADOS,regular,CASA SIERRA,IMPORTADO,2025-04
C014,110113,2025-04-30,68,17.0,0.0,0.0,0.0,5.0,1.25,77780.0,429.0,462.0,107.25,113.42,35.0,10.829999999999998,False,10.829999999999998,0.9583333333333334,28.75,11.30086956521739,2025-04-01,Plaza Hogar,Grandes Superficies,Occidente,Valle del Cauca,Cali,Hipermercado,PARMESANO RALLADO ORO LECHE 250G,0.25,UND,TIPO PARMESANO,RALLADOS,QUESO PARMESANO,regular,ORO LECHE,MAQUILA,2025-04
C003,120104,2025-04-30,86,17.2,0.0,0.0,0.0,4.0,0.8,31610.0,540.0,552.0,98.4,107.656,74.0,7.944000000000003,False,7.944000000000003,0.8933333333333333,26.8,8.89253731343284,2025-04-01,MaxiCompra Caribe,Grandes Superficies,Caribe,Costa Norte,Barranquilla,Supermercado,MOZZARELLA LIGHT CAMPOCLARO 200G,0.2,UND,MOZZARELLA,QUESOS TAJADOS,QUESOS FRESCOS,regular,CAMPOCLARO,NACIONAL,2025-04
C003,900101,2025-04-30,53,4.24,0.0,0.0,0.0,3.0,0.24,30010.0,429.0,421.0,34.32,33.021,61.0,5.5390000000000015,False,5.5390000000000015,0.2767,8.301,20.0180701120347,2025-04-01,MaxiCompra Caribe,Grandes Superficies,Caribe,Costa Norte,Barranquilla,Supermercado,SALAMI TAJADO CASA IBERIA 80G,0.08,UND,SALAMI,CHARCUTERIA,CARNES MADURADAS,regular,CASA IBERIA,IMPORTADO,2025-04
C012,110115,2025-04-30,18,4.5,13.0,3.25,252910.0,0.0,0.0,0.0,122.0,121.0,28.15,29.0,19.0,3.6499999999999986,False,3.6499999999999986,0.20833333333333334,6.25,17.519999999999992,2025-04-01,Delimarket Gourmet,Tiendas Especializadas,Centro,Bogotá y Sabana,Bogotá,Especialidad,FETA CUBOS CASA SIERRA 250G,0.25,UND,FETA,ESPECIALES,QUESOS MADURADOS,regular,CASA SIERRA,IMPORTADO,2025-04
C001,120104,2025-04-30,143,28.6,0.0,0.0,0.0,11.0,2.2,88010.0,769.0,847.0,153.8,169.4,65.0,13.0,False,13.0,1.44,43.199999999999996,9.027777777777779,2025-04-01,HiperMax Nacional,Grandes Superficies,Centro,Bogotá y Sabana,Bogotá,Hipermercado,MOZZARELLA LIGHT CAMPOCLARO 200G,0.2,UND,MOZZARELLA,QUESOS TAJADOS,QUESOS FRESCOS,regular,CAMPOCLARO,NACIONAL,2025-04
C017,120103,2025-04-30,6,1.2,0.0,0.0,0.0,0.0,0.0,0.0,75.0,76.0,15.0,15.016,5.0,1.1839999999999993,False,1.1839999999999993,0.10666666666666667,3.2,11.099999999999993,2025-04-01,RapiExpress,E-commerce,Centro,Bogotá y Sabana,Bogotá,Quick Commerce,QUESO CREMA CAMPOCLARO 200G,0.2,UND,CREMAS,UNTABLES,QUESOS FRESCOS,regular,CAMPOCLARO,NACIONAL,2025-04
C013,900103,2025-04-30,18,1.44,0.0,0.0,0.0,2.0,0.16,23750.0,146.0,147.0,11.68,11.6,17.0,1.5199999999999996,False,1.5199999999999996,0.09866666666666667,2.96,15.405405405405402,2025-04-01,La Mesa Premium,Tiendas Especializadas,Occidente,,Cali,Especialidad,JAMON SERRANO TAJADO CASA IBERIA 80G,0.08,UND,JAMON SERRANO,CHARCUTERIA,CARNES MADURADAS,regular,CASA IBERIA,IMPORTADO,2025-04
C013,110110,2025-04-30,10,3.6,9.0,3.24,239130.0,1.0,0.36,36550.0,53.0,54.0,17.28,18.72,9.0,2.1600000000000037,False,2.1600000000000037,0.192,5.76,11.25000000000002,2025-04-01,La Mesa Premium,Tiendas Especializadas,Occidente,,Cali,Especialidad,MIX QUESOS PREMIUM MONTE AZUL 360G,0.36,UND,MIXTO QUESOS,MEZCLAS PREMIUM,QUESOS MADURADOS,regular,MONTE AZUL,IMPORTADO,2025-04
C012,190101,2025-04-30,7,2.8,0.0,0.0,0.0,0.0,0.0,0.0,0.0,1.0,0.0,0.4,6.0,2.4,False,2.4,0.013333333333333334,0.4,179.99999999999997,2025-04-01,Delimarket Gourmet,Tiendas Especializadas,Centro,Bogotá y Sabana,Bogotá,Especialidad,TABLA APERITIVO NAVIDEÑA MONTE AZUL 400G,0.4,UND,MIXTO QUESOS,TEMPORADA,QUESOS MADURADOS,temporada,MONTE AZUL,IMPORTADO,2025-04
C013,110109,2025-04-30,13,1.95,15.0,2.25,178140.0,2.0,0.3,34660.0,115.0,110.0,17.25,15.888,18.0,3.3119999999999994,False,3.3119999999999994,0.155,4.65,21.367741935483867,2025-04-01,La Mesa Premium,Tiendas Especializadas,Occidente,,Cali,Especialidad,IBERICO CUÑA MONTE AZUL 150G,0.15,UND,IBERICO,CUÑAS PREMIUM,QUESOS MADURADOS,regular,MONTE AZUL,IMPORTADO,2025-04
C003,900103,2025-04-30,54,4.32,0.0,0.0,0.0,7.0,0.56,77160.0,386.0,403.0,30.88,32.221000000000004,37.0,2.978999999999999,False,2.978999999999999,0.2693333333333333,8.08,11.060643564356434,2025-04-01,MaxiCompra Caribe,Grandes Superficies,Caribe,Costa Norte,Barranquilla,Supermercado,JAMON SERRANO TAJADO CASA IBERIA 80G,0.08,UND,JAMON SERRANO,CHARCUTERIA,CARNES MADURADAS,regular,CASA IBERIA,IMPORTADO,2025-04
C013,190102,2025-04-30,4,2.0,0.0,0.0,0.0,0.0,0.0,0.0,0.0,2.0,0.0,1.0,2.0,1.0,False,1.0,0.0,0.0,,2025-04-01,La Mesa Premium,Tiendas Especializadas,Occidente,,Cali,Especialidad,DUO FESTIVO QUESOS Y CARNES 500G,0.5,UND,MIXTO QUESOS-CARNES,TEMPORADA,QUESOS MADURADOS,temporada,MONTE AZUL,MAQUILA,2025-04
C014,120103,2025-04-30,87,17.4,0.0,0.0,0.0,6.0,1.2,59750.0,681.0,675.0,137.54,134.304,93.0,20.635999999999996,False,20.635999999999996,1.2933333333333332,38.8,15.955670103092782,2025-04-01,Plaza Hogar,Grandes Superficies,Occidente,Valle del Cauca,Cali,Hipermercado,QUESO CREMA CAMPOCLARO 200G,0.2,UND,CREMAS,UNTABLES,QUESOS FRESCOS,regular,CAMPOCLARO,NACIONAL,2025-04
C003,110113,2025-04-30,58,14.5,0.0,0.0,0.0,2.0,0.5,30930.0,543.0,548.0,135.75,133.0,53.0,17.25,False,17.25,1.1666666666666667,35.0,14.785714285714285,2025-04-01,MaxiCompra Caribe,Grandes Superficies,Caribe,Costa Norte,Barranquilla,Supermercado,PARMESANO RALLADO ORO LECHE 250G,0.25,UND,TIPO PARMESANO,RALLADOS,QUESO PARMESANO,regular,ORO LECHE,MAQUILA,2025-04
C016,130101,2025-04-30,125,18.75,0.0,0.0,0.0,5.0,0.75,28880.0,817.0,862.0,122.55,125.25,80.0,16.05000000000001,False,16.05000000000001,1.0450000000000002,31.35,15.358851674641157,2025-04-01,Canasta Familiar,Grandes Superficies,Santanderes,Bucaramanga Metropolitana,Bucaramanga,Supermercado,CHEDDAR ESTILO AMERICANO DELILAT 150G,0.15,UND,CHEDDAR ANALOGO,LONCHAS,QUESOS ANALOGOS,regular,DELILAT,MAQUILA,2025-04
C016,120103,2025-04-30,73,14.6,0.0,0.0,0.0,4.0,0.8,40120.0,408.0,447.0,81.6,87.768,34.0,8.431999999999988,False,8.431999999999988,0.74,22.2,11.394594594594578,2025-04-01,Canasta Familiar,Grandes Superficies,Santanderes,Bucaramanga Metropolitana,Bucaramanga,Supermercado,QUESO CREMA CAMPOCLARO 200G,0.2,UND,CREMAS,UNTABLES,QUESOS FRESCOS,regular,CAMPOCLARO,NACIONAL,2025-04
C013,900102,2025-04-30,19,1.52,0.0,0.0,0.0,0.0,0.0,0.0,138.0,142.0,9.52,10.96,15.0,0.0799999999999983,False,0.0799999999999983,0.09333333333333332,2.8,0.857142857142839,2025-04-01,La Mesa Premium,Tiendas Especializadas,Occidente,,Cali,Especialidad,PEPPERONI TAJADO CASA IBERIA 80G,0.08,UND,PEPPERONI,CHARCUTERIA,CARNES MADURADAS,regular,CASA IBERIA,IMPORTADO,2025-04
C014,110112,2025-04-30,98,9.8,0.0,0.0,0.0,6.0,0.6,40730.0,865.0,883.0,87.44,86.912,80.0,10.327999999999989,False,10.327999999999989,0.7133333333333333,21.4,14.478504672897182,2025-04-01,Plaza Hogar,Grandes Superficies,Occidente,Valle del Cauca,Cali,Hipermercado,PARMESANO RALLADO ORO LECHE 100G,0.1,UND,TIPO PARMESANO,RALLADOS,QUESO PARMESANO,regular,ORO LECHE,MAQUILA,2025-04
C012,110110,2025-04-30,8,2.88,7.0,2.52,185810.0,0.0,0.0,0.0,61.0,59.0,21.96,20.88,10.0,3.960000000000001,False,3.960000000000001,0.14400000000000002,4.32,27.500000000000004,2025-04-01,Delimarket Gourmet,Tiendas Especializadas,Centro,Bogotá y Sabana,Bogotá,Especialidad,MIX QUESOS PREMIUM MONTE AZUL 360G,0.36,UND,MIXTO QUESOS,MEZCLAS PREMIUM,QUESOS MADURADOS,regular,MONTE AZUL,IMPORTADO,2025-04
C001,300101,2025-04-30,170,39.1,0.0,0.0,0.0,10.0,2.3,91610.0,961.0,1065.0,223.031,244.95,66.0,17.18100000000004,False,17.18100000000004,2.154333333333333,64.63,7.9750889679715495,2025-04-01,HiperMax Nacional,Grandes Superficies,Centro,Bogotá y Sabana,Bogotá,Hipermercado,JAMON DE CERDO FINAS LONCHAS SIERRA CARNES 230G,0.23,UND,JAMON CERDO,LONCHAS,CARNES FRIAS,regular,SIERRA CARNES,NACIONAL,2025-04
C016,110103,2025-04-30,45,6.75,0.0,0.0,0.0,4.0,0.6,58840.0,354.0,373.0,53.1,55.217999999999996,26.0,4.632000000000005,False,4.632000000000005,0.5176000000000001,15.528,8.948995363214847,2025-04-01,Canasta Familiar,Grandes Superficies,Santanderes,Bucaramanga Metropolitana,Bucaramanga,Supermercado,MUENSTER TAJADO LOMA DORADA 150G,0.15,UND,MUENSTER,QUESOS TAJADOS PREMIUM,QUESOS MADURADOS,regular,LOMA DORADA,IMPORTADO,2025-04
C016,110102,2025-04-30,56,8.4,0.0,0.0,0.0,2.0,0.3,28660.0,336.0,343.0,50.4,50.712,49.0,8.087999999999994,False,8.087999999999994,0.45539999999999997,13.661999999999999,17.760210803689052,2025-04-01,Canasta Familiar,Grandes Superficies,Santanderes,Bucaramanga Metropolitana,Bucaramanga,Supermercado,HOLANDES TAJADO LOMA DORADA 150G,0.15,UND,HOLANDES,QUESOS TAJADOS PREMIUM,QUESOS MADURADOS,regular,LOMA DORADA,IMPORTADO,2025-04
C012,110107,2025-04-30,16,2.0,0.0,0.0,0.0,0.0,0.0,0.0,117.0,122.0,14.625,15.0,11.0,1.625,False,1.625,0.15416666666666667,4.625,10.54054054054054,2025-04-01,Delimarket Gourmet,Tiendas Especializadas,Centro,Bogotá y Sabana,Bogotá,Especialidad,CAMEMBERT CUÑA MONTE AZUL 125G,0.125,UND,CAMEMBERT,QUESOS BLANDOS,QUESOS MADURADOS,regular,MONTE AZUL,IMPORTADO,2025-04
C015,900101,2025-04-30,15,1.2,9.0,0.72,68240.0,1.0,0.08,9900.0,113.0,113.0,9.04,9.040000000000001,15.0,1.1999999999999975,False,1.1999999999999975,0.07733333333333334,2.3200000000000003,15.517241379310311,2025-04-01,Abarrotes Norte,Tradicional Modernizado,Caribe,Costa Norte,Barranquilla,Supermercado Regional,SALAMI TAJADO CASA IBERIA 80G,0.08,UND,SALAMI,CHARCUTERIA,CARNES MADURADAS,regular,CASA IBERIA,IMPORTADO,2025-04
C014,110115,2025-04-30,41,10.25,0.0,0.0,0.0,3.0,0.75,75090.0,368.0,359.0,92.0,89.14,50.0,13.11,False,13.11,0.8,24.0,16.3875,2025-04-01,Plaza Hogar,Grandes Superficies,Occidente,Valle del Cauca,Cali,Hipermercado,FETA CUBOS CASA SIERRA 250G,0.25,UND,FETA,ESPECIALES,QUESOS MADURADOS,regular,CASA SIERRA,IMPORTADO,2025-04
C001,110114,2025-05-31,96,24.0,0.0,0.0,0.0,12.0,3.0,298570.0,741.0,765.0,184.0,188.87,72.0,19.129999999999995,False,19.129999999999995,1.2666666666666666,38.0,15.102631578947365,2025-05-01,HiperMax Nacional,Grandes Superficies,Centro,Bogotá y Sabana,Bogotá,Hipermercado,GOUDA NATURAL CUÑA LOMA DORADA 250G,0.25,UND,GOUDA NATURAL,CUÑAS,QUESOS MADURADOS,regular,LOMA DORADA,IMPORTADO,2025-05
C013,110114,2025-05-31,14,3.5,0.0,0.0,0.0,2.0,0.5,53010.0,110.0,118.0,27.5,28.79,6.0,2.210000000000001,False,2.210000000000001,0.243,7.29,9.09465020576132,2025-05-01,La Mesa Premium,Tiendas Especializadas,Occidente,,Cali,Especialidad,GOUDA NATURAL CUÑA LOMA DORADA 250G,0.25,UND,GOUDA NATURAL,CUÑAS,QUESOS MADURADOS,regular,LOMA DORADA,IMPORTADO,2025-05
C014,110101,2025-05-31,70,10.5,0.0,0.0,0.0,3.0,0.45,42810.0,674.0,679.0,93.75,100.8,65.0,3.450000000000003,False,3.450000000000003,0.7100000000000001,21.3,4.8591549295774685,2025-05-01,Plaza Hogar,Grandes Superficies,Occidente,Valle del Cauca,Cali,Hipermercado,GOUDA AHUMADO TAJADO LOMA DORADA 150G,0.15,UND,GOUDA AHUMADO,QUESOS TAJADOS PREMIUM,QUESOS MADURADOS,regular,LOMA DORADA,IMPORTADO,2025-05
C001,900101,2025-05-31,80,6.4,0.0,0.0,0.0,6.0,0.48,61590.0,896.0,928.0,71.68,72.08,48.0,6.000000000000014,False,6.000000000000014,0.43200000000000005,12.96,13.88888888888892,2025-05-01,HiperMax Nacional,Grandes Superficies,Centro,Bogotá y Sabana,Bogotá,Hipermercado,SALAMI TAJADO CASA IBERIA 80G,0.08,UND,SALAMI,CHARCUTERIA,CARNES MADURADAS,regular,CASA IBERIA,IMPORTADO,2025-05
C001,900102,2025-05-31,121,9.68,0.0,0.0,0.0,4.0,0.32,39270.0,905.0,948.0,72.4,74.88,78.0,7.200000000000017,False,7.200000000000017,0.4986666666666667,14.96,14.438502673796824,2025-05-01,HiperMax Nacional,Grandes Superficies,Centro,Bogotá y Sabana,Bogotá,Hipermercado,PEPPERONI TAJADO CASA IBERIA 80G,0.08,UND,PEPPERONI,CHARCUTERIA,CARNES MADURADAS,regular,CASA IBERIA,IMPORTADO,2025-05
C002,190103,2025-05-31,22,0.0,0.0,0.0,0.0,0.0,0.0,0.0,0.0,2.0,0.0,1.2,20.0,-1.2,True,0.0,0.0,0.0,,2025-05-01,SuperAhorro,Grandes Superficies,Antioquia,Valle de Aburrá,Medellín,Supermercado,RACLETTE CELEBRACION LOMA DORADA 600G,0.6,UND,MIXTO QUESOS,TEMPORADA,QUESOS MADURADOS,temporada,LOMA DORADA,IMPORTADO,2025-05
C013,900102,2025-05-31,19,1.52,0.0,0.0,0.0,0.0,0.0,0.0,177.0,177.0,12.64,13.76,19.0,0.40000000000000036,False,0.40000000000000036,0.09066666666666667,2.72,4.411764705882357,2025-05-01,La Mesa Premium,Tiendas Especializadas,Occidente,,Cali,Especialidad,PEPPERONI TAJADO CASA IBERIA 80G,0.08,UND,PEPPERONI,CHARCUTERIA,CARNES MADURADAS,regular,CASA IBERIA,IMPORTADO,2025-05
C003,120101,2025-05-31,113,28.25,0.0,0.0,0.0,10.0,2.5,100040.0,868.0,949.0,217.0,233.22,32.0,12.030000000000001,False,12.030000000000001,1.5416666666666667,46.25,7.8032432432432435,2025-05-01,MaxiCompra Caribe,Grandes Superficies,Caribe,Costa Norte,Barranquilla,Supermercado,MOZZARELLA TAJADA CAMPOCLARO 250G,0.25,UND,MOZZARELLA,QUESOS TAJADOS,QUESOS FRESCOS,regular,CAMPOCLARO,NACIONAL,2025-05
C018,130101,2025-05-31,262,39.3,0.0,0.0,0.0,26.0,3.9,132950.0,3886.0,3823.0,550.2,573.798,325.0,15.701999999999998,False,15.701999999999998,4.025,120.75,3.9011180124223594,2025-05-01,Cadena Uno,Hard Discount,Occidente,Valle del Cauca,Cali,Discounter,CHEDDAR ESTILO AMERICANO DELILAT 150G,0.15,UND,CHEDDAR ANALOGO,LONCHAS,QUESOS ANALOGOS,regular,DELILAT,MAQUILA,2025-05
C012,110101,2025-05-31,18,2.7,0.0,0.0,0.0,2.0,0.3,31970.0,157.0,168.0,23.55,24.599999999999998,7.0,1.6500000000000021,False,1.6500000000000021,0.2,6.0,8.25000000000001,2025-05-01,Delimarket Gourmet,Tiendas Especializadas,Centro,Bogotá y Sabana,Bogotá,Especialidad,GOUDA AHUMADO TAJADO LOMA DORADA 150G,0.15,UND,GOUDA AHUMADO,QUESOS TAJADOS PREMIUM,QUESOS MADURADOS,regular,LOMA DORADA,IMPORTADO,2025-05
C012,110110,2025-05-31,8,2.88,0.0,0.0,0.0,2.0,0.72,75440.0,76.0,79.0,27.36,27.0,5.0,3.2399999999999984,False,3.2399999999999984,0.20400000000000001,6.12,15.882352941176462,2025-05-01,Delimarket Gourmet,Tiendas Especializadas,Centro,Bogotá y Sabana,Bogotá,Especialidad,MIX QUESOS PREMIUM MONTE AZUL 360G,0.36,UND,MIXTO QUESOS,MEZCLAS PREMIUM,QUESOS MADURADOS,regular,MONTE AZUL,IMPORTADO,2025-05
C003,110112,2025-05-31,120,12.0,0.0,0.0,0.0,11.0,1.1,75350.0,2642.0,2662.0,264.2,261.6,100.0,14.599999999999966,False,14.599999999999966,0.9066666666666666,27.2,16.10294117647055,2025-05-01,MaxiCompra Caribe,Grandes Superficies,Caribe,Costa Norte,Barranquilla,Supermercado,PARMESANO RALLADO ORO LECHE 100G,0.1,UND,TIPO PARMESANO,RALLADOS,QUESO PARMESANO,regular,ORO LECHE,MAQUILA,2025-05
C014,190102,2025-05-31,26,13.0,0.0,0.0,0.0,1.0,0.5,29700.0,0.0,5.0,0.0,2.5,21.0,10.5,False,10.5,0.016666666666666666,0.5,630.0,2025-05-01,Plaza Hogar,Grandes Superficies,Occidente,Valle del Cauca,Cali,Hipermercado,DUO FESTIVO QUESOS Y CARNES 500G,0.5,UND,MIXTO QUESOS-CARNES,TEMPORADA,QUESOS MADURADOS,temporada,MONTE AZUL,MAQUILA,2025-05
C018,120104,2025-05-31,104,20.8,0.0,0.0,0.0,12.0,2.4,87100.0,1320.0,1337.0,264.0,259.68,87.0,25.120000000000005,False,25.120000000000005,1.9666666666666666,59.0,12.772881355932206,2025-05-01,Cadena Uno,Hard Discount,Occidente,Valle del Cauca,Cali,Discounter,MOZZARELLA LIGHT CAMPOCLARO 200G,0.2,UND,MOZZARELLA,QUESOS TAJADOS,QUESOS FRESCOS,regular,CAMPOCLARO,NACIONAL,2025-05
C013,110101,2025-05-31,19,2.85,0.0,0.0,0.0,0.0,0.0,0.0,132.0,133.0,19.8,19.349999999999998,18.0,3.3000000000000043,False,3.3000000000000043,0.13499999999999998,4.05,24.44444444444448,2025-05-01,La Mesa Premium,Tiendas Especializadas,Occidente,,Cali,Especialidad,GOUDA AHUMADO TAJADO LOMA DORADA 150G,0.15,UND,GOUDA AHUMADO,QUESOS TAJADOS PREMIUM,QUESOS MADURADOS,regular,LOMA DORADA,IMPORTADO,2025-05
C012,110107,2025-05-31,16,2.0,0.0,0.0,0.0,1.0,0.125,14560.0,146.0,147.0,18.25,18.0,15.0,2.25,False,2.25,0.1,3.0,22.5,2025-05-01,Delimarket Gourmet,Tiendas Especializadas,Centro,Bogotá y Sabana,Bogotá,Especialidad,CAMEMBERT CUÑA MONTE AZUL 125G,0.125,UND,CAMEMBERT,QUESOS BLANDOS,QUESOS MADURADOS,regular,MONTE AZUL,IMPORTADO,2025-05
C001,110105,2025-05-31,88,13.2,0.0,0.0,0.0,8.0,1.2,114840.0,760.0,817.0,114.0,122.154,31.0,5.0460000000000065,False,5.0460000000000065,0.815,24.45,6.191411042944794,2025-05-01,HiperMax Nacional,Grandes Superficies,Centro,Bogotá y Sabana,Bogotá,Hipermercado,PROVOLONE TAJADO LOMA DORADA 150G,0.15,UND,PROVOLONE,QUESOS TAJADOS PREMIUM,QUESOS MADURADOS,regular,LOMA DORADA,IMPORTADO,2025-05
C016,120104,2025-05-31,81,16.2,0.0,0.0,0.0,6.0,1.2,47890.0,690.0,725.0,125.2,145.0,46.0,-3.5999999999999943,True,0.0,1.06,31.8,0.0,2025-05-01,Canasta Familiar,Grandes Superficies,Santanderes,Bucaramanga Metropolitana,Bucaramanga,Supermercado,MOZZARELLA LIGHT CAMPOCLARO 200G,0.2,UND,MOZZARELLA,QUESOS TAJADOS,QUESOS FRESCOS,regular,CAMPOCLARO,NACIONAL,2025-05
C016,130101,2025-05-31,125,18.75,0.0,0.0,0.0,7.0,1.05,38990.0,1070.0,1116.0,160.5,162.3,79.0,16.94999999999999,False,16.94999999999999,1.2050000000000003,36.150000000000006,14.066390041493763,2025-05-01,Canasta Familiar,Grandes Superficies,Santanderes,Bucaramanga Metropolitana,Bucaramanga,Supermercado,CHEDDAR ESTILO AMERICANO DELILAT 150G,0.15,UND,CHEDDAR ANALOGO,LONCHAS,QUESOS ANALOGOS,regular,DELILAT,MAQUILA,2025-05
C017,300102,2025-05-31,4,0.92,0.0,0.0,0.0,0.0,0.0,0.0,136.0,136.0,28.98,31.28,4.0,-1.379999999999999,True,0.0,0.10733333333333334,3.22,0.0,2025-05-01,RapiExpress,E-commerce,Centro,Bogotá y Sabana,Bogotá,Quick Commerce,JAMON DE PAVO FINAS LONCHAS SIERRA CARNES 230G,0.23,UND,JAMON PAVO,LONCHAS,CARNES FRIAS,regular,SIERRA CARNES,NACIONAL,2025-05
C005,300102,2025-05-31,105,24.15,0.0,0.0,0.0,5.0,1.15,42810.0,1093.0,1098.0,251.39000000000001,252.54,100.0,23.00000000000003,False,23.00000000000003,1.5793333333333333,47.379999999999995,14.563106796116523,2025-05-01,PrecioListo,Hard Discount,Antioquia,Valle de Aburrá,Medellín,Discounter,JAMON DE PAVO FINAS LONCHAS SIERRA CARNES 230G,0.23,UND,JAMON PAVO,LONCHAS,CARNES FRIAS,regular,SIERRA CARNES,NACIONAL,2025-05
C004,110112,2025-05-31,222,22.2,0.0,0.0,0.0,15.0,1.5,92960.0,2795.0,2782.0,279.5,271.572,235.0,30.127999999999986,False,30.127999999999986,1.9933333333333332,59.8,15.114381270903005,2025-05-01,Descuento Ya,Hard Discount,Centro,Bogotá y Sabana,Bogotá,Discounter,PARMESANO RALLADO ORO LECHE 100G,0.1,UND,TIPO PARMESANO,RALLADOS,QUESO PARMESANO,regular,ORO LECHE,MAQUILA,2025-05
C012,900104,2025-05-31,26,2.08,0.0,0.0,0.0,3.0,0.24,31150.0,176.0,184.0,14.08,14.64,18.0,1.5199999999999996,False,1.5199999999999996,0.11466666666666667,3.44,13.255813953488369,2025-05-01,Delimarket Gourmet,Tiendas Especializadas,Centro,Bogotá y Sabana,Bogotá,Especialidad,CHORIZO TAJADO CASA IBERIA 80G,0.08,UND,CHORIZO,CHARCUTERIA,CARNES MADURADAS,regular,CASA IBERIA,IMPORTADO,2025-05
C005,300101,2025-05-31,108,24.84,0.0,0.0,0.0,11.0,2.53,90630.0,1544.0,1588.0,355.12,355.507,64.0,24.452999999999975,False,24.452999999999975,2.5223333333333335,75.67,9.694594951764229,2025-05-01,PrecioListo,Hard Discount,Antioquia,Valle de Aburrá,Medellín,Discounter,JAMON DE CERDO FINAS LONCHAS SIERRA CARNES 230G,0.23,UND,JAMON CERDO,LONCHAS,CARNES FRIAS,regular,SIERRA CARNES,NACIONAL,2025-05
C014,190101,2025-05-31,23,9.2,0.0,0.0,0.0,0.0,0.0,0.0,0.0,1.0,0.0,0.4,22.0,8.799999999999999,False,8.799999999999999,0.0,0.0,,2025-05-01,Plaza Hogar,Grandes Superficies,Occidente,Valle del Cauca,Cali,Hipermercado,TABLA APERITIVO NAVIDEÑA MONTE AZUL 400G,0.4,UND,MIXTO QUESOS,TEMPORADA,QUESOS MADURADOS,temporada,MONTE AZUL,IMPORTADO,2025-05
C003,190102,2025-05-31,28,14.0,0.0,0.0,0.0,0.0,0.0,0.0,0.0,2.0,0.0,1.0,26.0,13.0,False,13.0,0.0,0.0,,2025-05-01,MaxiCompra Caribe,Grandes Superficies,Caribe,Costa Norte,Barranquilla,Supermercado,DUO FESTIVO QUESOS Y CARNES 500G,0.5,UND,MIXTO QUESOS-CARNES,TEMPORADA,QUESOS MADURADOS,temporada,MONTE AZUL,MAQUILA,2025-05
C001,120101,2025-05-31,269,67.25,0.0,0.0,0.0,22.0,5.5,226090.0,2136.0,2224.0,534.0,546.53,181.0,54.72000000000003,False,54.72000000000003,3.8176666666666668,114.53,14.333362437789232,2025-05-01,HiperMax Nacional,Grandes Superficies,Centro,Bogotá y Sabana,Bogotá,Hipermercado,MOZZARELLA TAJADA CAMPOCLARO 250G,0.25,UND,MOZZARELLA,QUESOS TAJADOS,QUESOS FRESCOS,regular,CAMPOCLARO,NACIONAL,2025-05
C015,110112,2025-05-31,32,3.2,23.0,2.3,118830.0,1.0,0.1,6700.0,329.0,328.0,32.9,32.2,33.0,3.8999999999999986,False,3.8999999999999986,0.20000000000000004,6.000000000000001,19.49999999999999,2025-05-01,Abarrotes Norte,Tradicional Modernizado,Caribe,Costa Norte,Barranquilla,Supermercado Regional,PARMESANO RALLADO ORO LECHE 100G,0.1,UND,TIPO PARMESANO,RALLADOS,QUESO PARMESANO,regular,ORO LECHE,MAQUILA,2025-05
C013,110115,2025-05-31,11,2.75,0.0,0.0,0.0,0.0,0.0,0.0,120.0,127.0,30.0,31.19,4.0,1.5599999999999987,False,1.5599999999999987,0.18133333333333332,5.4399999999999995,8.602941176470582,2025-05-01,La Mesa Premium,Tiendas Especializadas,Occidente,,Cali,Especialidad,FETA CUBOS CASA SIERRA 250G,0.25,UND,FETA,ESPECIALES,QUESOS MADURADOS,regular,CASA SIERRA,IMPORTADO,2025-05
C016,130103,2025-05-31,88,25.344,0.0,0.0,0.0,6.0,1.728,50340.0,732.0,787.0,210.816,223.995,33.0,12.164999999999992,False,12.164999999999992,1.4784,44.352,8.228490259740255,2025-05-01,Canasta Familiar,Grandes Superficies,Santanderes,Bucaramanga Metropolitana,Bucaramanga,Supermercado,LONCHAS AMERICANAS DELILAT 288G,0.288,UND,CHEDDAR ANALOGO,LONCHITAS,QUESOS ANALOGOS,regular,DELILAT,MAQUILA,2025-05
C016,110103,2025-05-31,45,6.75,0.0,0.0,0.0,6.0,0.9,88720.0,463.0,483.0,69.45,71.718,25.0,4.481999999999999,False,4.481999999999999,0.53,15.9,8.456603773584904,2025-05-01,Canasta Familiar,Grandes Superficies,Santanderes,Bucaramanga Metropolitana,Bucaramanga,Supermercado,MUENSTER TAJADO LOMA DORADA 150G,0.15,UND,MUENSTER,QUESOS TAJADOS PREMIUM,QUESOS MADURADOS,regular,LOMA DORADA,IMPORTADO,2025-05
C017,190101,2025-05-31,1,0.4,0.0,0.0,0.0,0.0,0.0,0.0,0.0,1.0,0.0,0.4,0.0,0.0,False,0.0,0.0,0.0,,2025-05-01,RapiExpress,E-commerce,Centro,Bogotá y Sabana,Bogotá,Quick Commerce,TABLA APERITIVO NAVIDEÑA MONTE AZUL 400G,0.4,UND,MIXTO QUESOS,TEMPORADA,QUESOS MADURADOS,temporada,MONTE AZUL,IMPORTADO,2025-05
C006,300101,2025-05-31,100,23.0,0.0,0.0,0.0,8.0,1.84,66620.0,963.0,1006.0,221.49,224.921,57.0,19.569000000000017,False,19.569000000000017,1.4029999999999998,42.089999999999996,13.947968638631519,2025-05-01,PuntoMenos Caribe,Hard Discount,Caribe,Costa Norte,Cartagena,Discounter,JAMON DE CERDO FINAS LONCHAS SIERRA CARNES 230G,0.23,UND,JAMON CERDO,LONCHAS,CARNES FRIAS,regular,SIERRA CARNES,NACIONAL,2025-05
C017,190102,2025-05-31,2,1.0,0.0,0.0,0.0,0.0,0.0,0.0,0.0,2.0,0.0,1.0,0.0,0.0,False,0.0,0.0,0.0,,2025-05-01,RapiExpress,E-commerce,Centro,Bogotá y Sabana,Bogotá,Quick Commerce,DUO FESTIVO QUESOS Y CARNES 500G,0.5,UND,MIXTO QUESOS-CARNES,TEMPORADA,QUESOS MADURADOS,temporada,MONTE AZUL,MAQUILA,2025-05
C012,190103,2025-05-31,5,3.0,0.0,0.0,0.0,0.0,0.0,0.0,0.0,1.0,0.0,0.6,4.0,2.4,False,2.4,0.0,0.0,,2025-05-01,Delimarket Gourmet,Tiendas Especializadas,Centro,Bogotá y Sabana,Bogotá,Especialidad,RACLETTE CELEBRACION LOMA DORADA 600G,0.6,UND,MIXTO QUESOS,TEMPORADA,QUESOS MADURADOS,temporada,LOMA DORADA,IMPORTADO,2025-05
C002,120103,2025-05-31,97,19.4,0.0,0.0,0.0,7.0,1.4,69910.0,868.0,916.0,157.8,181.4,49.0,-4.199999999999989,True,0.0,1.4,42.0,0.0,2025-05-01,SuperAhorro,Grandes Superficies,Antioquia,Valle de Aburrá,Medellín,Supermercado,QUESO CREMA CAMPOCLARO 200G,0.2,UND,CREMAS,UNTABLES,QUESOS FRESCOS,regular,CAMPOCLARO,NACIONAL,2025-05
C013,110106,2025-05-31,10,1.25,0.0,0.0,0.0,0.0,0.0,0.0,95.0,98.0,11.875,12.24,7.0,0.8849999999999998,False,0.8849999999999998,0.083,2.49,10.662650602409636,2025-05-01,La Mesa Premium,Tiendas Especializadas,Occidente,,Cali,Especialidad,BRIE CUÑA MONTE AZUL 125G,0.125,UND,BRIE,QUESOS BLANDOS,QUESOS MADURADOS,regular,MONTE AZUL,IMPORTADO,2025-05
C017,110108,2025-05-31,3,0.45,0.0,0.0,0.0,0.0,0.0,0.0,59.0,58.0,8.85,8.7,4.0,0.5999999999999996,False,0.5999999999999996,0.06999999999999999,2.0999999999999996,8.571428571428568,2025-05-01,RapiExpress,E-commerce,Centro,Bogotá y Sabana,Bogotá,Quick Commerce,MANCHEGO CUÑA MONTE AZUL 150G,0.15,UND,MANCHEGO,CUÑAS PREMIUM,QUESOS MADURADOS,regular,MONTE AZUL,IMPORTADO,2025-05
C018,110112,2025-05-31,136,13.6,0.0,0.0,0.0,11.0,1.1,68520.0,1685.0,1679.0,168.5,165.684,142.0,16.415999999999997,False,16.415999999999997,1.1661333333333335,34.984,14.077292476560709,2025-05-01,Cadena Uno,Hard Discount,Occidente,Valle del Cauca,Cali,Discounter,PARMESANO RALLADO ORO LECHE 100G,0.1,UND,TIPO PARMESANO,RALLADOS,QUESO PARMESANO,regular,ORO LECHE,MAQUILA,2025-05
C015,110113,2025-05-31,12,0.0,10.0,2.5,121150.0,1.0,0.25,15520.0,139.0,136.0,34.75,34.0,15.0,0.75,False,0.75,0.20833333333333334,6.25,3.5999999999999996,2025-05-01,Abarrotes Norte,Tradicional Modernizado,Caribe,Costa Norte,Barranquilla,Supermercado Regional,PARMESANO RALLADO ORO LECHE 250G,0.25,UND,TIPO PARMESANO,RALLADOS,QUESO PARMESANO,regular,ORO LECHE,MAQUILA,2025-05
C003,300102,2025-05-31,79,18.17,0.0,0.0,0.0,0.0,0.0,0.0,668.0,700.0,142.14,157.54999999999998,47.0,2.7600000000000193,False,2.7600000000000193,1.088666666666667,32.660000000000004,2.535211267605651,2025-05-01,MaxiCompra Caribe,Grandes Superficies,Caribe,Costa Norte,Barranquilla,Supermercado,JAMON DE PAVO FINAS LONCHAS SIERRA CARNES 230G,0.23,UND,JAMON PAVO,LONCHAS,CARNES FRIAS,regular,SIERRA CARNES,NACIONAL,2025-05
C004,300101,2025-05-31,151,34.73,0.0,0.0,0.0,20.0,4.6,165300.0,1764.0,1808.0,405.71999999999997,413.54,107.0,26.909999999999968,False,26.909999999999968,2.8826666666666667,86.48,9.335106382978712,2025-05-01,Descuento Ya,Hard Discount,Centro,Bogotá y Sabana,Bogotá,Discounter,JAMON DE CERDO FINAS LONCHAS SIERRA CARNES 230G,0.23,UND,JAMON CERDO,LONCHAS,CARNES FRIAS,regular,SIERRA CARNES,NACIONAL,2025-05
C004,110113,2025-05-31,145,36.25,0.0,0.0,0.0,14.0,3.5,199760.0,1376.0,1474.0,344.0,368.4,47.0,11.850000000000023,False,11.850000000000023,2.3833333333333333,71.5,4.972027972027981,2025-05-01,Descuento Ya,Hard Discount,Centro,Bogotá y Sabana,Bogotá,Discounter,PARMESANO RALLADO ORO LECHE 250G,0.25,UND,TIPO PARMESANO,RALLADOS,QUESO PARMESANO,regular,ORO LECHE,MAQUILA,2025-05
C001,110110,2025-05-31,45,16.2,0.0,0.0,0.0,4.0,1.44,136680.0,479.0,490.0,172.44,167.876,34.0,20.76399999999998,False,20.76399999999998,1.0651333333333333,31.954,19.494273017462586,2025-05-01,HiperMax Nacional,Grandes Superficies,Centro,Bogotá y Sabana,Bogotá,Hipermercado,MIX QUESOS PREMIUM MONTE AZUL 360G,0.36,UND,MIXTO QUESOS,MEZCLAS PREMIUM,QUESOS MADURADOS,regular,MONTE AZUL,IMPORTADO,2025-05
C014,110112,2025-05-31,98,9.8,0.0,0.0,0.0,9.0,0.9,60890.0,1092.0,1103.0,110.14,108.992,87.0,10.947999999999993,False,10.947999999999993,0.7093333333333334,21.28,15.434210526315779,2025-05-01,Plaza Hogar,Grandes Superficies,Occidente,Valle del Cauca,Cali,Hipermercado,PARMESANO RALLADO ORO LECHE 100G,0.1,UND,TIPO PARMESANO,RALLADOS,QUESO PARMESANO,regular,ORO LECHE,MAQUILA,2025-05
C002,190101,2025-05-31,18,7.2,0.0,0.0,0.0,0.0,0.0,0.0,0.0,6.0,0.0,2.4000000000000004,12.0,4.8,False,4.8,0.013333333333333334,0.4,359.99999999999994,2025-05-01,SuperAhorro,Grandes Superficies,Antioquia,Valle de Aburrá,Medellín,Supermercado,TABLA APERITIVO NAVIDEÑA MONTE AZUL 400G,0.4,UND,MIXTO QUESOS,TEMPORADA,QUESOS MADURADOS,temporada,MONTE AZUL,IMPORTADO,2025-05
C016,110115,2025-05-31,46,11.5,0.0,0.0,0.0,4.0,1.0,99700.0,393.0,411.0,98.25,102.67,28.0,7.079999999999998,False,7.079999999999998,0.8083333333333333,24.25,8.758762886597935,2025-05-01,Canasta Familiar,Grandes Superficies,Santanderes,Bucaramanga Metropolitana,Bucaramanga,Supermercado,FETA CUBOS CASA SIERRA 250G,0.25,UND,FETA,ESPECIALES,QUESOS MADURADOS,regular,CASA SIERRA,IMPORTADO,2025-05
C001,900104,2025-05-31,106,8.48,0.0,0.0,0.0,8.0,0.64,74440.0,1042.0,1047.0,83.36,81.60000000000001,101.0,10.239999999999995,False,10.239999999999995,0.5519999999999999,16.56,18.550724637681153,2025-05-01,HiperMax Nacional,Grandes Superficies,Centro,Bogotá y Sabana,Bogotá,Hipermercado,CHORIZO TAJADO CASA IBERIA 80G,0.08,UND,CHORIZO,CHARCUTERIA,CARNES MADURADAS,regular,CASA IBERIA,IMPORTADO,2025-05
C006,300102,2025-05-31,97,22.31,0.0,0.0,0.0,8.0,1.84,69630.0,946.0,965.0,217.57999999999998,218.5,78.0,21.389999999999986,False,21.389999999999986,1.5333333333333334,46.0,13.94999999999999,2025-05-01,PuntoMenos Caribe,Hard Discount,Caribe,Costa Norte,Cartagena,Discounter,JAMON DE PAVO FINAS LONCHAS SIERRA CARNES 230G,0.23,UND,JAMON PAVO,LONCHAS,CARNES FRIAS,regular,SIERRA CARNES,NACIONAL,2025-05
C003,900104,2025-05-31,92,7.36,0.0,0.0,0.0,3.0,0.24,27590.0,685.0,744.0,54.8,58.051,33.0,4.108999999999995,False,4.108999999999995,0.34303333333333336,10.291,11.978427752404997,2025-05-01,MaxiCompra Caribe,Grandes Superficies,Caribe,Costa Norte,Barranquilla,Supermercado,CHORIZO TAJADO CASA IBERIA 80G,0.08,UND,CHORIZO,CHARCUTERIA,CARNES MADURADAS,regular,CASA IBERIA,IMPORTADO,2025-05
C005,130101,2025-05-31,356,53.4,0.0,0.0,0.0,29.0,4.35,151300.0,4285.0,4349.0,593.25,649.05,292.0,-2.3999999999999773,True,0.0,3.955,118.65,0.0,2025-05-01,PrecioListo,Hard Discount,Antioquia,Valle de Aburrá,Medellín,Discounter,CHEDDAR ESTILO AMERICANO DELILAT 150G,0.15,UND,CHEDDAR ANALOGO,LONCHAS,QUESOS ANALOGOS,regular,DELILAT,MAQUILA,2025-05
C003,110101,2025-05-31,51,7.65,0.0,0.0,0.0,6.0,0.9,87750.0,561.0,585.0,84.15,87.834,27.0,3.966000000000008,False,3.966000000000008,0.5399999999999999,16.2,7.344444444444461,2025-05-01,MaxiCompra Caribe,Grandes Superficies,Caribe,Costa Norte,Barranquilla,Supermercado,GOUDA AHUMADO TAJADO LOMA DORADA 150G,0.15,UND,GOUDA AHUMADO,QUESOS TAJADOS PREMIUM,QUESOS MADURADOS,regular,LOMA DORADA,IMPORTADO,2025-05
C014,130101,2025-05-31,100,15.0,0.0,0.0,0.0,7.0,1.05,39670.0,1112.0,1139.0,166.8,170.85,73.0,10.950000000000017,False,10.950000000000017,1.13,33.9,9.69026548672568,2025-05-01,Plaza Hogar,Grandes Superficies,Occidente,Valle del Cauca,Cali,Hipermercado,CHEDDAR ESTILO AMERICANO DELILAT 150G,0.15,UND,CHEDDAR ANALOGO,LONCHAS,QUESOS ANALOGOS,regular,DELILAT,MAQUILA,2025-05
C006,120103,2025-05-31,114,22.8,0.0,0.0,0.0,19.0,3.8,176320.0,1118.0,1191.0,223.6,231.12,41.0,15.280000000000001,False,15.280000000000001,1.5066666666666668,45.2,10.141592920353983,2025-05-01,PuntoMenos Caribe,Hard Discount,Caribe,Costa Norte,Cartagena,Discounter,QUESO CREMA CAMPOCLARO 200G,0.2,UND,CREMAS,UNTABLES,QUESOS FRESCOS,regular,CAMPOCLARO,NACIONAL,2025-05
C014,110106,2025-05-31,51,6.375,0.0,0.0,0.0,3.0,0.375,38800.0,523.0,531.0,65.375,65.905,43.0,5.844999999999999,False,5.844999999999999,0.44583333333333336,13.375,13.110280373831772,2025-05-01,Plaza Hogar,Grandes Superficies,Occidente,Valle del Cauca,Cali,Hipermercado,BRIE CUÑA MONTE AZUL 125G,0.125,UND,BRIE,QUESOS BLANDOS,QUESOS MADURADOS,regular,MONTE AZUL,IMPORTADO,2025-05
C003,110114,2025-05-31,60,15.0,0.0,0.0,0.0,3.0,0.75,73270.0,534.0,548.0,133.5,133.19,46.0,15.310000000000002,False,15.310000000000002,0.8166666666666667,24.5,18.746938775510205,2025-05-01,MaxiCompra Caribe,Grandes Superficies,Caribe,Costa Norte,Barranquilla,Supermercado,GOUDA NATURAL CUÑA LOMA DORADA 250G,0.25,UND,GOUDA NATURAL,CUÑAS,QUESOS MADURADOS,regular,LOMA DORADA,IMPORTADO,2025-05
C016,300101,2025-05-31,88,20.24,0.0,0.0,0.0,7.0,1.61,63830.0,728.0,747.0,167.44,171.019,69.0,16.661,False,16.661,1.0273333333333334,30.82,16.21771576898118,2025-05-01,Canasta Familiar,Grandes Superficies,Santanderes,Bucaramanga Metropolitana,Bucaramanga,Supermercado,JAMON DE CERDO FINAS LONCHAS SIERRA CARNES 230G,0.23,UND,JAMON CERDO,LONCHAS,CARNES FRIAS,regular,SIERRA CARNES,NACIONAL,2025-05
C002,900101,2025-05-31,77,6.16,0.0,0.0,0.0,2.0,0.173,20350.0,659.0,697.0,52.72,54.035000000000004,39.0,4.844999999999992,False,4.844999999999992,0.3577666666666666,10.732999999999999,13.542346035591146,2025-05-01,SuperAhorro,Grandes Superficies,Antioquia,Valle de Aburrá,Medellín,Supermercado,SALAMI TAJADO CASA IBERIA 80G,0.08,UND,SALAMI,CHARCUTERIA,CARNES MADURADAS,regular,CASA IBERIA,IMPORTADO,2025-05
C014,120103,2025-05-31,87,17.4,0.0,0.0,0.0,6.0,1.2,59630.0,890.0,879.0,179.34,171.904,98.0,24.836000000000013,False,24.836000000000013,1.2266666666666666,36.8,20.246739130434793,2025-05-01,Plaza Hogar,Grandes Superficies,Occidente,Valle del Cauca,Cali,Hipermercado,QUESO CREMA CAMPOCLARO 200G,0.2,UND,CREMAS,UNTABLES,QUESOS FRESCOS,regular,CAMPOCLARO,NACIONAL,2025-05
C015,900102,2025-05-31,12,0.96,0.0,0.0,0.0,2.0,0.16,19090.0,119.0,121.0,9.040000000000001,9.6,10.0,0.40000000000000036,False,0.40000000000000036,0.058666666666666666,1.76,6.818181818181825,2025-05-01,Abarrotes Norte,Tradicional Modernizado,Caribe,Costa Norte,Barranquilla,Supermercado Regional,PEPPERONI TAJADO CASA IBERIA 80G,0.08,UND,PEPPERONI,CHARCUTERIA,CARNES MADURADAS,regular,CASA IBERIA,IMPORTADO,2025-05
C014,300102,2025-05-31,61,14.03,0.0,0.0,0.0,9.0,2.07,87890.0,704.0,702.0,161.92,154.827,63.0,21.12299999999999,False,21.12299999999999,1.0963333333333334,32.89,19.266950440863475,2025-05-01,Plaza Hogar,Grandes Superficies,Occidente,Valle del Cauca,Cali,Hipermercado,JAMON DE PAVO FINAS LONCHAS SIERRA CARNES 230G,0.23,UND,JAMON PAVO,LONCHAS,CARNES FRIAS,regular,SIERRA CARNES,NACIONAL,2025-05
C018,300101,2025-05-31,111,25.53,0.0,0.0,0.0,10.0,2.3,82610.0,1477.0,1468.0,339.71,335.671,120.0,29.569000000000017,False,29.569000000000017,2.1696666666666666,65.09,13.628360731295137,2025-05-01,Cadena Uno,Hard Discount,Occidente,Valle del Cauca,Cali,Discounter,JAMON DE CERDO FINAS LONCHAS SIERRA CARNES 230G,0.23,UND,JAMON CERDO,LONCHAS,CARNES FRIAS,regular,SIERRA CARNES,NACIONAL,2025-05
C016,190103,2025-05-31,18,10.8,0.0,0.0,0.0,0.0,0.0,0.0,0.0,3.0,0.0,1.7999999999999998,15.0,9.0,False,9.0,0.02,0.6,450.0,2025-05-01,Canasta Familiar,Grandes Superficies,Santanderes,Bucaramanga Metropolitana,Bucaramanga,Supermercado,RACLETTE CELEBRACION LOMA DORADA 600G,0.6,UND,MIXTO QUESOS,TEMPORADA,QUESOS MADURADOS,temporada,LOMA DORADA,IMPORTADO,2025-05
C006,130103,2025-05-31,124,35.712,0.0,0.0,0.0,16.0,4.608,119760.0,1633.0,1621.0,470.30400000000003,454.81,136.0,51.20600000000002,False,51.20600000000002,3.2832,98.496,15.596369395711507,2025-05-01,PuntoMenos Caribe,Hard Discount,Caribe,Costa Norte,Cartagena,Discounter,LONCHAS AMERICANAS DELILAT 288G,0.288,UND,CHEDDAR ANALOGO,LONCHITAS,QUESOS ANALOGOS,regular,DELILAT,MAQUILA,2025-05
C018,110113,2025-05-31,114,28.5,0.0,0.0,0.0,13.0,3.25,184690.0,1147.0,1170.0,286.75,288.74,91.0,26.50999999999999,False,26.50999999999999,1.85,55.5,14.329729729729724,2025-05-01,Cadena Uno,Hard Discount,Occidente,Valle del Cauca,Cali,Discounter,PARMESANO RALLADO ORO LECHE 250G,0.25,UND,TIPO PARMESANO,RALLADOS,QUESO PARMESANO,regular,ORO LECHE,MAQUILA,2025-05
C004,130101,2025-05-31,424,63.6,0.0,0.0,0.0,39.0,5.85,207150.0,5260.0,5362.0,733.47,781.2,322.0,15.870000000000005,False,15.870000000000005,5.705,171.15,2.781770376862402,2025-05-01,Descuento Ya,Hard Discount,Centro,Bogotá y Sabana,Bogotá,Discounter,CHEDDAR ESTILO AMERICANO DELILAT 150G,0.15,UND,CHEDDAR ANALOGO,LONCHAS,QUESOS ANALOGOS,regular,DELILAT,MAQUILA,2025-05
C012,110102,2025-05-31,21,3.15,0.0,0.0,0.0,2.0,0.3,31890.0,177.0,186.0,20.7,27.3,12.0,-3.450000000000003,True,0.0,0.185,5.55,0.0,2025-05-01,Delimarket Gourmet,Tiendas Especializadas,Centro,Bogotá y Sabana,Bogotá,Especialidad,HOLANDES TAJADO LOMA DORADA 150G,0.15,UND,HOLANDES,QUESOS TAJADOS PREMIUM,QUESOS MADURADOS,regular,LOMA DORADA,IMPORTADO,2025-05
C001,110107,2025-05-31,61,7.625,0.0,0.0,0.0,3.0,0.375,38930.0,702.0,702.0,87.75,85.875,61.0,9.5,False,9.5,0.5708333333333333,17.125,16.642335766423358,2025-05-01,HiperMax Nacional,Grandes Superficies,Centro,Bogotá y Sabana,Bogotá,Hipermercado,CAMEMBERT CUÑA MONTE AZUL 125G,0.125,UND,CAMEMBERT,QUESOS BLANDOS,QUESOS MADURADOS,regular,MONTE AZUL,IMPORTADO,2025-05
C005,130103,2025-05-31,213,61.344,0.0,0.0,0.0,24.0,6.912,182430.0,2516.0,2507.0,724.608,722.269,222.0,63.68299999999999,False,63.68299999999999,5.030399999999999,150.91199999999998,12.65962945292621,2025-05-01,PrecioListo,Hard Discount,Antioquia,Valle de Aburrá,Medellín,Discounter,LONCHAS AMERICANAS DELILAT 288G,0.288,UND,CHEDDAR ANALOGO,LONCHITAS,QUESOS ANALOGOS,regular,DELILAT,MAQUILA,2025-05
C002,120104,2025-05-31,82,16.4,0.0,0.0,0.0,4.0,0.8,32910.0,830.0,854.0,166.0,168.904,58.0,13.49600000000001,False,13.49600000000001,1.0733333333333335,32.2,12.573913043478267,2025-05-01,SuperAhorro,Grandes Superficies,Antioquia,Valle de Aburrá,Medellín,Supermercado,MOZZARELLA LIGHT CAMPOCLARO 200G,0.2,UND,MOZZARELLA,QUESOS TAJADOS,QUESOS FRESCOS,regular,CAMPOCLARO,NACIONAL,2025-05
C012,900101,2025-05-31,24,1.92,0.0,0.0,0.0,1.0,0.08,10820.0,199.0,214.0,15.92,16.32,9.0,1.5199999999999996,False,1.5199999999999996,0.14666666666666667,4.4,10.363636363636362,2025-05-01,Delimarket Gourmet,Tiendas Especializadas,Centro,Bogotá y Sabana,Bogotá,Especialidad,SALAMI TAJADO CASA IBERIA 80G,0.08,UND,SALAMI,CHARCUTERIA,CARNES MADURADAS,regular,CASA IBERIA,IMPORTADO,2025-05
C016,120101,2025-05-31,92,0.0,0.0,0.0,0.0,9.0,2.25,90530.0,814.0,837.0,203.5,200.75,69.0,2.75,False,2.75,1.3833333333333333,41.5,1.9879518072289157,2025-05-01,Canasta Familiar,Grandes Superficies,Santanderes,Bucaramanga Metropolitana,Bucaramanga,Supermercado,MOZZARELLA TAJADA CAMPOCLARO 250G,0.25,UND,MOZZARELLA,QUESOS TAJADOS,QUESOS FRESCOS,regular,CAMPOCLARO,NACIONAL,2025-05
C013,900104,2025-05-31,21,1.68,0.0,0.0,0.0,1.0,0.08,10030.0,133.0,138.0,10.64,10.96,16.0,1.3599999999999994,False,1.3599999999999994,0.06666666666666667,2.0,20.39999999999999,2025-05-01,La Mesa Premium,Tiendas Especializadas,Occidente,,Cali,Especialidad,CHORIZO TAJADO CASA IBERIA 80G,0.08,UND,CHORIZO,CHARCUTERIA,CARNES MADURADAS,regular,CASA IBERIA,IMPORTADO,2025-05
C013,190102,2025-05-31,4,2.0,0.0,0.0,0.0,0.0,0.0,0.0,0.0,3.0,0.0,1.5,1.0,0.5,False,0.5,0.016666666666666666,0.5,30.0,2025-05-01,La Mesa Premium,Tiendas Especializadas,Occidente,,Cali,Especialidad,DUO FESTIVO QUESOS Y CARNES 500G,0.5,UND,MIXTO QUESOS-CARNES,TEMPORADA,QUESOS MADURADOS,temporada,MONTE AZUL,MAQUILA,2025-05
C014,120101,2025-05-31,115,28.75,0.0,0.0,0.0,14.0,3.5,140550.0,1339.0,1339.0,310.75,330.38,115.0,9.120000000000005,False,9.120000000000005,2.408333333333333,72.25,3.7868512110726664,2025-05-01,Plaza Hogar,Grandes Superficies,Occidente,Valle del Cauca,Cali,Hipermercado,MOZZARELLA TAJADA CAMPOCLARO 250G,0.25,UND,MOZZARELLA,QUESOS TAJADOS,QUESOS FRESCOS,regular,CAMPOCLARO,NACIONAL,2025-05
C003,900102,2025-05-31,85,6.8,0.0,0.0,0.0,5.0,0.4,48200.0,659.0,687.0,48.4,54.32,57.0,0.8799999999999955,False,0.8799999999999955,0.328,9.84,2.6829268292682786,2025-05-01,MaxiCompra Caribe,Grandes Superficies,Caribe,Costa Norte,Barranquilla,Supermercado,PEPPERONI TAJADO CASA IBERIA 80G,0.08,UND,PEPPERONI,CHARCUTERIA,CARNES MADURADAS,regular,CASA IBERIA,IMPORTADO,2025-05
C014,300101,2025-05-31,90,20.7,0.0,0.0,0.0,7.0,1.61,64290.0,857.0,904.0,197.10999999999999,200.285,43.0,17.524999999999977,False,17.524999999999977,1.3186666666666664,39.559999999999995,13.289939332659237,2025-05-01,Plaza Hogar,Grandes Superficies,Occidente,Valle del Cauca,Cali,Hipermercado,JAMON DE CERDO FINAS LONCHAS SIERRA CARNES 230G,0.23,UND,JAMON CERDO,LONCHAS,CARNES FRIAS,regular,SIERRA CARNES,NACIONAL,2025-05
C001,110113,2025-05-31,116,29.0,0.0,0.0,0.0,6.0,1.5,92090.0,919.0,935.0,212.0,229.0,100.0,12.0,False,12.0,1.6666666666666667,50.0,7.199999999999999,2025-05-01,HiperMax Nacional,Grandes Superficies,Centro,Bogotá y Sabana,Bogotá,Hipermercado,PARMESANO RALLADO ORO LECHE 250G,0.25,UND,TIPO PARMESANO,RALLADOS,QUESO PARMESANO,regular,ORO LECHE,MAQUILA,2025-05
C001,110115,2025-05-31,84,21.0,0.0,0.0,0.0,3.0,0.75,74010.0,827.0,821.0,206.75,199.35,90.0,28.400000000000006,False,28.400000000000006,1.3916666666666666,41.75,20.40718562874252,2025-05-01,HiperMax Nacional,Grandes Superficies,Centro,Bogotá y Sabana,Bogotá,Hipermercado,FETA CUBOS CASA SIERRA 250G,0.25,UND,FETA,ESPECIALES,QUESOS MADURADOS,regular,CASA SIERRA,IMPORTADO,2025-05
C005,120101,2025-05-31,240,60.0,0.0,0.0,0.0,25.0,6.25,223970.0,2220.0,2378.0,558.25,584.55,82.0,33.700000000000045,False,33.700000000000045,4.271333333333334,128.14000000000001,7.889808022475427,2025-05-01,PrecioListo,Hard Discount,Antioquia,Valle de Aburrá,Medellín,Discounter,MOZZARELLA TAJADA CAMPOCLARO 250G,0.25,UND,MOZZARELLA,QUESOS TAJADOS,QUESOS FRESCOS,regular,CAMPOCLARO,NACIONAL,2025-05
C006,120101,2025-05-31,133,33.25,0.0,0.0,0.0,14.0,3.5,126470.0,1555.0,1629.0,388.75,396.84,59.0,25.160000000000025,False,25.160000000000025,2.893666666666667,86.81,8.694850823637838,2025-05-01,PuntoMenos Caribe,Hard Discount,Caribe,Costa Norte,Cartagena,Discounter,MOZZARELLA TAJADA CAMPOCLARO 250G,0.25,UND,MOZZARELLA,QUESOS TAJADOS,QUESOS FRESCOS,regular,CAMPOCLARO,NACIONAL,2025-05
C001,120104,2025-05-31,143,28.6,0.0,0.0,0.0,15.0,3.0,122000.0,1012.0,1095.0,202.4,219.176,60.0,11.824000000000012,False,11.824000000000012,1.6258666666666668,48.776,7.272429063473846,2025-05-01,HiperMax Nacional,Grandes Superficies,Centro,Bogotá y Sabana,Bogotá,Hipermercado,MOZZARELLA LIGHT CAMPOCLARO 200G,0.2,UND,MOZZARELLA,QUESOS TAJADOS,QUESOS FRESCOS,regular,CAMPOCLARO,NACIONAL,2025-05
C006,130104,2025-05-31,112,16.8,0.0,0.0,0.0,8.0,1.2,43860.0,1466.0,1447.0,219.9,211.968,131.0,24.732000000000028,False,24.732000000000028,1.39,41.699999999999996,17.792805755395705,2025-05-01,PuntoMenos Caribe,Hard Discount,Caribe,Costa Norte,Cartagena,Discounter,PIZZA MIX RALLADO DELILAT 150G,0.15,UND,MIXTO QUESOS,RALLADOS,QUESOS ANALOGOS,regular,DELILAT,MAQUILA,2025-05
C005,900102,2025-05-31,101,8.08,0.0,0.0,0.0,9.0,0.72,79670.0,1126.0,1132.0,90.776,88.64,95.0,10.215999999999994,False,10.215999999999994,0.5173333333333334,15.520000000000001,19.747422680412356,2025-05-01,PrecioListo,Hard Discount,Antioquia,Valle de Aburrá,Medellín,Discounter,PEPPERONI TAJADO CASA IBERIA 80G,0.08,UND,PEPPERONI,CHARCUTERIA,CARNES MADURADAS,regular,CASA IBERIA,IMPORTADO,2025-05
C001,300101,2025-05-31,170,39.1,0.0,0.0,0.0,12.0,2.76,108920.0,1229.0,1333.0,284.671,304.29,66.0,19.480999999999995,False,19.480999999999995,1.901333333333333,57.03999999999999,10.245967741935482,2025-05-01,HiperMax Nacional,Grandes Superficies,Centro,Bogotá y Sabana,Bogotá,Hipermercado,JAMON DE CERDO FINAS LONCHAS SIERRA CARNES 230G,0.23,UND,JAMON CERDO,LONCHAS,CARNES FRIAS,regular,SIERRA CARNES,NACIONAL,2025-05
C003,130103,2025-05-31,87,25.056,0.0,0.0,0.0,9.0,2.592,72780.0,989.0,997.0,268.416,283.542,79.0,9.930000000000007,False,9.930000000000007,1.9345999999999999,58.038,5.132843998759437,2025-05-01,MaxiCompra Caribe,Grandes Superficies,Caribe,Costa Norte,Barranquilla,Supermercado,LONCHAS AMERICANAS DELILAT 288G,0.288,UND,CHEDDAR ANALOGO,LONCHITAS,QUESOS ANALOGOS,regular,DELILAT,MAQUILA,2025-05
C002,110102,2025-05-31,77,11.55,0.0,0.0,0.0,7.0,1.05,100140.0,611.0,628.0,91.65,92.25,60.0,10.950000000000003,False,10.950000000000003,0.67,20.1,16.343283582089555,2025-05-01,SuperAhorro,Grandes Superficies,Antioquia,Valle de Aburrá,Medellín,Supermercado,HOLANDES TAJADO LOMA DORADA 150G,0.15,UND,HOLANDES,QUESOS TAJADOS PREMIUM,QUESOS MADURADOS,regular,LOMA DORADA,IMPORTADO,2025-05
C016,110112,2025-05-31,136,13.6,0.0,0.0,0.0,8.0,0.864,55220.0,965.0,1009.0,96.5,99.312,92.0,10.787999999999997,False,10.787999999999997,0.6088,18.264,17.720105124835737,2025-05-01,Canasta Familiar,Grandes Superficies,Santanderes,Bucaramanga Metropolitana,Bucaramanga,Supermercado,PARMESANO RALLADO ORO LECHE 100G,0.1,UND,TIPO PARMESANO,RALLADOS,QUESO PARMESANO,regular,ORO LECHE,MAQUILA,2025-05
C003,110113,2025-05-31,58,14.5,0.0,0.0,0.0,6.0,1.5,93670.0,692.0,683.0,173.0,166.0,67.0,21.5,False,21.5,1.0833333333333333,32.5,19.846153846153847,2025-05-01,MaxiCompra Caribe,Grandes Superficies,Caribe,Costa Norte,Barranquilla,Supermercado,PARMESANO RALLADO ORO LECHE 250G,0.25,UND,TIPO PARMESANO,RALLADOS,QUESO PARMESANO,regular,ORO LECHE,MAQUILA,2025-05
C002,900104,2025-05-31,92,7.36,0.0,0.0,0.0,4.0,0.32,37710.0,659.0,693.0,52.72,54.919000000000004,58.0,5.160999999999994,False,5.160999999999994,0.3973333333333333,11.92,12.98909395973153,2025-05-01,SuperAhorro,Grandes Superficies,Antioquia,Valle de Aburrá,Medellín,Supermercado,CHORIZO TAJADO CASA IBERIA 80G,0.08,UND,CHORIZO,CHARCUTERIA,CARNES MADURADAS,regular,CASA IBERIA,IMPORTADO,2025-05
C017,900103,2025-05-31,3,0.24,0.0,0.0,0.0,0.0,0.0,0.0,78.0,77.0,6.0,6.0,4.0,0.2400000000000002,False,0.2400000000000002,0.034666666666666665,1.04,6.92307692307693,2025-05-01,RapiExpress,E-commerce,Centro,Bogotá y Sabana,Bogotá,Quick Commerce,JAMON SERRANO TAJADO CASA IBERIA 80G,0.08,UND,JAMON SERRANO,CHARCUTERIA,CARNES MADURADAS,regular,CASA IBERIA,IMPORTADO,2025-05
C013,110109,2025-05-31,13,1.95,0.0,0.0,0.0,2.0,0.3,34250.0,129.0,131.0,19.35,19.038,11.0,2.2620000000000005,False,2.2620000000000005,0.105,3.15,21.542857142857148,2025-05-01,La Mesa Premium,Tiendas Especializadas,Occidente,,Cali,Especialidad,IBERICO CUÑA MONTE AZUL 150G,0.15,UND,IBERICO,CUÑAS PREMIUM,QUESOS MADURADOS,regular,MONTE AZUL,IMPORTADO,2025-05
C014,110107,2025-05-31,58,7.25,0.0,0.0,0.0,2.0,0.0,26270.0,445.0,474.0,55.625,58.595,29.0,4.280000000000001,False,4.280000000000001,0.4166666666666667,12.5,10.272000000000002,2025-05-01,Plaza Hogar,Grandes Superficies,Occidente,Valle del Cauca,Cali,Hipermercado,CAMEMBERT CUÑA MONTE AZUL 125G,0.125,UND,CAMEMBERT,QUESOS BLANDOS,QUESOS MADURADOS,regular,MONTE AZUL,IMPORTADO,2025-05
C012,190101,2025-05-31,7,2.8,0.0,0.0,0.0,0.0,0.0,0.0,0.0,1.0,0.0,0.4,6.0,2.4,False,2.4,0.0,0.0,,2025-05-01,Delimarket Gourmet,Tiendas Especializadas,Centro,Bogotá y Sabana,Bogotá,Especialidad,TABLA APERITIVO NAVIDEÑA MONTE AZUL 400G,0.4,UND,MIXTO QUESOS,TEMPORADA,QUESOS MADURADOS,temporada,MONTE AZUL,IMPORTADO,2025-05
C005,120103,2025-05-31,132,26.4,0.0,0.0,0.0,13.0,2.6,121380.0,1591.0,1587.0,318.2,311.656,136.0,32.94399999999996,False,32.94399999999996,2.3,69.0,14.32347826086955,2025-05-01,PrecioListo,Hard Discount,Antioquia,Valle de Aburrá,Medellín,Discounter,QUESO CREMA CAMPOCLARO 200G,0.2,UND,CREMAS,UNTABLES,QUESOS FRESCOS,regular,CAMPOCLARO,NACIONAL,2025-05
C017,300101,2025-05-31,6,1.38,0.0,0.0,0.0,1.0,0.23,9660.0,87.0,89.0,20.009999999999998,20.470000000000002,4.0,0.9199999999999946,False,0.9199999999999946,0.161,4.83,5.714285714285681,2025-05-01,RapiExpress,E-commerce,Centro,Bogotá y Sabana,Bogotá,Quick Commerce,JAMON DE CERDO FINAS LONCHAS SIERRA CARNES 230G,0.23,UND,JAMON CERDO,LONCHAS,CARNES FRIAS,regular,SIERRA CARNES,NACIONAL,2025-05
C017,900102,2025-05-31,6,0.48,0.0,0.0,0.0,0.0,0.0,0.0,70.0,72.0,5.36,5.759,4.0,0.08099999999999952,False,0.08099999999999952,0.036899999999999995,1.1069999999999998,2.1951219512194995,2025-05-01,RapiExpress,E-commerce,Centro,Bogotá y Sabana,Bogotá,Quick Commerce,PEPPERONI TAJADO CASA IBERIA 80G,0.08,UND,PEPPERONI,CHARCUTERIA,CARNES MADURADAS,regular,CASA IBERIA,IMPORTADO,2025-05
C014,110102,2025-05-31,74,11.1,0.0,0.0,0.0,6.0,0.9,86590.0,532.0,549.0,73.5,82.038,57.0,2.5619999999999976,False,2.5619999999999976,0.53,15.9,4.833962264150939,2025-05-01,Plaza Hogar,Grandes Superficies,Occidente,Valle del Cauca,Cali,Hipermercado,HOLANDES TAJADO LOMA DORADA 150G,0.15,UND,HOLANDES,QUESOS TAJADOS PREMIUM,QUESOS MADURADOS,regular,LOMA DORADA,IMPORTADO,2025-05
C001,110112,2025-05-31,239,23.9,0.0,0.0,0.0,24.0,2.4,167440.0,1779.0,1844.0,177.9,183.024,174.0,18.77600000000001,False,18.77600000000001,1.3833333333333333,41.5,13.573012048192778,2025-05-01,HiperMax Nacional,Grandes Superficies,Centro,Bogotá y Sabana,Bogotá,Hipermercado,PARMESANO RALLADO ORO LECHE 100G,0.1,UND,TIPO PARMESANO,RALLADOS,QUESO PARMESANO,regular,ORO LECHE,MAQUILA,2025-05
C003,900101,2025-05-31,53,4.24,0.0,0.0,0.0,4.0,0.32,40960.0,511.0,517.0,40.88,40.701,47.0,4.419000000000004,False,4.419000000000004,0.24266666666666667,7.28,18.21016483516485,2025-05-01,MaxiCompra Caribe,Grandes Superficies,Caribe,Costa Norte,Barranquilla,Supermercado,SALAMI TAJADO CASA IBERIA 80G,0.08,UND,SALAMI,CHARCUTERIA,CARNES MADURADAS,regular,CASA IBERIA,IMPORTADO,2025-05
C016,110114,2025-05-31,55,13.75,0.0,0.0,0.0,8.0,2.0,193620.0,542.0,552.0,135.5,136.75,45.0,12.5,False,12.5,0.9666666666666667,29.0,12.931034482758621,2025-05-01,Canasta Familiar,Grandes Superficies,Santanderes,Bucaramanga Metropolitana,Bucaramanga,Supermercado,GOUDA NATURAL CUÑA LOMA DORADA 250G,0.25,UND,GOUDA NATURAL,CUÑAS,QUESOS MADURADOS,regular,LOMA DORADA,IMPORTADO,2025-05
C001,130103,2025-05-31,158,45.504,0.0,0.0,0.0,10.0,2.88,82840.0,1412.0,1450.0,406.65599999999995,404.352,120.0,47.80799999999999,False,47.80799999999999,2.8512,85.536,16.767676767676765,2025-05-01,HiperMax Nacional,Grandes Superficies,Centro,Bogotá y Sabana,Bogotá,Hipermercado,LONCHAS AMERICANAS DELILAT 288G,0.288,UND,CHEDDAR ANALOGO,LONCHITAS,QUESOS ANALOGOS,regular,DELILAT,MAQUILA,2025-05
C002,130103,2025-05-31,124,35.712,0.0,0.0,0.0,10.0,2.88,80360.0,1088.0,1162.0,313.344,326.638,50.0,22.418000000000006,False,22.418000000000006,2.2175999999999996,66.52799999999999,10.10912698412699,2025-05-01,SuperAhorro,Grandes Superficies,Antioquia,Valle de Aburrá,Medellín,Supermercado,LONCHAS AMERICANAS DELILAT 288G,0.288,UND,CHEDDAR ANALOGO,LONCHITAS,QUESOS ANALOGOS,regular,DELILAT,MAQUILA,2025-05
C014,120104,2025-05-31,96,19.2,0.0,0.0,0.0,1.0,0.2,7910.0,760.0,821.0,152.0,164.248,35.0,6.951999999999998,False,6.951999999999998,1.1,33.0,6.319999999999998,2025-05-01,Plaza Hogar,Grandes Superficies,Occidente,Valle del Cauca,Cali,Hipermercado,MOZZARELLA LIGHT CAMPOCLARO 200G,0.2,UND,MOZZARELLA,QUESOS TAJADOS,QUESOS FRESCOS,regular,CAMPOCLARO,NACIONAL,2025-05
C002,300102,2025-05-31,97,22.31,0.0,0.0,0.0,11.0,2.53,104670.0,685.0,754.0,157.55,171.57999999999998,28.0,8.28000000000003,False,8.28000000000003,1.2343333333333333,37.03,6.708074534161515,2025-05-01,SuperAhorro,Grandes Superficies,Antioquia,Valle de Aburrá,Medellín,Supermercado,JAMON DE PAVO FINAS LONCHAS SIERRA CARNES 230G,0.23,UND,JAMON PAVO,LONCHAS,CARNES FRIAS,regular,SIERRA CARNES,NACIONAL,2025-05
C014,900101,2025-05-31,67,0.0,0.0,0.0,0.0,2.0,0.16,20170.0,627.0,658.0,45.36,52.426,36.0,-7.0660000000000025,True,0.0,0.33686666666666665,10.106,0.0,2025-05-01,Plaza Hogar,Grandes Superficies,Occidente,Valle del Cauca,Cali,Hipermercado,SALAMI TAJADO CASA IBERIA 80G,0.08,UND,SALAMI,CHARCUTERIA,CARNES MADURADAS,regular,CASA IBERIA,IMPORTADO,2025-05
C013,900101,2025-05-31,19,1.52,0.0,0.0,0.0,1.0,0.08,10880.0,122.0,123.0,9.76,9.834,18.0,1.4459999999999997,False,1.4459999999999997,0.06133333333333333,1.8399999999999999,23.576086956521735,2025-05-01,La Mesa Premium,Tiendas Especializadas,Occidente,,Cali,Especialidad,SALAMI TAJADO CASA IBERIA 80G,0.08,UND,SALAMI,CHARCUTERIA,CARNES MADURADAS,regular,CASA IBERIA,IMPORTADO,2025-05
C002,110101,2025-05-31,73,10.95,0.0,0.0,0.0,1.0,0.15,14710.0,557.0,596.0,84.18,85.8,34.0,9.330000000000013,False,9.330000000000013,0.565,16.95,16.51327433628321,2025-05-01,SuperAhorro,Grandes Superficies,Antioquia,Valle de Aburrá,Medellín,Supermercado,GOUDA AHUMADO TAJADO LOMA DORADA 150G,0.15,UND,GOUDA AHUMADO,QUESOS TAJADOS PREMIUM,QUESOS MADURADOS,regular,LOMA DORADA,IMPORTADO,2025-05
C006,130101,2025-05-31,242,36.3,0.0,0.0,0.0,24.0,3.6,125600.0,2800.0,2935.0,420.0,431.322,107.0,24.97800000000001,False,24.97800000000001,2.9200000000000004,87.60000000000001,8.554109589041097,2025-05-01,PuntoMenos Caribe,Hard Discount,Caribe,Costa Norte,Cartagena,Discounter,CHEDDAR ESTILO AMERICANO DELILAT 150G,0.15,UND,CHEDDAR ANALOGO,LONCHAS,QUESOS ANALOGOS,regular,DELILAT,MAQUILA,2025-05
C012,110105,2025-05-31,18,2.7,0.0,0.0,0.0,1.0,0.15,16130.0,140.0,142.0,21.0,21.012,16.0,2.687999999999999,False,2.687999999999999,0.15,4.5,17.919999999999995,2025-05-01,Delimarket Gourmet,Tiendas Especializadas,Centro,Bogotá y Sabana,Bogotá,Especialidad,PROVOLONE TAJADO LOMA DORADA 150G,0.15,UND,PROVOLONE,QUESOS TAJADOS PREMIUM,QUESOS MADURADOS,regular,LOMA DORADA,IMPORTADO,2025-05
C015,130101,2025-05-31,29,4.35,0.0,0.0,0.0,0.0,0.0,0.0,307.0,312.0,42.6,46.062,24.0,0.8880000000000052,False,0.8880000000000052,0.375,11.25,2.368000000000014,2025-05-01,Abarrotes Norte,Tradicional Modernizado,Caribe,Costa Norte,Barranquilla,Supermercado Regional,CHEDDAR ESTILO AMERICANO DELILAT 150G,0.15,UND,CHEDDAR ANALOGO,LONCHAS,QUESOS ANALOGOS,regular,DELILAT,MAQUILA,2025-05
C017,900101,2025-05-31,4,0.32,0.0,0.0,0.0,0.0,0.0,0.0,68.0,69.0,5.2,5.532,3.0,-0.011999999999999567,True,0.0,0.04286666666666667,1.286,0.0,2025-05-01,RapiExpress,E-commerce,Centro,Bogotá y Sabana,Bogotá,Quick Commerce,SALAMI TAJADO CASA IBERIA 80G,0.08,UND,SALAMI,CHARCUTERIA,CARNES MADURADAS,regular,CASA IBERIA,IMPORTADO,2025-05
C001,190102,2025-05-31,26,13.0,0.0,0.0,0.0,0.0,0.0,0.0,0.0,3.0,0.0,1.5,23.0,11.5,False,11.5,0.03333333333333333,1.0,345.0,2025-05-01,HiperMax Nacional,Grandes Superficies,Centro,Bogotá y Sabana,Bogotá,Hipermercado,DUO FESTIVO QUESOS Y CARNES 500G,0.5,UND,MIXTO QUESOS-CARNES,TEMPORADA,QUESOS MADURADOS,temporada,MONTE AZUL,MAQUILA,2025-05
C013,110108,2025-05-31,15,2.25,0.0,0.0,0.0,1.0,0.15,17520.0,142.0,142.0,21.3,20.562,15.0,2.9879999999999995,False,2.9879999999999995,0.11,3.3,27.16363636363636,2025-05-01,La Mesa Premium,Tiendas Especializadas,Occidente,,Cali,Especialidad,MANCHEGO CUÑA MONTE AZUL 150G,0.15,UND,MANCHEGO,CUÑAS PREMIUM,QUESOS MADURADOS,regular,MONTE AZUL,IMPORTADO,2025-05
C016,900101,2025-05-31,52,4.16,0.0,0.0,0.0,6.0,0.48,59490.0,510.0,529.0,37.44,42.32,33.0,-0.720000000000006,True,0.0,0.2693333333333333,8.08,0.0,2025-05-01,Canasta Familiar,Grandes Superficies,Santanderes,Bucaramanga Metropolitana,Bucaramanga,Supermercado,SALAMI TAJADO CASA IBERIA 80G,0.08,UND,SALAMI,CHARCUTERIA,CARNES MADURADAS,regular,CASA IBERIA,IMPORTADO,2025-05
C012,110115,2025-05-31,18,4.5,0.0,0.0,0.0,1.0,0.25,27170.0,155.0,158.0,36.4,38.27,15.0,2.6299999999999955,False,2.6299999999999955,0.29233333333333333,8.77,8.99657924743442,2025-05-01,Delimarket Gourmet,Tiendas Especializadas,Centro,Bogotá y Sabana,Bogotá,Especialidad,FETA CUBOS CASA SIERRA 250G,0.25,UND,FETA,ESPECIALES,QUESOS MADURADOS,regular,CASA SIERRA,IMPORTADO,2025-05
C001,110101,2025-05-31,97,14.55,0.0,0.0,0.0,8.0,1.2,115280.0,823.0,870.0,123.45,129.354,50.0,8.645999999999987,False,8.645999999999987,0.9,27.0,9.606666666666651,2025-05-01,HiperMax Nacional,Grandes Superficies,Centro,Bogotá y Sabana,Bogotá,Hipermercado,GOUDA AHUMADO TAJADO LOMA DORADA 150G,0.15,UND,GOUDA AHUMADO,QUESOS TAJADOS PREMIUM,QUESOS MADURADOS,regular,LOMA DORADA,IMPORTADO,2025-05
C003,110110,2025-05-31,39,14.04,0.0,0.0,0.0,3.0,1.08,101420.0,309.0,315.0,111.24,113.371,33.0,11.909000000000006,False,11.909000000000006,0.744,22.32,16.006720430107535,2025-05-01,MaxiCompra Caribe,Grandes Superficies,Caribe,Costa Norte,Barranquilla,Supermercado,MIX QUESOS PREMIUM MONTE AZUL 360G,0.36,UND,MIXTO QUESOS,MEZCLAS PREMIUM,QUESOS MADURADOS,regular,MONTE AZUL,IMPORTADO,2025-05
C005,120104,2025-05-31,145,29.0,0.0,0.0,0.0,15.0,3.0,107650.0,1599.0,1610.0,319.8,314.2,134.0,34.60000000000002,False,34.60000000000002,2.1066666666666665,63.199999999999996,16.424050632911406,2025-05-01,PrecioListo,Hard Discount,Antioquia,Valle de Aburrá,Medellín,Discounter,MOZZARELLA LIGHT CAMPOCLARO 200G,0.2,UND,MOZZARELLA,QUESOS TAJADOS,QUESOS FRESCOS,regular,CAMPOCLARO,NACIONAL,2025-05
C016,900104,2025-05-31,54,4.32,0.0,0.0,0.0,3.0,0.24,27960.0,568.0,572.0,45.44,44.573,50.0,5.186999999999998,False,5.186999999999998,0.2884333333333334,8.653,17.983358372818664,2025-05-01,Canasta Familiar,Grandes Superficies,Santanderes,Bucaramanga Metropolitana,Bucaramanga,Supermercado,CHORIZO TAJADO CASA IBERIA 80G,0.08,UND,CHORIZO,CHARCUTERIA,CARNES MADURADAS,regular,CASA IBERIA,IMPORTADO,2025-05
C002,110113,2025-05-31,61,15.25,0.0,0.0,0.0,4.0,1.0,62490.0,626.0,621.0,156.5,155.25,66.0,16.5,False,16.5,0.95,28.5,17.36842105263158,2025-05-01,SuperAhorro,Grandes Superficies,Antioquia,Valle de Aburrá,Medellín,Supermercado,PARMESANO RALLADO ORO LECHE 250G,0.25,UND,TIPO PARMESANO,RALLADOS,QUESO PARMESANO,regular,ORO LECHE,MAQUILA,2025-05
C012,110109,2025-05-31,14,2.1,0.0,0.0,0.0,1.0,0.15,16840.0,159.0,165.0,21.255,23.55,8.0,-0.19500000000000028,True,0.0,0.11999999999999998,3.5999999999999996,0.0,2025-05-01,Delimarket Gourmet,Tiendas Especializadas,Centro,Bogotá y Sabana,Bogotá,Especialidad,IBERICO CUÑA MONTE AZUL 150G,0.15,UND,IBERICO,CUÑAS PREMIUM,QUESOS MADURADOS,regular,MONTE AZUL,IMPORTADO,2025-05
C001,110102,2025-05-31,87,13.05,0.0,0.0,0.0,9.0,1.35,131460.0,877.0,912.0,131.55,133.416,52.0,11.184000000000026,False,11.184000000000026,0.9222,27.666,12.127521145087861,2025-05-01,HiperMax Nacional,Grandes Superficies,Centro,Bogotá y Sabana,Bogotá,Hipermercado,HOLANDES TAJADO LOMA DORADA 150G,0.15,UND,HOLANDES,QUESOS TAJADOS PREMIUM,QUESOS MADURADOS,regular,LOMA DORADA,IMPORTADO,2025-05
C018,300102,2025-05-31,96,22.08,0.0,0.0,0.0,9.0,2.07,77210.0,1129.0,1179.0,259.67,268.962,46.0,12.788000000000011,False,12.788000000000011,1.794,53.82,7.128205128205134,2025-05-01,Cadena Uno,Hard Discount,Occidente,Valle del Cauca,Cali,Discounter,JAMON DE PAVO FINAS LONCHAS SIERRA CARNES 230G,0.23,UND,JAMON PAVO,LONCHAS,CARNES FRIAS,regular,SIERRA CARNES,NACIONAL,2025-05
C013,190103,2025-05-31,5,3.0,0.0,0.0,0.0,0.0,0.0,0.0,0.0,2.0,0.0,1.2,3.0,1.8,False,1.8,0.04,1.2,45.0,2025-05-01,La Mesa Premium,Tiendas Especializadas,Occidente,,Cali,Especialidad,RACLETTE CELEBRACION LOMA DORADA 600G,0.6,UND,MIXTO QUESOS,TEMPORADA,QUESOS MADURADOS,temporada,LOMA DORADA,IMPORTADO,2025-05
C004,130103,2025-05-31,336,96.768,0.0,0.0,0.0,21.0,6.048,158800.0,3347.0,3389.0,963.936,962.611,294.0,98.09299999999996,False,98.09299999999996,6.8351999999999995,205.05599999999998,14.351152855805239,2025-05-01,Descuento Ya,Hard Discount,Centro,Bogotá y Sabana,Bogotá,Discounter,LONCHAS AMERICANAS DELILAT 288G,0.288,UND,CHEDDAR ANALOGO,LONCHITAS,QUESOS ANALOGOS,regular,DELILAT,MAQUILA,2025-05
C017,120103,2025-05-31,6,1.2,0.0,0.0,0.0,0.0,0.0,0.0,92.0,94.0,18.4,18.416,4.0,1.1839999999999975,False,1.1839999999999975,0.11333333333333334,3.4000000000000004,10.447058823529389,2025-05-01,RapiExpress,E-commerce,Centro,Bogotá y Sabana,Bogotá,Quick Commerce,QUESO CREMA CAMPOCLARO 200G,0.2,UND,CREMAS,UNTABLES,QUESOS FRESCOS,regular,CAMPOCLARO,NACIONAL,2025-05
C003,120104,2025-05-31,86,17.2,0.0,0.0,0.0,7.0,1.4,56140.0,706.0,717.0,131.6,140.656,75.0,8.143999999999977,False,8.143999999999977,1.0466666666666666,31.400000000000002,7.780891719745202,2025-05-01,MaxiCompra Caribe,Grandes Superficies,Caribe,Costa Norte,Barranquilla,Supermercado,MOZZARELLA LIGHT CAMPOCLARO 200G,0.2,UND,MOZZARELLA,QUESOS TAJADOS,QUESOS FRESCOS,regular,CAMPOCLARO,NACIONAL,2025-05
C004,120104,2025-05-31,177,35.4,0.0,0.0,0.0,13.0,2.6,96940.0,1925.0,2013.0,385.0,397.288,89.0,23.111999999999966,False,23.111999999999966,2.74,82.2,8.435036496350351,2025-05-01,Descuento Ya,Hard Discount,Centro,Bogotá y Sabana,Bogotá,Discounter,MOZZARELLA LIGHT CAMPOCLARO 200G,0.2,UND,MOZZARELLA,QUESOS TAJADOS,QUESOS FRESCOS,regular,CAMPOCLARO,NACIONAL,2025-05
C012,190102,2025-05-31,7,3.5,0.0,0.0,0.0,0.0,0.0,0.0,0.0,1.0,0.0,0.5,6.0,3.0,False,3.0,0.0,0.0,,2025-05-01,Delimarket Gourmet,Tiendas Especializadas,Centro,Bogotá y Sabana,Bogotá,Especialidad,DUO FESTIVO QUESOS Y CARNES 500G,0.5,UND,MIXTO QUESOS-CARNES,TEMPORADA,QUESOS MADURADOS,temporada,MONTE AZUL,MAQUILA,2025-05
C003,900103,2025-05-31,54,4.32,0.0,0.0,0.0,6.0,0.48,64990.0,501.0,523.0,36.64,41.821,32.0,-0.8609999999999971,True,0.0,0.312,9.36,0.0,2025-05-01,MaxiCompra Caribe,Grandes Superficies,Caribe,Costa Norte,Barranquilla,Supermercado,JAMON SERRANO TAJADO CASA IBERIA 80G,0.08,UND,JAMON SERRANO,CHARCUTERIA,CARNES MADURADAS,regular,CASA IBERIA,IMPORTADO,2025-05
C001,120103,2025-05-31,113,22.6,0.0,0.0,0.0,8.0,1.6,79870.0,1108.0,1101.0,202.4,215.112,120.0,9.888000000000005,False,9.888000000000005,1.3066666666666669,39.2,7.567346938775513,2025-05-01,HiperMax Nacional,Grandes Superficies,Centro,Bogotá y Sabana,Bogotá,Hipermercado,QUESO CREMA CAMPOCLARO 200G,0.2,UND,CREMAS,UNTABLES,QUESOS FRESCOS,regular,CAMPOCLARO,NACIONAL,2025-05
C002,110115,2025-05-31,68,17.0,0.0,0.0,0.0,4.0,1.0,101890.0,579.0,598.0,144.75,144.12,49.0,17.629999999999995,False,17.629999999999995,1.1873333333333334,35.62,14.84839977540707,2025-05-01,SuperAhorro,Grandes Superficies,Antioquia,Valle de Aburrá,Medellín,Supermercado,FETA CUBOS CASA SIERRA 250G,0.25,UND,FETA,ESPECIALES,QUESOS MADURADOS,regular,CASA SIERRA,IMPORTADO,2025-05
C002,110112,2025-05-31,158,15.8,0.0,0.0,0.0,8.0,0.8,55930.0,1216.0,1293.0,121.60000000000001,128.6,81.0,8.800000000000011,False,8.800000000000011,0.8733333333333334,26.200000000000003,10.076335877862608,2025-05-01,SuperAhorro,Grandes Superficies,Antioquia,Valle de Aburrá,Medellín,Supermercado,PARMESANO RALLADO ORO LECHE 100G,0.1,UND,TIPO PARMESANO,RALLADOS,QUESO PARMESANO,regular,ORO LECHE,MAQUILA,2025-05
C004,130104,2025-05-31,245,36.75,0.0,0.0,0.0,17.0,2.55,93440.0,2447.0,2472.0,339.6,364.926,220.0,11.424000000000035,False,11.424000000000035,2.4099999999999997,72.3,4.740248962655617,2025-05-01,Descuento Ya,Hard Discount,Centro,Bogotá y Sabana,Bogotá,Discounter,PIZZA MIX RALLADO DELILAT 150G,0.15,UND,MIXTO QUESOS,RALLADOS,QUESOS ANALOGOS,regular,DELILAT,MAQUILA,2025-05
C014,110110,2025-05-31,33,11.88,0.0,0.0,0.0,1.0,0.36,34280.0,280.0,297.0,100.8,104.4,16.0,8.279999999999987,False,8.279999999999987,0.6240000000000001,18.720000000000002,13.269230769230745,2025-05-01,Plaza Hogar,Grandes Superficies,Occidente,Valle del Cauca,Cali,Hipermercado,MIX QUESOS PREMIUM MONTE AZUL 360G,0.36,UND,MIXTO QUESOS,MEZCLAS PREMIUM,QUESOS MADURADOS,regular,MONTE AZUL,IMPORTADO,2025-05
C003,130101,2025-05-31,98,14.7,0.0,0.0,0.0,12.0,1.8,67420.0,1175.0,1158.0,176.25,171.756,115.0,19.19399999999999,False,19.19399999999999,1.1686,35.058,16.42478179017627,2025-05-01,MaxiCompra Caribe,Grandes Superficies,Caribe,Costa Norte,Barranquilla,Supermercado,CHEDDAR ESTILO AMERICANO DELILAT 150G,0.15,UND,CHEDDAR ANALOGO,LONCHAS,QUESOS ANALOGOS,regular,DELILAT,MAQUILA,2025-05
C017,120101,2025-05-31,6,1.5,0.0,0.0,0.0,3.0,0.75,32640.0,105.0,106.0,24.5,26.5,5.0,-0.5,True,0.0,0.2076666666666667,6.23,0.0,2025-05-01,RapiExpress,E-commerce,Centro,Bogotá y Sabana,Bogotá,Quick Commerce,MOZZARELLA TAJADA CAMPOCLARO 250G,0.25,UND,MOZZARELLA,QUESOS TAJADOS,QUESOS FRESCOS,regular,CAMPOCLARO,NACIONAL,2025-05
C013,110107,2025-05-31,12,1.5,0.0,0.0,0.0,0.0,0.0,0.0,97.0,99.0,12.125,12.375,10.0,1.25,False,1.25,0.10416666666666667,3.125,12.0,2025-05-01,La Mesa Premium,Tiendas Especializadas,Occidente,,Cali,Especialidad,CAMEMBERT CUÑA MONTE AZUL 125G,0.125,UND,CAMEMBERT,QUESOS BLANDOS,QUESOS MADURADOS,regular,MONTE AZUL,IMPORTADO,2025-05
C006,120104,2025-05-31,92,18.4,0.0,0.0,0.0,6.0,1.2,44160.0,1237.0,1222.0,247.4,241.272,107.0,24.52800000000002,False,24.52800000000002,1.6098666666666666,48.296,15.236044392910399,2025-05-01,PuntoMenos Caribe,Hard Discount,Caribe,Costa Norte,Cartagena,Discounter,MOZZARELLA LIGHT CAMPOCLARO 200G,0.2,UND,MOZZARELLA,QUESOS TAJADOS,QUESOS FRESCOS,regular,CAMPOCLARO,NACIONAL,2025-05
C001,190103,2025-05-31,29,17.4,0.0,0.0,0.0,0.0,0.0,0.0,0.0,2.0,0.0,1.2,27.0,16.2,False,16.2,0.0,0.0,,2025-05-01,HiperMax Nacional,Grandes Superficies,Centro,Bogotá y Sabana,Bogotá,Hipermercado,RACLETTE CELEBRACION LOMA DORADA 600G,0.6,UND,MIXTO QUESOS,TEMPORADA,QUESOS MADURADOS,temporada,LOMA DORADA,IMPORTADO,2025-05
C016,300102,2025-05-31,55,12.65,0.0,0.0,0.0,6.0,1.38,57140.0,515.0,534.0,118.45,121.44,36.0,9.659999999999997,False,9.659999999999997,0.7973333333333332,23.919999999999998,12.115384615384613,2025-05-01,Canasta Familiar,Grandes Superficies,Santanderes,Bucaramanga Metropolitana,Bucaramanga,Supermercado,JAMON DE PAVO FINAS LONCHAS SIERRA CARNES 230G,0.23,UND,JAMON PAVO,LONCHAS,CARNES FRIAS,regular,SIERRA CARNES,NACIONAL,2025-05
C016,110113,2025-05-31,46,11.5,0.0,0.0,0.0,1.0,0.25,15440.0,486.0,486.0,111.25,120.11,46.0,2.6400000000000006,False,2.6400000000000006,0.8186666666666667,24.56,3.2247557003257334,2025-05-01,Canasta Familiar,Grandes Superficies,Santanderes,Bucaramanga Metropolitana,Bucaramanga,Supermercado,PARMESANO RALLADO ORO LECHE 250G,0.25,UND,TIPO PARMESANO,RALLADOS,QUESO PARMESANO,regular,ORO LECHE,MAQUILA,2025-05
C003,110102,2025-05-31,54,8.1,0.0,0.0,0.0,7.0,1.05,100490.0,527.0,530.0,79.05,78.54599999999999,51.0,8.604,False,8.604,0.5349999999999999,16.049999999999997,16.082242990654205,2025-05-01,MaxiCompra Caribe,Grandes Superficies,Caribe,Costa Norte,Barranquilla,Supermercado,HOLANDES TAJADO LOMA DORADA 150G,0.15,UND,HOLANDES,QUESOS TAJADOS PREMIUM,QUESOS MADURADOS,regular,LOMA DORADA,IMPORTADO,2025-05
C016,900103,2025-05-31,66,5.28,0.0,0.0,0.0,3.0,0.24,33240.0,482.0,509.0,35.12,40.160000000000004,39.0,0.23999999999999488,False,0.23999999999999488,0.3013333333333333,9.04,0.7964601769911336,2025-05-01,Canasta Familiar,Grandes Superficies,Santanderes,Bucaramanga Metropolitana,Bucaramanga,Supermercado,JAMON SERRANO TAJADO CASA IBERIA 80G,0.08,UND,JAMON SERRANO,CHARCUTERIA,CARNES MADURADAS,regular,CASA IBERIA,IMPORTADO,2025-05
C014,110105,2025-05-31,60,9.0,0.0,0.0,0.0,6.0,0.9,89090.0,535.0,555.0,80.25,82.212,40.0,7.037999999999997,False,7.037999999999997,0.6,18.0,11.729999999999995,2025-05-01,Plaza Hogar,Grandes Superficies,Occidente,Valle del Cauca,Cali,Hipermercado,PROVOLONE TAJADO LOMA DORADA 150G,0.15,UND,PROVOLONE,QUESOS TAJADOS PREMIUM,QUESOS MADURADOS,regular,LOMA DORADA,IMPORTADO,2025-05
C015,900101,2025-05-31,15,1.2,0.0,0.0,0.0,1.0,0.08,9680.0,139.0,145.0,11.12,11.6,9.0,0.7199999999999989,False,0.7199999999999989,0.08533333333333333,2.56,8.437499999999988,2025-05-01,Abarrotes Norte,Tradicional Modernizado,Caribe,Costa Norte,Barranquilla,Supermercado Regional,SALAMI TAJADO CASA IBERIA 80G,0.08,UND,SALAMI,CHARCUTERIA,CARNES MADURADAS,regular,CASA IBERIA,IMPORTADO,2025-05
C001,190101,2025-05-31,25,10.0,0.0,0.0,0.0,0.0,0.0,0.0,0.0,8.0,0.0,3.2,17.0,6.8,False,6.8,0.013333333333333334,0.4,509.99999999999994,2025-05-01,HiperMax Nacional,Grandes Superficies,Centro,Bogotá y Sabana,Bogotá,Hipermercado,TABLA APERITIVO NAVIDEÑA MONTE AZUL 400G,0.4,UND,MIXTO QUESOS,TEMPORADA,QUESOS MADURADOS,temporada,MONTE AZUL,IMPORTADO,2025-05
C013,110105,2025-05-31,17,2.55,0.0,0.0,0.0,1.0,0.15,16160.0,93.0,99.0,13.95,14.85,11.0,1.6500000000000004,False,1.6500000000000004,0.095,2.85,17.368421052631582,2025-05-01,La Mesa Premium,Tiendas Especializadas,Occidente,,Cali,Especialidad,PROVOLONE TAJADO LOMA DORADA 150G,0.15,UND,PROVOLONE,QUESOS TAJADOS PREMIUM,QUESOS MADURADOS,regular,LOMA DORADA,IMPORTADO,2025-05
C005,110112,2025-05-31,205,20.5,0.0,0.0,0.0,26.0,2.6,163380.0,2040.0,2076.0,204.0,205.12,169.0,19.379999999999995,False,19.379999999999995,1.2800000000000002,38.400000000000006,15.140624999999993,2025-05-01,PrecioListo,Hard Discount,Antioquia,Valle de Aburrá,Medellín,Discounter,PARMESANO RALLADO ORO LECHE 100G,0.1,UND,TIPO PARMESANO,RALLADOS,QUESO PARMESANO,regular,ORO LECHE,MAQUILA,2025-05
C016,110101,2025-05-31,52,7.8,0.0,0.0,0.0,3.0,0.45,44830.0,456.0,458.0,68.4,68.19,50.0,8.010000000000005,False,8.010000000000005,0.49,14.7,16.346938775510214,2025-05-01,Canasta Familiar,Grandes Superficies,Santanderes,Bucaramanga Metropolitana,Bucaramanga,Supermercado,GOUDA AHUMADO TAJADO LOMA DORADA 150G,0.15,UND,GOUDA AHUMADO,QUESOS TAJADOS PREMIUM,QUESOS MADURADOS,regular,LOMA DORADA,IMPORTADO,2025-05
C016,190101,2025-05-31,16,6.4,0.0,0.0,0.0,0.0,0.0,0.0,0.0,2.0,0.0,0.8,14.0,5.6000000000000005,False,5.6000000000000005,0.0,0.0,,2025-05-01,Canasta Familiar,Grandes Superficies,Santanderes,Bucaramanga Metropolitana,Bucaramanga,Supermercado,TABLA APERITIVO NAVIDEÑA MONTE AZUL 400G,0.4,UND,MIXTO QUESOS,TEMPORADA,QUESOS MADURADOS,temporada,MONTE AZUL,IMPORTADO,2025-05
C017,110112,2025-05-31,7,0.7,0.0,0.0,0.0,0.0,0.0,0.0,101.0,104.0,10.1,10.0,4.0,0.7999999999999989,False,0.7999999999999989,0.05,1.5,15.999999999999979,2025-05-01,RapiExpress,E-commerce,Centro,Bogotá y Sabana,Bogotá,Quick Commerce,PARMESANO RALLADO ORO LECHE 100G,0.1,UND,TIPO PARMESANO,RALLADOS,QUESO PARMESANO,regular,ORO LECHE,MAQUILA,2025-05
C006,110112,2025-05-31,125,12.5,0.0,0.0,0.0,11.0,1.1,70510.0,1529.0,1520.0,152.9,151.904,134.0,13.49600000000001,False,13.49600000000001,0.9533333333333333,28.599999999999998,14.156643356643368,2025-05-01,PuntoMenos Caribe,Hard Discount,Caribe,Costa Norte,Cartagena,Discounter,PARMESANO RALLADO ORO LECHE 100G,0.1,UND,TIPO PARMESANO,RALLADOS,QUESO PARMESANO,regular,ORO LECHE,MAQUILA,2025-05
C014,900102,2025-05-31,76,6.08,0.0,0.0,0.0,4.0,0.32,39620.0,596.0,639.0,43.92,50.579,33.0,-0.5790000000000006,True,0.0,0.3311,9.933,0.0,2025-05-01,Plaza Hogar,Grandes Superficies,Occidente,Valle del Cauca,Cali,Hipermercado,PEPPERONI TAJADO CASA IBERIA 80G,0.08,UND,PEPPERONI,CHARCUTERIA,CARNES MADURADAS,regular,CASA IBERIA,IMPORTADO,2025-05
C015,120101,2025-05-31,35,8.75,0.0,0.0,0.0,1.0,0.25,10000.0,273.0,293.0,68.25,71.94,15.0,5.060000000000002,False,5.060000000000002,0.584,17.52,8.66438356164384,2025-05-01,Abarrotes Norte,Tradicional Modernizado,Caribe,Costa Norte,Barranquilla,Supermercado Regional,MOZZARELLA TAJADA CAMPOCLARO 250G,0.25,UND,MOZZARELLA,QUESOS TAJADOS,QUESOS FRESCOS,regular,CAMPOCLARO,NACIONAL,2025-05
C015,300101,2025-05-31,15,3.45,0.0,0.0,0.0,0.0,0.0,0.0,183.0,180.0,41.814,40.480000000000004,18.0,4.783999999999999,False,4.783999999999999,0.207,6.21,23.111111111111107,2025-05-01,Abarrotes Norte,Tradicional Modernizado,Caribe,Costa Norte,Barranquilla,Supermercado Regional,JAMON DE CERDO FINAS LONCHAS SIERRA CARNES 230G,0.23,UND,JAMON CERDO,LONCHAS,CARNES FRIAS,regular,SIERRA CARNES,NACIONAL,2025-05
C001,130101,2025-05-31,202,30.3,0.0,0.0,0.0,16.0,2.4,90280.0,1657.0,1692.0,250.56,250.656,167.0,30.204000000000008,False,30.204000000000008,1.78,53.4,16.968539325842702,2025-05-01,HiperMax Nacional,Grandes Superficies,Centro,Bogotá y Sabana,Bogotá,Hipermercado,CHEDDAR ESTILO AMERICANO DELILAT 150G,0.15,UND,CHEDDAR ANALOGO,LONCHAS,QUESOS ANALOGOS,regular,DELILAT,MAQUILA,2025-05
C016,120103,2025-05-31,73,14.6,0.0,0.0,0.0,6.0,1.2,61260.0,543.0,581.0,108.6,114.616,35.0,8.583999999999989,False,8.583999999999989,0.8549333333333333,25.648,10.040548970679962,2025-05-01,Canasta Familiar,Grandes Superficies,Santanderes,Bucaramanga Metropolitana,Bucaramanga,Supermercado,QUESO CREMA CAMPOCLARO 200G,0.2,UND,CREMAS,UNTABLES,QUESOS FRESCOS,regular,CAMPOCLARO,NACIONAL,2025-05
C012,110106,2025-05-31,15,1.875,0.0,0.0,0.0,1.0,0.125,14090.0,118.0,121.0,14.75,15.125,12.0,1.5,False,1.5,0.1,3.0,15.0,2025-05-01,Delimarket Gourmet,Tiendas Especializadas,Centro,Bogotá y Sabana,Bogotá,Especialidad,BRIE CUÑA MONTE AZUL 125G,0.125,UND,BRIE,QUESOS BLANDOS,QUESOS MADURADOS,regular,MONTE AZUL,IMPORTADO,2025-05
C002,190102,2025-05-31,22,11.0,0.0,0.0,0.0,0.0,0.0,0.0,0.0,1.0,0.0,0.5,21.0,10.5,False,10.5,0.0,0.0,,2025-05-01,SuperAhorro,Grandes Superficies,Antioquia,Valle de Aburrá,Medellín,Supermercado,DUO FESTIVO QUESOS Y CARNES 500G,0.5,UND,MIXTO QUESOS-CARNES,TEMPORADA,QUESOS MADURADOS,temporada,MONTE AZUL,MAQUILA,2025-05
C003,190103,2025-05-31,19,11.4,0.0,0.0,0.0,0.0,0.0,0.0,0.0,1.0,0.0,0.6,18.0,10.8,False,10.8,0.0,0.0,,2025-05-01,MaxiCompra Caribe,Grandes Superficies,Caribe,Costa Norte,Barranquilla,Supermercado,RACLETTE CELEBRACION LOMA DORADA 600G,0.6,UND,MIXTO QUESOS,TEMPORADA,QUESOS MADURADOS,temporada,LOMA DORADA,IMPORTADO,2025-05
C005,130104,2025-05-31,185,27.75,0.0,0.0,0.0,24.0,3.6,128860.0,2428.0,2509.0,364.2,373.65,104.0,18.30000000000001,False,18.30000000000001,2.625,78.75,6.971428571428576,2025-05-01,PrecioListo,Hard Discount,Antioquia,Valle de Aburrá,Medellín,Discounter,PIZZA MIX RALLADO DELILAT 150G,0.15,UND,MIXTO QUESOS,RALLADOS,QUESOS ANALOGOS,regular,DELILAT,MAQUILA,2025-05
C014,190103,2025-05-31,16,9.6,0.0,0.0,0.0,0.0,0.0,0.0,0.0,2.0,0.0,1.2,14.0,8.4,False,8.4,0.0,0.0,,2025-05-01,Plaza Hogar,Grandes Superficies,Occidente,Valle del Cauca,Cali,Hipermercado,RACLETTE CELEBRACION LOMA DORADA 600G,0.6,UND,MIXTO QUESOS,TEMPORADA,QUESOS MADURADOS,temporada,LOMA DORADA,IMPORTADO,2025-05
C018,120101,2025-05-31,174,43.5,0.0,0.0,0.0,12.0,3.0,108050.0,2030.0,2027.0,507.5,496.0,177.0,55.0,False,55.0,3.2416666666666667,97.25,16.966580976863753,2025-05-01,Cadena Uno,Hard Discount,Occidente,Valle del Cauca,Cali,Discounter,MOZZARELLA TAJADA CAMPOCLARO 250G,0.25,UND,MOZZARELLA,QUESOS TAJADOS,QUESOS FRESCOS,regular,CAMPOCLARO,NACIONAL,2025-05
C016,900102,2025-05-31,72,5.76,0.0,0.0,0.0,2.0,0.16,19990.0,554.0,560.0,44.32,44.141,66.0,5.939,False,5.939,0.31936666666666663,9.581,18.596179939463525,2025-05-01,Canasta Familiar,Grandes Superficies,Santanderes,Bucaramanga Metropolitana,Bucaramanga,Supermercado,PEPPERONI TAJADO CASA IBERIA 80G,0.08,UND,PEPPERONI,CHARCUTERIA,CARNES MADURADAS,regular,CASA IBERIA,IMPORTADO,2025-05
C001,900103,2025-05-31,112,8.96,0.0,0.0,0.0,5.0,0.4,54350.0,843.0,906.0,61.68,72.16,49.0,-1.519999999999996,True,0.0,0.49600000000000005,14.88,0.0,2025-05-01,HiperMax Nacional,Grandes Superficies,Centro,Bogotá y Sabana,Bogotá,Hipermercado,JAMON SERRANO TAJADO CASA IBERIA 80G,0.08,UND,JAMON SERRANO,CHARCUTERIA,CARNES MADURADAS,regular,CASA IBERIA,IMPORTADO,2025-05
C006,900102,2025-05-31,75,6.0,0.0,0.0,0.0,5.0,0.4,45180.0,671.0,700.0,50.4,55.28,46.0,1.1199999999999974,False,1.1199999999999974,0.35733333333333334,10.72,3.134328358208948,2025-05-01,PuntoMenos Caribe,Hard Discount,Caribe,Costa Norte,Cartagena,Discounter,PEPPERONI TAJADO CASA IBERIA 80G,0.08,UND,PEPPERONI,CHARCUTERIA,CARNES MADURADAS,regular,CASA IBERIA,IMPORTADO,2025-05
C014,110103,2025-05-31,64,9.6,0.0,0.0,0.0,4.0,0.6,58660.0,673.0,703.0,100.95,103.5,34.0,7.049999999999997,False,7.049999999999997,0.77,23.1,9.155844155844152,2025-05-01,Plaza Hogar,Grandes Superficies,Occidente,Valle del Cauca,Cali,Hipermercado,MUENSTER TAJADO LOMA DORADA 150G,0.15,UND,MUENSTER,QUESOS TAJADOS PREMIUM,QUESOS MADURADOS,regular,LOMA DORADA,IMPORTADO,2025-05
C002,120101,2025-05-31,116,29.0,0.0,0.0,0.0,15.0,3.75,153450.0,1258.0,1273.0,314.5,318.25,101.0,25.25,False,25.25,2.1666666666666665,65.0,11.653846153846155,2025-05-01,SuperAhorro,Grandes Superficies,Antioquia,Valle de Aburrá,Medellín,Supermercado,MOZZARELLA TAJADA CAMPOCLARO 250G,0.25,UND,MOZZARELLA,QUESOS TAJADOS,QUESOS FRESCOS,regular,CAMPOCLARO,NACIONAL,2025-05
C004,120103,2025-05-31,174,34.8,0.0,0.0,0.0,15.0,3.0,138710.0,2099.0,2165.0,419.8,433.144,108.0,21.456000000000017,False,21.456000000000017,2.8200000000000003,84.60000000000001,7.6085106382978775,2025-05-01,Descuento Ya,Hard Discount,Centro,Bogotá y Sabana,Bogotá,Discounter,QUESO CREMA CAMPOCLARO 200G,0.2,UND,CREMAS,UNTABLES,QUESOS FRESCOS,regular,CAMPOCLARO,NACIONAL,2025-05
C012,900102,2025-05-31,24,1.92,0.0,0.0,0.0,2.0,0.16,21680.0,157.0,178.0,12.56,14.24,3.0,0.2400000000000002,False,0.2400000000000002,0.112,3.36,2.1428571428571446,2025-05-01,Delimarket Gourmet,Tiendas Especializadas,Centro,Bogotá y Sabana,Bogotá,Especialidad,PEPPERONI TAJADO CASA IBERIA 80G,0.08,UND,PEPPERONI,CHARCUTERIA,CARNES MADURADAS,regular,CASA IBERIA,IMPORTADO,2025-05
C002,110114,2025-05-31,66,16.5,0.0,0.0,0.0,5.0,1.25,122670.0,508.0,519.0,127.0,128.77,55.0,14.72999999999999,False,14.72999999999999,0.9666666666666667,29.0,15.237931034482749,2025-05-01,SuperAhorro,Grandes Superficies,Antioquia,Valle de Aburrá,Medellín,Supermercado,GOUDA NATURAL CUÑA LOMA DORADA 250G,0.25,UND,GOUDA NATURAL,CUÑAS,QUESOS MADURADOS,regular,LOMA DORADA,IMPORTADO,2025-05
C005,110113,2025-05-31,105,26.25,0.0,0.0,0.0,5.0,1.25,71200.0,1198.0,1196.0,277.75,295.14,107.0,8.860000000000014,False,8.860000000000014,2.010666666666667,60.32,4.406498673740059,2025-05-01,PrecioListo,Hard Discount,Antioquia,Valle de Aburrá,Medellín,Discounter,PARMESANO RALLADO ORO LECHE 250G,0.25,UND,TIPO PARMESANO,RALLADOS,QUESO PARMESANO,regular,ORO LECHE,MAQUILA,2025-05
C013,110102,2025-05-31,19,2.85,0.0,0.0,0.0,2.0,0.3,32480.0,139.0,145.0,20.85,21.552,13.0,2.1480000000000032,False,2.1480000000000032,0.15,4.5,14.320000000000022,2025-05-01,La Mesa Premium,Tiendas Especializadas,Occidente,,Cali,Especialidad,HOLANDES TAJADO LOMA DORADA 150G,0.15,UND,HOLANDES,QUESOS TAJADOS PREMIUM,QUESOS MADURADOS,regular,LOMA DORADA,IMPORTADO,2025-05
C014,900103,2025-05-31,71,5.68,0.0,0.0,0.0,8.0,0.64,85450.0,598.0,643.0,47.84,50.838,26.0,2.682000000000002,False,2.682000000000002,0.3233,9.699,8.29570058768946,2025-05-01,Plaza Hogar,Grandes Superficies,Occidente,Valle del Cauca,Cali,Hipermercado,JAMON SERRANO TAJADO CASA IBERIA 80G,0.08,UND,JAMON SERRANO,CHARCUTERIA,CARNES MADURADAS,regular,CASA IBERIA,IMPORTADO,2025-05
C018,900102,2025-05-31,93,7.44,0.0,0.0,0.0,7.0,0.56,61750.0,997.0,1003.0,79.76,80.0,87.0,7.200000000000003,False,7.200000000000003,0.49600000000000005,14.88,14.51612903225807,2025-05-01,Cadena Uno,Hard Discount,Occidente,Valle del Cauca,Cali,Discounter,PEPPERONI TAJADO CASA IBERIA 80G,0.08,UND,PEPPERONI,CHARCUTERIA,CARNES MADURADAS,regular,CASA IBERIA,IMPORTADO,2025-05
C012,110114,2025-05-31,20,5.0,0.0,0.0,0.0,1.0,0.25,27270.0,126.0,137.0,31.5,33.56,9.0,2.9399999999999977,False,2.9399999999999977,0.26666666666666666,8.0,11.024999999999991,2025-05-01,Delimarket Gourmet,Tiendas Especializadas,Centro,Bogotá y Sabana,Bogotá,Especialidad,GOUDA NATURAL CUÑA LOMA DORADA 250G,0.25,UND,GOUDA NATURAL,CUÑAS,QUESOS MADURADOS,regular,LOMA DORADA,IMPORTADO,2025-05
C015,120103,2025-05-31,22,4.4,15.0,3.0,115840.0,3.0,0.6,30040.0,224.0,224.0,44.8,44.784,22.0,4.415999999999997,False,4.415999999999997,0.3,9.0,14.71999999999999,2025-05-01,Abarrotes Norte,Tradicional Modernizado,Caribe,Costa Norte,Barranquilla,Supermercado Regional,QUESO CREMA CAMPOCLARO 200G,0.2,UND,CREMAS,UNTABLES,QUESOS FRESCOS,regular,CAMPOCLARO,NACIONAL,2025-05
C014,110114,2025-05-31,74,18.5,0.0,0.0,0.0,3.0,0.75,74060.0,1132.0,1213.0,283.0,293.97,-7.0,7.529999999999973,False,7.529999999999973,1.2,36.0,6.274999999999977,2025-05-01,Plaza Hogar,Grandes Superficies,Occidente,Valle del Cauca,Cali,Hipermercado,GOUDA NATURAL CUÑA LOMA DORADA 250G,0.25,UND,GOUDA NATURAL,CUÑAS,QUESOS MADURADOS,regular,LOMA DORADA,IMPORTADO,2025-05
C017,130101,2025-05-31,6,0.9,0.0,0.0,0.0,1.0,0.15,6030.0,114.0,115.0,17.1,17.226,5.0,0.7740000000000009,False,0.7740000000000009,0.11499999999999999,3.4499999999999997,6.730434782608704,2025-05-01,RapiExpress,E-commerce,Centro,Bogotá y Sabana,Bogotá,Quick Commerce,CHEDDAR ESTILO AMERICANO DELILAT 150G,0.15,UND,CHEDDAR ANALOGO,LONCHAS,QUESOS ANALOGOS,regular,DELILAT,MAQUILA,2025-05
C016,110102,2025-05-31,56,8.4,0.0,0.0,0.0,5.0,0.75,72740.0,429.0,441.0,64.35,65.412,44.0,7.337999999999994,False,7.337999999999994,0.45499999999999996,13.649999999999999,16.127472527472516,2025-05-01,Canasta Familiar,Grandes Superficies,Santanderes,Bucaramanga Metropolitana,Bucaramanga,Supermercado,HOLANDES TAJADO LOMA DORADA 150G,0.15,UND,HOLANDES,QUESOS TAJADOS PREMIUM,QUESOS MADURADOS,regular,LOMA DORADA,IMPORTADO,2025-05
C003,110103,2025-05-31,72,10.8,0.0,0.0,0.0,7.0,1.05,99860.0,613.0,639.0,91.95,94.698,46.0,8.052000000000007,False,8.052000000000007,0.625,18.75,12.883200000000011,2025-05-01,MaxiCompra Caribe,Grandes Superficies,Caribe,Costa Norte,Barranquilla,Supermercado,MUENSTER TAJADO LOMA DORADA 150G,0.15,UND,MUENSTER,QUESOS TAJADOS PREMIUM,QUESOS MADURADOS,regular,LOMA DORADA,IMPORTADO,2025-05
C002,900102,2025-05-31,86,6.88,0.0,0.0,0.0,10.0,0.8,96000.0,1348.0,1460.0,107.84,115.572,-26.0,-0.8520000000000039,True,0.0,0.36800000000000005,11.040000000000001,0.0,2025-05-01,SuperAhorro,Grandes Superficies,Antioquia,Valle de Aburrá,Medellín,Supermercado,PEPPERONI TAJADO CASA IBERIA 80G,0.08,UND,PEPPERONI,CHARCUTERIA,CARNES MADURADAS,regular,CASA IBERIA,IMPORTADO,2025-05
C012,900103,2025-05-31,29,2.32,0.0,0.0,0.0,2.0,0.16,23800.0,256.0,276.0,19.184,21.92,9.0,-0.41600000000000037,True,0.0,0.17066666666666666,5.12,0.0,2025-05-01,Delimarket Gourmet,Tiendas Especializadas,Centro,Bogotá y Sabana,Bogotá,Especialidad,JAMON SERRANO TAJADO CASA IBERIA 80G,0.08,UND,JAMON SERRANO,CHARCUTERIA,CARNES MADURADAS,regular,CASA IBERIA,IMPORTADO,2025-05
C003,190101,2025-05-31,14,5.6,0.0,0.0,0.0,0.0,0.0,0.0,0.0,2.0,0.0,0.8,12.0,4.8,False,4.8,0.0,0.0,,2025-05-01,MaxiCompra Caribe,Grandes Superficies,Caribe,Costa Norte,Barranquilla,Supermercado,TABLA APERITIVO NAVIDEÑA MONTE AZUL 400G,0.4,UND,MIXTO QUESOS,TEMPORADA,QUESOS MADURADOS,temporada,MONTE AZUL,IMPORTADO,2025-05
C001,110104,2025-05-31,84,12.6,0.0,0.0,0.0,2.0,0.3,29290.0,905.0,917.0,134.76,135.15,72.0,12.20999999999998,False,12.20999999999998,0.9,27.0,13.566666666666643,2025-05-01,HiperMax Nacional,Grandes Superficies,Centro,Bogotá y Sabana,Bogotá,Hipermercado,COLBY JACK TAJADO LOMA DORADA 150G,0.15,UND,COLBY JACK,QUESOS TAJADOS PREMIUM,QUESOS MADURADOS,regular,LOMA DORADA,IMPORTADO,2025-05
C018,130103,2025-05-31,144,41.472,0.0,0.0,0.0,11.0,3.168,82130.0,2270.0,2228.0,653.76,634.164,186.0,61.067999999999984,False,61.067999999999984,4.1088,123.264,14.86273364485981,2025-05-01,Cadena Uno,Hard Discount,Occidente,Valle del Cauca,Cali,Discounter,LONCHAS AMERICANAS DELILAT 288G,0.288,UND,CHEDDAR ANALOGO,LONCHITAS,QUESOS ANALOGOS,regular,DELILAT,MAQUILA,2025-05
C002,110110,2025-05-31,31,11.16,0.0,0.0,0.0,2.0,0.72,68670.0,245.0,264.0,88.2,92.851,12.0,6.509,False,6.509,0.6230333333333334,18.691000000000003,10.447274089133806,2025-05-01,SuperAhorro,Grandes Superficies,Antioquia,Valle de Aburrá,Medellín,Supermercado,MIX QUESOS PREMIUM MONTE AZUL 360G,0.36,UND,MIXTO QUESOS,MEZCLAS PREMIUM,QUESOS MADURADOS,regular,MONTE AZUL,IMPORTADO,2025-05
C017,110113,2025-05-31,3,0.75,0.0,0.0,0.0,0.0,0.0,0.0,77.0,77.0,19.175,18.98,3.0,0.9450000000000003,False,0.9450000000000003,0.125,3.75,7.560000000000002,2025-05-01,RapiExpress,E-commerce,Centro,Bogotá y Sabana,Bogotá,Quick Commerce,PARMESANO RALLADO ORO LECHE 250G,0.25,UND,TIPO PARMESANO,RALLADOS,QUESO PARMESANO,regular,ORO LECHE,MAQUILA,2025-05
C018,120103,2025-05-31,112,22.4,0.0,0.0,0.0,4.0,0.8,36990.0,1472.0,1446.0,294.4,287.2,138.0,29.599999999999966,False,29.599999999999966,1.8599999999999999,55.8,15.913978494623638,2025-05-01,Cadena Uno,Hard Discount,Occidente,Valle del Cauca,Cali,Discounter,QUESO CREMA CAMPOCLARO 200G,0.2,UND,CREMAS,UNTABLES,QUESOS FRESCOS,regular,CAMPOCLARO,NACIONAL,2025-05
C002,110103,2025-05-31,59,8.85,0.0,0.0,0.0,3.0,0.45,44510.0,627.0,639.0,94.05,95.166,47.0,7.733999999999995,False,7.733999999999995,0.61,18.3,12.678688524590155,2025-05-01,SuperAhorro,Grandes Superficies,Antioquia,Valle de Aburrá,Medellín,Supermercado,MUENSTER TAJADO LOMA DORADA 150G,0.15,UND,MUENSTER,QUESOS TAJADOS PREMIUM,QUESOS MADURADOS,regular,LOMA DORADA,IMPORTADO,2025-05
C016,110110,2025-05-31,24,8.64,0.0,0.0,0.0,2.0,0.72,67290.0,201.0,212.0,72.36,75.96,13.0,5.040000000000006,False,5.040000000000006,0.528,15.84,9.545454545454557,2025-05-01,Canasta Familiar,Grandes Superficies,Santanderes,Bucaramanga Metropolitana,Bucaramanga,Supermercado,MIX QUESOS PREMIUM MONTE AZUL 360G,0.36,UND,MIXTO QUESOS,MEZCLAS PREMIUM,QUESOS MADURADOS,regular,MONTE AZUL,IMPORTADO,2025-05
C004,900102,2025-05-31,149,11.92,0.0,0.0,0.0,11.0,0.88,100010.0,1427.0,1454.0,102.16,110.985,122.0,3.094999999999999,False,3.094999999999999,0.7360000000000001,22.080000000000002,4.205163043478259,2025-05-01,Descuento Ya,Hard Discount,Centro,Bogotá y Sabana,Bogotá,Discounter,PEPPERONI TAJADO CASA IBERIA 80G,0.08,UND,PEPPERONI,CHARCUTERIA,CARNES MADURADAS,regular,CASA IBERIA,IMPORTADO,2025-05
C014,110115,2025-05-31,41,10.25,0.0,0.0,0.0,7.0,1.75,177600.0,443.0,464.0,110.75,114.14,20.0,6.859999999999999,False,6.859999999999999,0.8166666666666667,24.5,8.399999999999999,2025-05-01,Plaza Hogar,Grandes Superficies,Occidente,Valle del Cauca,Cali,Hipermercado,FETA CUBOS CASA SIERRA 250G,0.25,UND,FETA,ESPECIALES,QUESOS MADURADOS,regular,CASA SIERRA,IMPORTADO,2025-05
C001,110106,2025-05-31,71,8.875,0.0,0.0,0.0,8.0,1.0,101790.0,694.0,699.0,86.75,86.125,66.0,9.5,False,9.5,0.625,18.75,15.2,2025-05-01,HiperMax Nacional,Grandes Superficies,Centro,Bogotá y Sabana,Bogotá,Hipermercado,BRIE CUÑA MONTE AZUL 125G,0.125,UND,BRIE,QUESOS BLANDOS,QUESOS MADURADOS,regular,MONTE AZUL,IMPORTADO,2025-05
C002,130101,2025-05-31,104,15.6,0.0,0.0,0.0,11.0,1.65,61320.0,1155.0,1173.0,173.25,170.55,86.0,18.299999999999983,False,18.299999999999983,1.2950000000000002,38.85,14.131274131274116,2025-05-01,SuperAhorro,Grandes Superficies,Antioquia,Valle de Aburrá,Medellín,Supermercado,CHEDDAR ESTILO AMERICANO DELILAT 150G,0.15,UND,CHEDDAR ANALOGO,LONCHAS,QUESOS ANALOGOS,regular,DELILAT,MAQUILA,2025-05
C014,110104,2025-05-31,57,8.55,0.0,0.0,0.0,6.0,0.9,88710.0,697.0,685.0,104.55,100.662,69.0,12.437999999999988,False,12.437999999999988,0.735,22.05,16.92244897959182,2025-05-01,Plaza Hogar,Grandes Superficies,Occidente,Valle del Cauca,Cali,Hipermercado,COLBY JACK TAJADO LOMA DORADA 150G,0.15,UND,COLBY JACK,QUESOS TAJADOS PREMIUM,QUESOS MADURADOS,regular,LOMA DORADA,IMPORTADO,2025-05
C001,300102,2025-05-31,84,19.32,0.0,0.0,0.0,6.0,1.38,56330.0,949.0,936.0,203.09,213.136,97.0,9.274000000000001,False,9.274000000000001,1.4106666666666667,42.32,6.574196597353498,2025-05-01,HiperMax Nacional,Grandes Superficies,Centro,Bogotá y Sabana,Bogotá,Hipermercado,JAMON DE PAVO FINAS LONCHAS SIERRA CARNES 230G,0.23,UND,JAMON PAVO,LONCHAS,CARNES FRIAS,regular,SIERRA CARNES,NACIONAL,2025-05
C016,190102,2025-05-31,20,10.0,0.0,0.0,0.0,0.0,0.0,0.0,0.0,2.0,0.0,1.0,18.0,9.0,False,9.0,0.0,0.0,,2025-05-01,Canasta Familiar,Grandes Superficies,Santanderes,Bucaramanga Metropolitana,Bucaramanga,Supermercado,DUO FESTIVO QUESOS Y CARNES 500G,0.5,UND,MIXTO QUESOS-CARNES,TEMPORADA,QUESOS MADURADOS,temporada,MONTE AZUL,MAQUILA,2025-05
C013,190101,2025-05-31,4,1.6,0.0,0.0,0.0,0.0,0.0,0.0,0.0,3.0,0.0,1.2000000000000002,1.0,0.3999999999999999,False,0.3999999999999999,0.013333333333333334,0.4,29.999999999999993,2025-05-01,La Mesa Premium,Tiendas Especializadas,Occidente,,Cali,Especialidad,TABLA APERITIVO NAVIDEÑA MONTE AZUL 400G,0.4,UND,MIXTO QUESOS,TEMPORADA,QUESOS MADURADOS,temporada,MONTE AZUL,IMPORTADO,2025-05
C003,120103,2025-05-31,88,17.6,0.0,0.0,0.0,4.0,0.8,39500.0,713.0,743.0,142.6,146.4,58.0,13.799999999999983,False,13.799999999999983,1.0733333333333335,32.2,12.85714285714284,2025-05-01,MaxiCompra Caribe,Grandes Superficies,Caribe,Costa Norte,Barranquilla,Supermercado,QUESO CREMA CAMPOCLARO 200G,0.2,UND,CREMAS,UNTABLES,QUESOS FRESCOS,regular,CAMPOCLARO,NACIONAL,2025-05
C003,110115,2025-05-31,50,12.5,0.0,0.0,0.0,4.0,1.0,98870.0,541.0,547.0,135.25,136.04,44.0,11.710000000000008,False,11.710000000000008,1.0,30.0,11.710000000000008,2025-05-01,MaxiCompra Caribe,Grandes Superficies,Caribe,Costa Norte,Barranquilla,Supermercado,FETA CUBOS CASA SIERRA 250G,0.25,UND,FETA,ESPECIALES,QUESOS MADURADOS,regular,CASA SIERRA,IMPORTADO,2025-05
C013,110110,2025-05-31,10,3.6,0.0,0.0,0.0,0.0,0.0,0.0,70.0,71.0,23.400000000000002,24.48,9.0,2.520000000000003,False,2.520000000000003,0.18000000000000002,5.4,14.000000000000016,2025-05-01,La Mesa Premium,Tiendas Especializadas,Occidente,,Cali,Especialidad,MIX QUESOS PREMIUM MONTE AZUL 360G,0.36,UND,MIXTO QUESOS,MEZCLAS PREMIUM,QUESOS MADURADOS,regular,MONTE AZUL,IMPORTADO,2025-05
C002,900103,2025-05-31,58,4.64,0.0,0.0,0.0,4.0,0.32,42610.0,662.0,659.0,52.96,52.227000000000004,61.0,5.3729999999999976,False,5.3729999999999976,0.39466666666666667,11.84,13.614020270270265,2025-05-01,SuperAhorro,Grandes Superficies,Antioquia,Valle de Aburrá,Medellín,Supermercado,JAMON SERRANO TAJADO CASA IBERIA 80G,0.08,UND,JAMON SERRANO,CHARCUTERIA,CARNES MADURADAS,regular,CASA IBERIA,IMPORTADO,2025-05
C012,110108,2025-05-31,16,2.4,0.0,0.0,0.0,3.0,0.45,51020.0,142.0,145.0,21.3,21.599999999999998,13.0,2.1000000000000014,False,2.1000000000000014,0.185,5.55,11.35135135135136,2025-05-01,Delimarket Gourmet,Tiendas Especializadas,Centro,Bogotá y Sabana,Bogotá,Especialidad,MANCHEGO CUÑA MONTE AZUL 150G,0.15,UND,MANCHEGO,CUÑAS PREMIUM,QUESOS MADURADOS,regular,MONTE AZUL,IMPORTADO,2025-05
C013,900103,2025-05-31,18,1.44,0.0,0.0,0.0,1.0,0.08,12170.0,182.0,192.0,14.56,15.2,8.0,0.8000000000000007,False,0.8000000000000007,0.11466666666666667,3.44,6.976744186046518,2025-05-01,La Mesa Premium,Tiendas Especializadas,Occidente,,Cali,Especialidad,JAMON SERRANO TAJADO CASA IBERIA 80G,0.08,UND,JAMON SERRANO,CHARCUTERIA,CARNES MADURADAS,regular,CASA IBERIA,IMPORTADO,2025-05
C014,900104,2025-05-31,74,5.92,0.0,0.0,0.0,5.0,0.4,46140.0,705.0,708.0,55.896,55.053000000000004,71.0,6.762999999999998,False,6.762999999999998,0.36533333333333334,10.96,18.511861313868607,2025-05-01,Plaza Hogar,Grandes Superficies,Occidente,Valle del Cauca,Cali,Hipermercado,CHORIZO TAJADO CASA IBERIA 80G,0.08,UND,CHORIZO,CHARCUTERIA,CARNES MADURADAS,regular,CASA IBERIA,IMPORTADO,2025-05
C004,300102,2025-05-31,99,22.77,0.0,0.0,0.0,17.0,3.91,147630.0,1476.0,1500.0,339.48,336.26,75.0,25.99000000000001,False,25.99000000000001,2.3689999999999998,71.07,10.970873786407772,2025-05-01,Descuento Ya,Hard Discount,Centro,Bogotá y Sabana,Bogotá,Discounter,JAMON DE PAVO FINAS LONCHAS SIERRA CARNES 230G,0.23,UND,JAMON PAVO,LONCHAS,CARNES FRIAS,regular,SIERRA CARNES,NACIONAL,2025-05
C015,300102,2025-05-31,18,4.14,11.0,2.53,79870.0,2.0,0.46,18210.0,206.0,205.0,47.38,47.15,19.0,4.3700000000000045,False,4.3700000000000045,0.391,11.73,11.176470588235306,2025-05-01,Abarrotes Norte,Tradicional Modernizado,Caribe,Costa Norte,Barranquilla,Supermercado Regional,JAMON DE PAVO FINAS LONCHAS SIERRA CARNES 230G,0.23,UND,JAMON PAVO,LONCHAS,CARNES FRIAS,regular,SIERRA CARNES,NACIONAL,2025-05
C018,130104,2025-05-31,188,28.2,0.0,0.0,0.0,10.0,1.5,55040.0,1823.0,1885.0,273.45,276.306,126.0,25.343999999999994,False,25.343999999999994,1.95,58.5,12.996923076923075,2025-05-01,Cadena Uno,Hard Discount,Occidente,Valle del Cauca,Cali,Discounter,PIZZA MIX RALLADO DELILAT 150G,0.15,UND,MIXTO QUESOS,RALLADOS,QUESOS ANALOGOS,regular,DELILAT,MAQUILA,2025-05
C004,120101,2025-05-31,269,67.25,0.0,0.0,0.0,23.0,5.75,208180.0,2874.0,2886.0,718.5,710.19,257.0,75.55999999999995,False,75.55999999999995,5.264666666666667,157.94,14.352285678105599,2025-05-01,Descuento Ya,Hard Discount,Centro,Bogotá y Sabana,Bogotá,Discounter,MOZZARELLA TAJADA CAMPOCLARO 250G,0.25,UND,MOZZARELLA,QUESOS TAJADOS,QUESOS FRESCOS,regular,CAMPOCLARO,NACIONAL,2025-05
C014,110113,2025-05-31,68,17.0,0.0,0.0,0.0,4.0,1.0,63540.0,575.0,606.0,143.75,149.42,37.0,11.330000000000013,False,11.330000000000013,1.175,35.25,9.642553191489371,2025-05-01,Plaza Hogar,Grandes Superficies,Occidente,Valle del Cauca,Cali,Hipermercado,PARMESANO RALLADO ORO LECHE 250G,0.25,UND,TIPO PARMESANO,RALLADOS,QUESO PARMESANO,regular,ORO LECHE,MAQUILA,2025-05
C001,110103,2025-05-31,102,15.3,0.0,0.0,0.0,8.0,1.2,115490.0,883.0,896.0,132.45,134.34,89.0,13.409999999999997,False,13.409999999999997,0.9,27.0,14.899999999999995,2025-05-01,HiperMax Nacional,Grandes Superficies,Centro,Bogotá y Sabana,Bogotá,Hipermercado,MUENSTER TAJADO LOMA DORADA 150G,0.15,UND,MUENSTER,QUESOS TAJADOS PREMIUM,QUESOS MADURADOS,regular,LOMA DORADA,IMPORTADO,2025-05
C003,300101,2025-05-31,69,15.87,0.0,0.0,0.0,5.0,1.15,44380.0,839.0,828.0,192.97,185.38,80.0,23.460000000000008,False,23.460000000000008,1.2113333333333332,36.339999999999996,19.367088607594948,2025-05-01,MaxiCompra Caribe,Grandes Superficies,Caribe,Costa Norte,Barranquilla,Supermercado,JAMON DE CERDO FINAS LONCHAS SIERRA CARNES 230G,0.23,UND,JAMON CERDO,LONCHAS,CARNES FRIAS,regular,SIERRA CARNES,NACIONAL,2025-05
C006,110113,2025-05-31,95,23.75,0.0,0.0,0.0,8.0,2.0,115830.0,870.0,888.0,217.5,219.27,77.0,21.97999999999999,False,21.97999999999999,1.375,41.25,15.985454545454537,2025-05-01,PuntoMenos Caribe,Hard Discount,Caribe,Costa Norte,Cartagena,Discounter,PARMESANO RALLADO ORO LECHE 250G,0.25,UND,TIPO PARMESANO,RALLADOS,QUESO PARMESANO,regular,ORO LECHE,MAQUILA,2025-05
C014,130103,2025-05-31,91,26.208,0.0,0.0,0.0,11.0,3.168,89150.0,1093.0,1092.0,314.784,304.566,92.0,36.42599999999999,False,36.42599999999999,2.1312,63.936,17.091779279279272,2025-05-01,Plaza Hogar,Grandes Superficies,Occidente,Valle del Cauca,Cali,Hipermercado,LONCHAS AMERICANAS DELILAT 288G,0.288,UND,CHEDDAR ANALOGO,LONCHITAS,QUESOS ANALOGOS,regular,DELILAT,MAQUILA,2025-05
C002,300101,2025-05-31,76,17.48,0.0,0.0,0.0,5.0,1.15,44610.0,770.0,774.0,177.1,175.665,72.0,18.914999999999992,False,18.914999999999992,1.081,32.43,17.497687326549485,2025-05-01,SuperAhorro,Grandes Superficies,Antioquia,Valle de Aburrá,Medellín,Supermercado,JAMON DE CERDO FINAS LONCHAS SIERRA CARNES 230G,0.23,UND,JAMON CERDO,LONCHAS,CARNES FRIAS,regular,SIERRA CARNES,NACIONAL,2025-05
C002,110112,2025-06-30,158,15.8,0.0,0.0,0.0,1.0,0.1,6890.0,1490.0,1549.0,149.0,154.2,99.0,10.600000000000023,False,10.600000000000023,0.8533333333333333,25.599999999999998,12.421875000000027,2025-06-01,SuperAhorro,Grandes Superficies,Antioquia,Valle de Aburrá,Medellín,Supermercado,PARMESANO RALLADO ORO LECHE 100G,0.1,UND,TIPO PARMESANO,RALLADOS,QUESO PARMESANO,regular,ORO LECHE,MAQUILA,2025-06
C005,900102,2025-06-30,101,8.08,0.0,0.0,0.0,4.0,0.32,35460.0,1282.0,1336.0,103.256,104.96000000000001,47.0,6.375999999999991,False,6.375999999999991,0.5440000000000002,16.320000000000004,11.720588235294096,2025-06-01,PrecioListo,Hard Discount,Antioquia,Valle de Aburrá,Medellín,Discounter,PEPPERONI TAJADO CASA IBERIA 80G,0.08,UND,PEPPERONI,CHARCUTERIA,CARNES MADURADAS,regular,CASA IBERIA,IMPORTADO,2025-06
C013,900104,2025-06-30,21,1.68,0.0,0.0,0.0,0.0,0.0,0.0,158.0,161.0,12.64,12.806000000000001,18.0,1.5139999999999993,False,1.5139999999999993,0.06153333333333333,1.8459999999999999,24.60455037919826,2025-06-01,La Mesa Premium,Tiendas Especializadas,Occidente,,Cali,Especialidad,CHORIZO TAJADO CASA IBERIA 80G,0.08,UND,CHORIZO,CHARCUTERIA,CARNES MADURADAS,regular,CASA IBERIA,IMPORTADO,2025-06
C014,110102,2025-06-30,74,11.1,48.0,7.2,535860.0,6.0,0.9,86970.0,664.0,669.0,87.6,100.038,69.0,-1.338000000000008,True,0.0,0.6,18.0,0.0,2025-06-01,Plaza Hogar,Grandes Superficies,Occidente,Valle del Cauca,Cali,Hipermercado,HOLANDES TAJADO LOMA DORADA 150G,0.15,UND,HOLANDES,QUESOS TAJADOS PREMIUM,QUESOS MADURADOS,regular,LOMA DORADA,IMPORTADO,2025-06
C001,110104,2025-06-30,84,12.6,0.0,0.0,0.0,7.0,1.05,101640.0,1102.0,1109.0,164.31,164.046,77.0,12.864000000000004,False,12.864000000000004,0.9632000000000001,28.896,13.355481727574755,2025-06-01,HiperMax Nacional,Grandes Superficies,Centro,Bogotá y Sabana,Bogotá,Hipermercado,COLBY JACK TAJADO LOMA DORADA 150G,0.15,UND,COLBY JACK,QUESOS TAJADOS PREMIUM,QUESOS MADURADOS,regular,LOMA DORADA,IMPORTADO,2025-06
C017,110112,2025-06-30,7,0.7,7.0,0.7,37750.0,1.0,0.1,7200.0,118.0,118.0,11.8,11.4,7.0,1.0999999999999996,False,1.0999999999999996,0.04666666666666667,1.4000000000000001,23.571428571428562,2025-06-01,RapiExpress,E-commerce,Centro,Bogotá y Sabana,Bogotá,Quick Commerce,PARMESANO RALLADO ORO LECHE 100G,0.1,UND,TIPO PARMESANO,RALLADOS,QUESO PARMESANO,regular,ORO LECHE,MAQUILA,2025-06
C015,900102,2025-06-30,12,0.96,0.0,0.0,0.0,1.0,0.08,9360.0,145.0,150.0,11.120000000000001,11.92,7.0,0.16000000000000192,False,0.16000000000000192,0.07733333333333334,2.3200000000000003,2.068965517241404,2025-06-01,Abarrotes Norte,Tradicional Modernizado,Caribe,Costa Norte,Barranquilla,Supermercado Regional,PEPPERONI TAJADO CASA IBERIA 80G,0.08,UND,PEPPERONI,CHARCUTERIA,CARNES MADURADAS,regular,CASA IBERIA,IMPORTADO,2025-06
C014,110112,2025-06-30,98,9.8,85.0,8.5,435390.0,8.0,0.8,54810.0,1343.0,1310.0,135.24,129.756,131.0,15.28400000000002,False,15.28400000000002,0.6921333333333333,20.764,22.082450394914307,2025-06-01,Plaza Hogar,Grandes Superficies,Occidente,Valle del Cauca,Cali,Hipermercado,PARMESANO RALLADO ORO LECHE 100G,0.1,UND,TIPO PARMESANO,RALLADOS,QUESO PARMESANO,regular,ORO LECHE,MAQUILA,2025-06
C018,120101,2025-06-30,174,43.5,0.0,0.0,0.0,19.0,4.75,172070.0,2303.0,2430.0,575.75,593.25,47.0,26.0,False,26.0,3.2416666666666667,97.25,8.020565552699228,2025-06-01,Cadena Uno,Hard Discount,Occidente,Valle del Cauca,Cali,Discounter,MOZZARELLA TAJADA CAMPOCLARO 250G,0.25,UND,MOZZARELLA,QUESOS TAJADOS,QUESOS FRESCOS,regular,CAMPOCLARO,NACIONAL,2025-06
C012,110108,2025-06-30,16,2.4,0.0,0.0,0.0,1.0,0.15,16950.0,163.0,173.0,24.45,25.65,6.0,1.1999999999999993,False,1.1999999999999993,0.13499999999999998,4.05,8.888888888888886,2025-06-01,Delimarket Gourmet,Tiendas Especializadas,Centro,Bogotá y Sabana,Bogotá,Especialidad,MANCHEGO CUÑA MONTE AZUL 150G,0.15,UND,MANCHEGO,CUÑAS PREMIUM,QUESOS MADURADOS,regular,MONTE AZUL,IMPORTADO,2025-06
C004,130103,2025-06-30,336,96.768,0.0,0.0,0.0,30.0,8.64,226790.0,3959.0,4114.0,1140.192,1171.411,181.0,65.54899999999998,False,65.54899999999998,6.96,208.8,9.417959770114939,2025-06-01,Descuento Ya,Hard Discount,Centro,Bogotá y Sabana,Bogotá,Discounter,LONCHAS AMERICANAS DELILAT 288G,0.288,UND,CHEDDAR ANALOGO,LONCHITAS,QUESOS ANALOGOS,regular,DELILAT,MAQUILA,2025-06
C013,110105,2025-06-30,17,2.55,0.0,0.0,0.0,1.0,0.15,16390.0,129.0,135.0,19.35,20.238,11.0,1.6620000000000026,False,1.6620000000000026,0.1796,5.388,9.253897550111372,2025-06-01,La Mesa Premium,Tiendas Especializadas,Occidente,,Cali,Especialidad,PROVOLONE TAJADO LOMA DORADA 150G,0.15,UND,PROVOLONE,QUESOS TAJADOS PREMIUM,QUESOS MADURADOS,regular,LOMA DORADA,IMPORTADO,2025-06
C001,130103,2025-06-30,158,45.504,0.0,0.0,0.0,12.0,3.456,96510.0,1747.0,1775.0,503.13599999999997,497.952,130.0,50.68799999999999,False,50.68799999999999,3.1199999999999997,93.6,16.246153846153845,2025-06-01,HiperMax Nacional,Grandes Superficies,Centro,Bogotá y Sabana,Bogotá,Hipermercado,LONCHAS AMERICANAS DELILAT 288G,0.288,UND,CHEDDAR ANALOGO,LONCHITAS,QUESOS ANALOGOS,regular,DELILAT,MAQUILA,2025-06
C015,300101,2025-06-30,15,3.45,0.0,0.0,0.0,6.0,1.38,51640.0,225.0,230.0,51.474,51.962,10.0,2.961999999999996,False,2.961999999999996,0.3827333333333333,11.482,7.739069848458447,2025-06-01,Abarrotes Norte,Tradicional Modernizado,Caribe,Costa Norte,Barranquilla,Supermercado Regional,JAMON DE CERDO FINAS LONCHAS SIERRA CARNES 230G,0.23,UND,JAMON CERDO,LONCHAS,CARNES FRIAS,regular,SIERRA CARNES,NACIONAL,2025-06
C016,130103,2025-06-30,88,25.344,0.0,0.0,0.0,5.0,1.44,40790.0,914.0,924.0,263.232,263.45099999999996,78.0,25.125000000000057,False,25.125000000000057,1.3152000000000001,39.456,19.103558394160626,2025-06-01,Canasta Familiar,Grandes Superficies,Santanderes,Bucaramanga Metropolitana,Bucaramanga,Supermercado,LONCHAS AMERICANAS DELILAT 288G,0.288,UND,CHEDDAR ANALOGO,LONCHITAS,QUESOS ANALOGOS,regular,DELILAT,MAQUILA,2025-06
C004,120101,2025-06-30,269,67.25,0.0,0.0,0.0,24.0,6.0,217370.0,3293.0,3476.0,823.25,857.69,86.0,32.809999999999945,False,32.809999999999945,4.916666666666667,147.5,6.67322033898304,2025-06-01,Descuento Ya,Hard Discount,Centro,Bogotá y Sabana,Bogotá,Discounter,MOZZARELLA TAJADA CAMPOCLARO 250G,0.25,UND,MOZZARELLA,QUESOS TAJADOS,QUESOS FRESCOS,regular,CAMPOCLARO,NACIONAL,2025-06
C001,300102,2025-06-30,84,19.32,82.0,18.86,599990.0,8.0,0.0,77050.0,1162.0,1137.0,252.07999999999998,253.61599999999999,109.0,17.783999999999992,False,17.783999999999992,1.3493333333333333,40.48,13.179841897233196,2025-06-01,HiperMax Nacional,Grandes Superficies,Centro,Bogotá y Sabana,Bogotá,Hipermercado,JAMON DE PAVO FINAS LONCHAS SIERRA CARNES 230G,0.23,UND,JAMON PAVO,LONCHAS,CARNES FRIAS,regular,SIERRA CARNES,NACIONAL,2025-06
C012,110109,2025-06-30,14,2.1,0.0,0.0,0.0,1.0,0.15,17000.0,181.0,191.0,24.555,27.45,4.0,-0.7949999999999982,True,0.0,0.13,3.9,0.0,2025-06-01,Delimarket Gourmet,Tiendas Especializadas,Centro,Bogotá y Sabana,Bogotá,Especialidad,IBERICO CUÑA MONTE AZUL 150G,0.15,UND,IBERICO,CUÑAS PREMIUM,QUESOS MADURADOS,regular,MONTE AZUL,IMPORTADO,2025-06
C014,110105,2025-06-30,60,9.0,44.0,6.6,475740.0,1.0,0.15,14460.0,674.0,668.0,101.1,98.862,66.0,11.238,False,11.238,0.555,16.650000000000002,20.248648648648647,2025-06-01,Plaza Hogar,Grandes Superficies,Occidente,Valle del Cauca,Cali,Hipermercado,PROVOLONE TAJADO LOMA DORADA 150G,0.15,UND,PROVOLONE,QUESOS TAJADOS PREMIUM,QUESOS MADURADOS,regular,LOMA DORADA,IMPORTADO,2025-06
C013,190101,2025-06-30,4,1.6,0.0,0.0,0.0,0.0,0.0,0.0,0.0,4.0,0.0,1.6,0.0,0.0,False,0.0,0.013333333333333334,0.4,0.0,2025-06-01,La Mesa Premium,Tiendas Especializadas,Occidente,,Cali,Especialidad,TABLA APERITIVO NAVIDEÑA MONTE AZUL 400G,0.4,UND,MIXTO QUESOS,TEMPORADA,QUESOS MADURADOS,temporada,MONTE AZUL,IMPORTADO,2025-06
C003,130101,2025-06-30,98,14.7,85.0,12.75,368540.0,4.0,0.6,23060.0,1423.0,1386.0,213.45,205.056,135.0,23.093999999999966,False,23.093999999999966,1.11,33.300000000000004,20.805405405405374,2025-06-01,MaxiCompra Caribe,Grandes Superficies,Caribe,Costa Norte,Barranquilla,Supermercado,CHEDDAR ESTILO AMERICANO DELILAT 150G,0.15,UND,CHEDDAR ANALOGO,LONCHAS,QUESOS ANALOGOS,regular,DELILAT,MAQUILA,2025-06
C005,120101,2025-06-30,240,60.0,0.0,0.0,0.0,17.0,4.25,156440.0,2786.0,2885.0,699.75,706.8,141.0,52.950000000000045,False,52.950000000000045,4.075,122.25,12.993865030674858,2025-06-01,PrecioListo,Hard Discount,Antioquia,Valle de Aburrá,Medellín,Discounter,MOZZARELLA TAJADA CAMPOCLARO 250G,0.25,UND,MOZZARELLA,QUESOS TAJADOS,QUESOS FRESCOS,regular,CAMPOCLARO,NACIONAL,2025-06
C013,110102,2025-06-30,19,2.85,0.0,0.0,0.0,1.0,0.15,15740.0,169.0,180.0,25.35,26.802,8.0,1.3980000000000032,False,1.3980000000000032,0.175,5.25,7.988571428571448,2025-06-01,La Mesa Premium,Tiendas Especializadas,Occidente,,Cali,Especialidad,HOLANDES TAJADO LOMA DORADA 150G,0.15,UND,HOLANDES,QUESOS TAJADOS PREMIUM,QUESOS MADURADOS,regular,LOMA DORADA,IMPORTADO,2025-06
C001,130101,2025-06-30,202,30.3,0.0,0.0,0.0,10.0,1.5,55630.0,1954.0,2013.0,295.11,298.806,143.0,26.604000000000042,False,26.604000000000042,1.605,48.15,16.575700934579466,2025-06-01,HiperMax Nacional,Grandes Superficies,Centro,Bogotá y Sabana,Bogotá,Hipermercado,CHEDDAR ESTILO AMERICANO DELILAT 150G,0.15,UND,CHEDDAR ANALOGO,LONCHAS,QUESOS ANALOGOS,regular,DELILAT,MAQUILA,2025-06
C014,110104,2025-06-30,57,8.55,0.0,0.0,0.0,2.0,0.0,29640.0,799.0,803.0,119.85,117.438,53.0,10.962000000000003,False,10.962000000000003,0.5592,16.776,19.603004291845497,2025-06-01,Plaza Hogar,Grandes Superficies,Occidente,Valle del Cauca,Cali,Hipermercado,COLBY JACK TAJADO LOMA DORADA 150G,0.15,UND,COLBY JACK,QUESOS TAJADOS PREMIUM,QUESOS MADURADOS,regular,LOMA DORADA,IMPORTADO,2025-06
C002,300102,2025-06-30,97,22.31,64.0,14.72,463150.0,3.0,0.69,29120.0,894.0,896.0,205.62,203.32,95.0,24.610000000000014,False,24.610000000000014,1.058,31.74,23.2608695652174,2025-06-01,SuperAhorro,Grandes Superficies,Antioquia,Valle de Aburrá,Medellín,Supermercado,JAMON DE PAVO FINAS LONCHAS SIERRA CARNES 230G,0.23,UND,JAMON PAVO,LONCHAS,CARNES FRIAS,regular,SIERRA CARNES,NACIONAL,2025-06
C012,900103,2025-06-30,29,2.32,0.0,0.0,0.0,1.0,0.08,11980.0,314.0,336.0,23.824,26.48,7.0,-0.3359999999999985,True,0.0,0.152,4.56,0.0,2025-06-01,Delimarket Gourmet,Tiendas Especializadas,Centro,Bogotá y Sabana,Bogotá,Especialidad,JAMON SERRANO TAJADO CASA IBERIA 80G,0.08,UND,JAMON SERRANO,CHARCUTERIA,CARNES MADURADAS,regular,CASA IBERIA,IMPORTADO,2025-06
C017,300101,2025-06-30,6,1.38,5.0,1.15,34080.0,0.0,0.0,0.0,119.0,119.0,27.369999999999997,27.14,6.0,1.6099999999999959,False,1.6099999999999959,0.22233333333333333,6.67,7.24137931034481,2025-06-01,RapiExpress,E-commerce,Centro,Bogotá y Sabana,Bogotá,Quick Commerce,JAMON DE CERDO FINAS LONCHAS SIERRA CARNES 230G,0.23,UND,JAMON CERDO,LONCHAS,CARNES FRIAS,regular,SIERRA CARNES,NACIONAL,2025-06
C005,120104,2025-06-30,145,29.0,0.0,0.0,0.0,12.0,2.4,88420.0,1910.0,1930.0,382.0,378.2,125.0,32.80000000000001,False,32.80000000000001,2.1333333333333333,64.0,15.375000000000005,2025-06-01,PrecioListo,Hard Discount,Antioquia,Valle de Aburrá,Medellín,Discounter,MOZZARELLA LIGHT CAMPOCLARO 200G,0.2,UND,MOZZARELLA,QUESOS TAJADOS,QUESOS FRESCOS,regular,CAMPOCLARO,NACIONAL,2025-06
C002,110110,2025-06-30,31,11.16,0.0,0.0,0.0,2.0,0.72,67620.0,317.0,323.0,114.12,114.091,25.0,11.189000000000007,False,11.189000000000007,0.708,21.24,15.803672316384192,2025-06-01,SuperAhorro,Grandes Superficies,Antioquia,Valle de Aburrá,Medellín,Supermercado,MIX QUESOS PREMIUM MONTE AZUL 360G,0.36,UND,MIXTO QUESOS,MEZCLAS PREMIUM,QUESOS MADURADOS,regular,MONTE AZUL,IMPORTADO,2025-06
C016,110115,2025-06-30,46,11.5,0.0,0.0,0.0,3.0,0.75,74060.0,482.0,493.0,120.5,123.17,35.0,8.829999999999998,False,8.829999999999998,0.6833333333333333,20.5,12.921951219512191,2025-06-01,Canasta Familiar,Grandes Superficies,Santanderes,Bucaramanga Metropolitana,Bucaramanga,Supermercado,FETA CUBOS CASA SIERRA 250G,0.25,UND,FETA,ESPECIALES,QUESOS MADURADOS,regular,CASA SIERRA,IMPORTADO,2025-06
C017,120103,2025-06-30,6,1.2,0.0,0.0,0.0,0.0,0.0,0.0,106.0,108.0,21.2,21.232,4.0,1.1679999999999993,False,1.1679999999999993,0.09386666666666668,2.8160000000000003,12.443181818181808,2025-06-01,RapiExpress,E-commerce,Centro,Bogotá y Sabana,Bogotá,Quick Commerce,QUESO CREMA CAMPOCLARO 200G,0.2,UND,CREMAS,UNTABLES,QUESOS FRESCOS,regular,CAMPOCLARO,NACIONAL,2025-06
C006,900102,2025-06-30,75,6.0,0.0,0.0,0.0,4.0,0.32,35910.0,848.0,866.0,64.56,68.08,57.0,2.480000000000004,False,2.480000000000004,0.4266666666666667,12.8,5.812500000000009,2025-06-01,PuntoMenos Caribe,Hard Discount,Caribe,Costa Norte,Cartagena,Discounter,PEPPERONI TAJADO CASA IBERIA 80G,0.08,UND,PEPPERONI,CHARCUTERIA,CARNES MADURADAS,regular,CASA IBERIA,IMPORTADO,2025-06
C002,120103,2025-06-30,97,19.4,0.0,0.0,0.0,9.0,1.8,89160.0,1091.0,1100.0,202.4,216.2,88.0,5.600000000000023,False,5.600000000000023,1.1600000000000001,34.800000000000004,4.827586206896571,2025-06-01,SuperAhorro,Grandes Superficies,Antioquia,Valle de Aburrá,Medellín,Supermercado,QUESO CREMA CAMPOCLARO 200G,0.2,UND,CREMAS,UNTABLES,QUESOS FRESCOS,regular,CAMPOCLARO,NACIONAL,2025-06
C018,120103,2025-06-30,112,22.4,0.0,0.0,0.0,12.0,2.4,108420.0,1682.0,1741.0,336.4,344.4,53.0,14.399999999999977,False,14.399999999999977,1.9066666666666667,57.2,7.55244755244754,2025-06-01,Cadena Uno,Hard Discount,Occidente,Valle del Cauca,Cali,Discounter,QUESO CREMA CAMPOCLARO 200G,0.2,UND,CREMAS,UNTABLES,QUESOS FRESCOS,regular,CAMPOCLARO,NACIONAL,2025-06
C001,110106,2025-06-30,71,8.875,62.0,7.75,613510.0,7.0,0.875,89190.0,880.0,869.0,110.0,107.375,82.0,11.5,False,11.5,0.7083333333333334,21.25,16.235294117647058,2025-06-01,HiperMax Nacional,Grandes Superficies,Centro,Bogotá y Sabana,Bogotá,Hipermercado,BRIE CUÑA MONTE AZUL 125G,0.125,UND,BRIE,QUESOS BLANDOS,QUESOS MADURADOS,regular,MONTE AZUL,IMPORTADO,2025-06
C012,900102,2025-06-30,24,1.92,0.0,0.0,0.0,1.0,0.08,10630.0,203.0,220.0,16.240000000000002,17.44,7.0,0.7200000000000024,False,0.7200000000000024,0.10666666666666667,3.2,6.750000000000022,2025-06-01,Delimarket Gourmet,Tiendas Especializadas,Centro,Bogotá y Sabana,Bogotá,Especialidad,PEPPERONI TAJADO CASA IBERIA 80G,0.08,UND,PEPPERONI,CHARCUTERIA,CARNES MADURADAS,regular,CASA IBERIA,IMPORTADO,2025-06
C017,120101,2025-06-30,6,1.5,5.0,1.25,38180.0,0.0,0.0,0.0,131.0,129.0,31.0,32.25,8.0,0.25,False,0.25,0.19166666666666668,5.75,1.3043478260869565,2025-06-01,RapiExpress,E-commerce,Centro,Bogotá y Sabana,Bogotá,Quick Commerce,MOZZARELLA TAJADA CAMPOCLARO 250G,0.25,UND,MOZZARELLA,QUESOS TAJADOS,QUESOS FRESCOS,regular,CAMPOCLARO,NACIONAL,2025-06
C014,110115,2025-06-30,41,10.25,40.0,10.0,753880.0,4.0,1.0,102180.0,563.0,549.0,140.75,135.51,55.0,15.490000000000009,False,15.490000000000009,0.7123333333333334,21.37,21.74543752924662,2025-06-01,Plaza Hogar,Grandes Superficies,Occidente,Valle del Cauca,Cali,Hipermercado,FETA CUBOS CASA SIERRA 250G,0.25,UND,FETA,ESPECIALES,QUESOS MADURADOS,regular,CASA SIERRA,IMPORTADO,2025-06
C004,120103,2025-06-30,174,34.8,0.0,0.0,0.0,18.0,3.6,166960.0,2557.0,2609.0,511.4,521.944,122.0,24.255999999999972,False,24.255999999999972,2.96,88.8,8.194594594594586,2025-06-01,Descuento Ya,Hard Discount,Centro,Bogotá y Sabana,Bogotá,Discounter,QUESO CREMA CAMPOCLARO 200G,0.2,UND,CREMAS,UNTABLES,QUESOS FRESCOS,regular,CAMPOCLARO,NACIONAL,2025-06
C002,300101,2025-06-30,76,17.48,0.0,0.0,0.0,4.0,0.92,36450.0,915.0,932.0,210.45,212.005,59.0,15.924999999999983,False,15.924999999999983,1.2113333333333334,36.34,13.146670335718202,2025-06-01,SuperAhorro,Grandes Superficies,Antioquia,Valle de Aburrá,Medellín,Supermercado,JAMON DE CERDO FINAS LONCHAS SIERRA CARNES 230G,0.23,UND,JAMON CERDO,LONCHAS,CARNES FRIAS,regular,SIERRA CARNES,NACIONAL,2025-06
C014,110106,2025-06-30,51,6.375,41.0,5.125,401230.0,6.0,0.75,78690.0,637.0,627.0,79.625,77.905,61.0,8.094999999999999,False,8.094999999999999,0.4,12.0,20.237499999999997,2025-06-01,Plaza Hogar,Grandes Superficies,Occidente,Valle del Cauca,Cali,Hipermercado,BRIE CUÑA MONTE AZUL 125G,0.125,UND,BRIE,QUESOS BLANDOS,QUESOS MADURADOS,regular,MONTE AZUL,IMPORTADO,2025-06
C014,190102,2025-06-30,26,13.0,0.0,0.0,0.0,1.0,0.5,29910.0,0.0,6.0,0.0,3.0,20.0,10.0,False,10.0,0.016666666666666666,0.5,600.0,2025-06-01,Plaza Hogar,Grandes Superficies,Occidente,Valle del Cauca,Cali,Hipermercado,DUO FESTIVO QUESOS Y CARNES 500G,0.5,UND,MIXTO QUESOS-CARNES,TEMPORADA,QUESOS MADURADOS,temporada,MONTE AZUL,MAQUILA,2025-06
C014,120103,2025-06-30,87,17.4,0.0,0.0,0.0,9.0,1.8,91500.0,1036.0,1067.0,208.54,206.704,56.0,19.23599999999999,False,19.23599999999999,1.1600000000000001,34.800000000000004,16.582758620689646,2025-06-01,Plaza Hogar,Grandes Superficies,Occidente,Valle del Cauca,Cali,Hipermercado,QUESO CREMA CAMPOCLARO 200G,0.2,UND,CREMAS,UNTABLES,QUESOS FRESCOS,regular,CAMPOCLARO,NACIONAL,2025-06
C016,110113,2025-06-30,46,11.5,51.0,12.75,608650.0,5.0,1.25,77470.0,617.0,604.0,144.0,149.61,59.0,5.889999999999986,False,5.889999999999986,0.9833333333333333,29.5,5.989830508474562,2025-06-01,Canasta Familiar,Grandes Superficies,Santanderes,Bucaramanga Metropolitana,Bucaramanga,Supermercado,PARMESANO RALLADO ORO LECHE 250G,0.25,UND,TIPO PARMESANO,RALLADOS,QUESO PARMESANO,regular,ORO LECHE,MAQUILA,2025-06
C012,190103,2025-06-30,5,3.0,0.0,0.0,0.0,0.0,0.0,0.0,0.0,1.0,0.0,0.6,4.0,2.4,False,2.4,0.0,0.0,,2025-06-01,Delimarket Gourmet,Tiendas Especializadas,Centro,Bogotá y Sabana,Bogotá,Especialidad,RACLETTE CELEBRACION LOMA DORADA 600G,0.6,UND,MIXTO QUESOS,TEMPORADA,QUESOS MADURADOS,temporada,LOMA DORADA,IMPORTADO,2025-06
C002,110101,2025-06-30,73,10.95,0.0,0.0,0.0,1.0,0.15,14340.0,682.0,706.0,102.93,102.0,49.0,11.88000000000001,False,11.88000000000001,0.5399999999999999,16.2,22.00000000000002,2025-06-01,SuperAhorro,Grandes Superficies,Antioquia,Valle de Aburrá,Medellín,Supermercado,GOUDA AHUMADO TAJADO LOMA DORADA 150G,0.15,UND,GOUDA AHUMADO,QUESOS TAJADOS PREMIUM,QUESOS MADURADOS,regular,LOMA DORADA,IMPORTADO,2025-06
C016,110114,2025-06-30,55,13.75,43.0,10.75,782580.0,0.0,0.0,0.0,665.0,657.0,157.25,162.25,63.0,8.75,False,8.75,0.85,25.5,10.294117647058824,2025-06-01,Canasta Familiar,Grandes Superficies,Santanderes,Bucaramanga Metropolitana,Bucaramanga,Supermercado,GOUDA NATURAL CUÑA LOMA DORADA 250G,0.25,UND,GOUDA NATURAL,CUÑAS,QUESOS MADURADOS,regular,LOMA DORADA,IMPORTADO,2025-06
C003,300102,2025-06-30,79,18.17,0.0,0.0,0.0,7.0,1.61,67080.0,829.0,847.0,179.17,191.35999999999999,61.0,5.97999999999999,False,5.97999999999999,1.1269999999999998,33.809999999999995,5.3061224489795835,2025-06-01,MaxiCompra Caribe,Grandes Superficies,Caribe,Costa Norte,Barranquilla,Supermercado,JAMON DE PAVO FINAS LONCHAS SIERRA CARNES 230G,0.23,UND,JAMON PAVO,LONCHAS,CARNES FRIAS,regular,SIERRA CARNES,NACIONAL,2025-06
C014,120104,2025-06-30,96,19.2,0.0,0.0,0.0,4.0,0.8,32650.0,944.0,967.0,188.8,192.448,73.0,15.551999999999992,False,15.551999999999992,0.94,28.2,16.544680851063823,2025-06-01,Plaza Hogar,Grandes Superficies,Occidente,Valle del Cauca,Cali,Hipermercado,MOZZARELLA LIGHT CAMPOCLARO 200G,0.2,UND,MOZZARELLA,QUESOS TAJADOS,QUESOS FRESCOS,regular,CAMPOCLARO,NACIONAL,2025-06
C003,110115,2025-06-30,50,12.5,0.0,0.0,0.0,5.0,1.25,123350.0,632.0,652.0,158.0,161.79,30.0,8.710000000000008,False,8.710000000000008,0.8583333333333333,25.75,10.14757281553399,2025-06-01,MaxiCompra Caribe,Grandes Superficies,Caribe,Costa Norte,Barranquilla,Supermercado,FETA CUBOS CASA SIERRA 250G,0.25,UND,FETA,ESPECIALES,QUESOS MADURADOS,regular,CASA SIERRA,IMPORTADO,2025-06
C018,110112,2025-06-30,136,13.6,0.0,0.0,0.0,16.0,1.6,98460.0,1968.0,2031.0,188.3,199.88400000000001,73.0,2.015999999999991,False,2.015999999999991,1.1400000000000001,34.2,1.768421052631571,2025-06-01,Cadena Uno,Hard Discount,Occidente,Valle del Cauca,Cali,Discounter,PARMESANO RALLADO ORO LECHE 100G,0.1,UND,TIPO PARMESANO,RALLADOS,QUESO PARMESANO,regular,ORO LECHE,MAQUILA,2025-06
C001,900104,2025-06-30,106,8.48,75.0,6.0,532510.0,5.0,0.4,45810.0,1269.0,1254.0,101.52,98.102,121.0,11.897999999999996,False,11.897999999999996,0.5500666666666666,16.502,21.63010544176463,2025-06-01,HiperMax Nacional,Grandes Superficies,Centro,Bogotá y Sabana,Bogotá,Hipermercado,CHORIZO TAJADO CASA IBERIA 80G,0.08,UND,CHORIZO,CHARCUTERIA,CARNES MADURADAS,regular,CASA IBERIA,IMPORTADO,2025-06
C004,130101,2025-06-30,424,63.6,0.0,0.0,0.0,35.0,5.25,182580.0,6282.0,6430.0,886.77,941.4,276.0,8.970000000000027,False,8.970000000000027,5.34,160.2,1.6797752808988815,2025-06-01,Descuento Ya,Hard Discount,Centro,Bogotá y Sabana,Bogotá,Discounter,CHEDDAR ESTILO AMERICANO DELILAT 150G,0.15,UND,CHEDDAR ANALOGO,LONCHAS,QUESOS ANALOGOS,regular,DELILAT,MAQUILA,2025-06
C003,110101,2025-06-30,51,7.65,0.0,0.0,0.0,3.0,0.45,44250.0,707.0,705.0,99.6,105.762,53.0,1.4879999999999995,False,1.4879999999999995,0.5976,17.928,2.4899598393574287,2025-06-01,MaxiCompra Caribe,Grandes Superficies,Caribe,Costa Norte,Barranquilla,Supermercado,GOUDA AHUMADO TAJADO LOMA DORADA 150G,0.15,UND,GOUDA AHUMADO,QUESOS TAJADOS PREMIUM,QUESOS MADURADOS,regular,LOMA DORADA,IMPORTADO,2025-06
C017,900103,2025-06-30,3,0.24,0.0,0.0,0.0,1.0,0.08,11550.0,88.0,88.0,6.8,6.88,3.0,0.16000000000000014,False,0.16000000000000014,0.029333333333333336,0.8800000000000001,5.454545454545459,2025-06-01,RapiExpress,E-commerce,Centro,Bogotá y Sabana,Bogotá,Quick Commerce,JAMON SERRANO TAJADO CASA IBERIA 80G,0.08,UND,JAMON SERRANO,CHARCUTERIA,CARNES MADURADAS,regular,CASA IBERIA,IMPORTADO,2025-06
C004,120104,2025-06-30,177,35.4,0.0,0.0,0.0,19.0,0.0,142710.0,2361.0,2487.0,472.2,488.288,51.0,19.311999999999955,False,19.311999999999955,3.033333333333333,91.0,6.366593406593392,2025-06-01,Descuento Ya,Hard Discount,Centro,Bogotá y Sabana,Bogotá,Discounter,MOZZARELLA LIGHT CAMPOCLARO 200G,0.2,UND,MOZZARELLA,QUESOS TAJADOS,QUESOS FRESCOS,regular,CAMPOCLARO,NACIONAL,2025-06
C001,110113,2025-06-30,116,29.0,69.0,17.25,815420.0,3.0,0.75,46610.0,1127.0,1128.0,264.0,275.75,115.0,17.25,False,17.25,1.5583333333333333,46.75,11.06951871657754,2025-06-01,HiperMax Nacional,Grandes Superficies,Centro,Bogotá y Sabana,Bogotá,Hipermercado,PARMESANO RALLADO ORO LECHE 250G,0.25,UND,TIPO PARMESANO,RALLADOS,QUESO PARMESANO,regular,ORO LECHE,MAQUILA,2025-06
C016,900103,2025-06-30,66,5.28,55.0,4.4,459680.0,5.0,0.4,53990.0,621.0,623.0,46.24,49.28,64.0,2.240000000000002,False,2.240000000000002,0.30400000000000005,9.120000000000001,7.368421052631584,2025-06-01,Canasta Familiar,Grandes Superficies,Santanderes,Bucaramanga Metropolitana,Bucaramanga,Supermercado,JAMON SERRANO TAJADO CASA IBERIA 80G,0.08,UND,JAMON SERRANO,CHARCUTERIA,CARNES MADURADAS,regular,CASA IBERIA,IMPORTADO,2025-06
C001,110103,2025-06-30,102,15.3,60.0,9.0,661810.0,5.0,0.75,73720.0,1090.0,1084.0,163.5,162.54,108.0,16.26000000000002,False,16.26000000000002,0.94,28.2,17.297872340425553,2025-06-01,HiperMax Nacional,Grandes Superficies,Centro,Bogotá y Sabana,Bogotá,Hipermercado,MUENSTER TAJADO LOMA DORADA 150G,0.15,UND,MUENSTER,QUESOS TAJADOS PREMIUM,QUESOS MADURADOS,regular,LOMA DORADA,IMPORTADO,2025-06
C005,120103,2025-06-30,132,26.4,0.0,0.0,0.0,10.0,2.0,90900.0,1924.0,1941.0,384.8,380.456,115.0,30.74399999999997,False,30.74399999999997,2.2933333333333334,68.8,13.405813953488359,2025-06-01,PrecioListo,Hard Discount,Antioquia,Valle de Aburrá,Medellín,Discounter,QUESO CREMA CAMPOCLARO 200G,0.2,UND,CREMAS,UNTABLES,QUESOS FRESCOS,regular,CAMPOCLARO,NACIONAL,2025-06
C002,900101,2025-06-30,77,6.16,54.0,4.32,404080.0,3.0,0.24,30260.0,811.0,811.0,64.88,62.675000000000004,77.0,8.364999999999988,False,8.364999999999988,0.28800000000000003,8.64,29.045138888888843,2025-06-01,SuperAhorro,Grandes Superficies,Antioquia,Valle de Aburrá,Medellín,Supermercado,SALAMI TAJADO CASA IBERIA 80G,0.08,UND,SALAMI,CHARCUTERIA,CARNES MADURADAS,regular,CASA IBERIA,IMPORTADO,2025-06
C014,190103,2025-06-30,16,9.6,0.0,0.0,0.0,0.0,0.0,0.0,0.0,3.0,0.0,1.7999999999999998,13.0,7.8,False,7.8,0.02,0.6,390.0,2025-06-01,Plaza Hogar,Grandes Superficies,Occidente,Valle del Cauca,Cali,Hipermercado,RACLETTE CELEBRACION LOMA DORADA 600G,0.6,UND,MIXTO QUESOS,TEMPORADA,QUESOS MADURADOS,temporada,LOMA DORADA,IMPORTADO,2025-06
C006,130103,2025-06-30,124,35.712,0.0,0.0,0.0,11.0,3.168,82110.0,1964.0,1963.0,565.6320000000001,549.274,125.0,52.07000000000005,False,52.07000000000005,3.1488,94.464,16.53645833333335,2025-06-01,PuntoMenos Caribe,Hard Discount,Caribe,Costa Norte,Cartagena,Discounter,LONCHAS AMERICANAS DELILAT 288G,0.288,UND,CHEDDAR ANALOGO,LONCHITAS,QUESOS ANALOGOS,regular,DELILAT,MAQUILA,2025-06
C016,110110,2025-06-30,24,8.64,0.0,0.0,0.0,2.0,0.72,67160.0,253.0,256.0,91.08,91.8,21.0,7.920000000000002,False,7.920000000000002,0.528,15.84,15.000000000000002,2025-06-01,Canasta Familiar,Grandes Superficies,Santanderes,Bucaramanga Metropolitana,Bucaramanga,Supermercado,MIX QUESOS PREMIUM MONTE AZUL 360G,0.36,UND,MIXTO QUESOS,MEZCLAS PREMIUM,QUESOS MADURADOS,regular,MONTE AZUL,IMPORTADO,2025-06
C016,190101,2025-06-30,16,6.4,0.0,0.0,0.0,0.0,0.0,0.0,0.0,2.0,0.0,0.8,14.0,5.6000000000000005,False,5.6000000000000005,0.0,0.0,,2025-06-01,Canasta Familiar,Grandes Superficies,Santanderes,Bucaramanga Metropolitana,Bucaramanga,Supermercado,TABLA APERITIVO NAVIDEÑA MONTE AZUL 400G,0.4,UND,MIXTO QUESOS,TEMPORADA,QUESOS MADURADOS,temporada,MONTE AZUL,IMPORTADO,2025-06
C003,130103,2025-06-30,87,25.056,67.0,19.296,423030.0,8.0,2.304,64430.0,1254.0,1225.0,344.736,349.206,116.0,20.585999999999956,False,20.585999999999956,2.1888,65.664,9.405153508771908,2025-06-01,MaxiCompra Caribe,Grandes Superficies,Caribe,Costa Norte,Barranquilla,Supermercado,LONCHAS AMERICANAS DELILAT 288G,0.288,UND,CHEDDAR ANALOGO,LONCHITAS,QUESOS ANALOGOS,regular,DELILAT,MAQUILA,2025-06
C001,120103,2025-06-30,113,22.6,90.0,18.0,671720.0,8.0,1.6,80690.0,1373.0,1349.0,255.4,262.512,137.0,15.488,False,15.488,1.5799999999999998,47.4,9.802531645569621,2025-06-01,HiperMax Nacional,Grandes Superficies,Centro,Bogotá y Sabana,Bogotá,Hipermercado,QUESO CREMA CAMPOCLARO 200G,0.2,UND,CREMAS,UNTABLES,QUESOS FRESCOS,regular,CAMPOCLARO,NACIONAL,2025-06
C003,110114,2025-06-30,60,15.0,46.0,11.5,856450.0,3.0,0.75,71570.0,676.0,667.0,169.0,162.94,69.0,21.060000000000002,False,21.060000000000002,0.9916666666666667,29.75,21.23697478991597,2025-06-01,MaxiCompra Caribe,Grandes Superficies,Caribe,Costa Norte,Barranquilla,Supermercado,GOUDA NATURAL CUÑA LOMA DORADA 250G,0.25,UND,GOUDA NATURAL,CUÑAS,QUESOS MADURADOS,regular,LOMA DORADA,IMPORTADO,2025-06
C015,120103,2025-06-30,22,4.4,0.0,0.0,0.0,3.0,0.6,30010.0,252.0,262.0,50.4,52.384,12.0,2.415999999999997,False,2.415999999999997,0.2533333333333333,7.6,9.536842105263146,2025-06-01,Abarrotes Norte,Tradicional Modernizado,Caribe,Costa Norte,Barranquilla,Supermercado Regional,QUESO CREMA CAMPOCLARO 200G,0.2,UND,CREMAS,UNTABLES,QUESOS FRESCOS,regular,CAMPOCLARO,NACIONAL,2025-06
C013,110108,2025-06-30,15,2.25,0.0,0.0,0.0,1.0,0.15,17500.0,171.0,176.0,25.65,25.662,10.0,2.2379999999999995,False,2.2379999999999995,0.16999999999999998,5.1,13.16470588235294,2025-06-01,La Mesa Premium,Tiendas Especializadas,Occidente,,Cali,Especialidad,MANCHEGO CUÑA MONTE AZUL 150G,0.15,UND,MANCHEGO,CUÑAS PREMIUM,QUESOS MADURADOS,regular,MONTE AZUL,IMPORTADO,2025-06
C003,110102,2025-06-30,54,8.1,0.0,0.0,0.0,4.0,0.6,59660.0,636.0,645.0,95.4,95.79599999999999,45.0,7.704000000000008,False,7.704000000000008,0.575,17.25,13.398260869565231,2025-06-01,MaxiCompra Caribe,Grandes Superficies,Caribe,Costa Norte,Barranquilla,Supermercado,HOLANDES TAJADO LOMA DORADA 150G,0.15,UND,HOLANDES,QUESOS TAJADOS PREMIUM,QUESOS MADURADOS,regular,LOMA DORADA,IMPORTADO,2025-06
C017,110113,2025-06-30,3,0.75,4.0,1.0,48220.0,0.0,0.0,0.0,90.0,88.0,22.425,21.73,5.0,1.4450000000000003,False,1.4450000000000003,0.09166666666666666,2.75,15.763636363636367,2025-06-01,RapiExpress,E-commerce,Centro,Bogotá y Sabana,Bogotá,Quick Commerce,PARMESANO RALLADO ORO LECHE 250G,0.25,UND,TIPO PARMESANO,RALLADOS,QUESO PARMESANO,regular,ORO LECHE,MAQUILA,2025-06
C018,130103,2025-06-30,144,41.472,0.0,0.0,0.0,19.0,5.472,140920.0,2567.0,2661.0,739.296,758.868,50.0,21.899999999999977,False,21.899999999999977,4.1568000000000005,124.70400000000001,5.268475750577361,2025-06-01,Cadena Uno,Hard Discount,Occidente,Valle del Cauca,Cali,Discounter,LONCHAS AMERICANAS DELILAT 288G,0.288,UND,CHEDDAR ANALOGO,LONCHITAS,QUESOS ANALOGOS,regular,DELILAT,MAQUILA,2025-06
C014,130103,2025-06-30,91,26.208,0.0,0.0,0.0,6.0,1.728,48830.0,1274.0,1293.0,366.912,361.302,72.0,31.817999999999984,False,31.817999999999984,1.8912,56.736,16.824238578680195,2025-06-01,Plaza Hogar,Grandes Superficies,Occidente,Valle del Cauca,Cali,Hipermercado,LONCHAS AMERICANAS DELILAT 288G,0.288,UND,CHEDDAR ANALOGO,LONCHITAS,QUESOS ANALOGOS,regular,DELILAT,MAQUILA,2025-06
C002,190102,2025-06-30,22,11.0,0.0,0.0,0.0,0.0,0.0,0.0,0.0,1.0,0.0,0.5,21.0,10.5,False,10.5,0.0,0.0,,2025-06-01,SuperAhorro,Grandes Superficies,Antioquia,Valle de Aburrá,Medellín,Supermercado,DUO FESTIVO QUESOS Y CARNES 500G,0.5,UND,MIXTO QUESOS-CARNES,TEMPORADA,QUESOS MADURADOS,temporada,MONTE AZUL,MAQUILA,2025-06
C002,110115,2025-06-30,68,17.0,0.0,0.0,0.0,1.0,0.25,24770.0,717.0,730.0,179.25,177.12,55.0,19.129999999999995,False,19.129999999999995,1.1,33.0,17.390909090909087,2025-06-01,SuperAhorro,Grandes Superficies,Antioquia,Valle de Aburrá,Medellín,Supermercado,FETA CUBOS CASA SIERRA 250G,0.25,UND,FETA,ESPECIALES,QUESOS MADURADOS,regular,CASA SIERRA,IMPORTADO,2025-06
C003,190103,2025-06-30,19,11.4,0.0,0.0,0.0,0.0,0.0,0.0,0.0,2.0,0.0,1.2,17.0,10.200000000000001,False,10.200000000000001,0.02,0.6,510.00000000000006,2025-06-01,MaxiCompra Caribe,Grandes Superficies,Caribe,Costa Norte,Barranquilla,Supermercado,RACLETTE CELEBRACION LOMA DORADA 600G,0.6,UND,MIXTO QUESOS,TEMPORADA,QUESOS MADURADOS,temporada,LOMA DORADA,IMPORTADO,2025-06
C016,900104,2025-06-30,54,4.32,42.0,3.36,297670.0,3.0,0.24,27570.0,700.0,689.0,56.0,53.978,65.0,6.341999999999999,False,6.341999999999999,0.3135,9.405,20.22966507177033,2025-06-01,Canasta Familiar,Grandes Superficies,Santanderes,Bucaramanga Metropolitana,Bucaramanga,Supermercado,CHORIZO TAJADO CASA IBERIA 80G,0.08,UND,CHORIZO,CHARCUTERIA,CARNES MADURADAS,regular,CASA IBERIA,IMPORTADO,2025-06
C016,110102,2025-06-30,56,8.4,31.0,4.65,347920.0,3.0,0.45,44420.0,536.0,539.0,80.4,80.112,53.0,8.688000000000017,False,8.688000000000017,0.49000000000000005,14.700000000000001,17.73061224489799,2025-06-01,Canasta Familiar,Grandes Superficies,Santanderes,Bucaramanga Metropolitana,Bucaramanga,Supermercado,HOLANDES TAJADO LOMA DORADA 150G,0.15,UND,HOLANDES,QUESOS TAJADOS PREMIUM,QUESOS MADURADOS,regular,LOMA DORADA,IMPORTADO,2025-06
C014,110107,2025-06-30,58,7.25,40.0,0.0,391030.0,2.0,0.25,26610.0,570.0,570.0,66.25,70.595,58.0,2.905000000000001,False,2.905000000000001,0.4,12.0,7.262500000000003,2025-06-01,Plaza Hogar,Grandes Superficies,Occidente,Valle del Cauca,Cali,Hipermercado,CAMEMBERT CUÑA MONTE AZUL 125G,0.125,UND,CAMEMBERT,QUESOS BLANDOS,QUESOS MADURADOS,regular,MONTE AZUL,IMPORTADO,2025-06
C014,900101,2025-06-30,67,0.0,0.0,0.0,0.0,3.0,0.24,29560.0,773.0,789.0,57.04,62.906,51.0,-5.866,True,0.0,0.34933333333333333,10.48,0.0,2025-06-01,Plaza Hogar,Grandes Superficies,Occidente,Valle del Cauca,Cali,Hipermercado,SALAMI TAJADO CASA IBERIA 80G,0.08,UND,SALAMI,CHARCUTERIA,CARNES MADURADAS,regular,CASA IBERIA,IMPORTADO,2025-06
C001,110102,2025-06-30,87,13.05,0.0,0.0,0.0,6.0,0.9,86370.0,1101.0,1125.0,165.15,165.426,63.0,12.77400000000003,False,12.77400000000003,1.067,32.01,11.971883786316804,2025-06-01,HiperMax Nacional,Grandes Superficies,Centro,Bogotá y Sabana,Bogotá,Hipermercado,HOLANDES TAJADO LOMA DORADA 150G,0.15,UND,HOLANDES,QUESOS TAJADOS PREMIUM,QUESOS MADURADOS,regular,LOMA DORADA,IMPORTADO,2025-06
C016,300102,2025-06-30,55,12.65,0.0,0.0,0.0,6.0,1.38,57120.0,638.0,655.0,146.74,149.27,38.0,10.120000000000005,False,10.120000000000005,0.9276666666666666,27.83,10.909090909090914,2025-06-01,Canasta Familiar,Grandes Superficies,Santanderes,Bucaramanga Metropolitana,Bucaramanga,Supermercado,JAMON DE PAVO FINAS LONCHAS SIERRA CARNES 230G,0.23,UND,JAMON PAVO,LONCHAS,CARNES FRIAS,regular,SIERRA CARNES,NACIONAL,2025-06
C018,300101,2025-06-30,111,25.53,0.0,0.0,0.0,8.0,1.84,64050.0,1675.0,1749.0,385.25,400.301,37.0,10.478999999999985,False,10.478999999999985,2.154333333333333,64.63,4.864149775645978,2025-06-01,Cadena Uno,Hard Discount,Occidente,Valle del Cauca,Cali,Discounter,JAMON DE CERDO FINAS LONCHAS SIERRA CARNES 230G,0.23,UND,JAMON CERDO,LONCHAS,CARNES FRIAS,regular,SIERRA CARNES,NACIONAL,2025-06
C003,300101,2025-06-30,69,15.87,63.0,14.49,420510.0,7.0,1.61,64050.0,1008.0,988.0,231.84,222.18,89.0,25.53,False,25.53,1.2266666666666666,36.8,20.812500000000004,2025-06-01,MaxiCompra Caribe,Grandes Superficies,Caribe,Costa Norte,Barranquilla,Supermercado,JAMON DE CERDO FINAS LONCHAS SIERRA CARNES 230G,0.23,UND,JAMON CERDO,LONCHAS,CARNES FRIAS,regular,SIERRA CARNES,NACIONAL,2025-06
C016,110101,2025-06-30,52,7.8,35.0,5.25,379520.0,4.0,0.6,57670.0,560.0,555.0,84.0,82.29,57.0,9.509999999999991,False,9.509999999999991,0.47,14.1,20.234042553191472,2025-06-01,Canasta Familiar,Grandes Superficies,Santanderes,Bucaramanga Metropolitana,Bucaramanga,Supermercado,GOUDA AHUMADO TAJADO LOMA DORADA 150G,0.15,UND,GOUDA AHUMADO,QUESOS TAJADOS PREMIUM,QUESOS MADURADOS,regular,LOMA DORADA,IMPORTADO,2025-06
C014,190101,2025-06-30,23,9.2,0.0,0.0,0.0,0.0,0.0,0.0,0.0,3.0,0.0,1.2000000000000002,20.0,7.999999999999999,False,7.999999999999999,0.02666666666666667,0.8,299.99999999999994,2025-06-01,Plaza Hogar,Grandes Superficies,Occidente,Valle del Cauca,Cali,Hipermercado,TABLA APERITIVO NAVIDEÑA MONTE AZUL 400G,0.4,UND,MIXTO QUESOS,TEMPORADA,QUESOS MADURADOS,temporada,MONTE AZUL,IMPORTADO,2025-06
C002,110103,2025-06-30,59,8.85,51.0,7.65,556830.0,3.0,0.45,43690.0,780.0,763.0,117.0,113.316,76.0,12.533999999999992,False,12.533999999999992,0.605,18.15,20.717355371900812,2025-06-01,SuperAhorro,Grandes Superficies,Antioquia,Valle de Aburrá,Medellín,Supermercado,MUENSTER TAJADO LOMA DORADA 150G,0.15,UND,MUENSTER,QUESOS TAJADOS PREMIUM,QUESOS MADURADOS,regular,LOMA DORADA,IMPORTADO,2025-06
C005,130104,2025-06-30,185,27.75,0.0,0.0,0.0,23.0,3.45,122990.0,2959.0,3001.0,443.85,447.45,143.0,24.150000000000034,False,24.150000000000034,2.46,73.8,9.817073170731721,2025-06-01,PrecioListo,Hard Discount,Antioquia,Valle de Aburrá,Medellín,Discounter,PIZZA MIX RALLADO DELILAT 150G,0.15,UND,MIXTO QUESOS,RALLADOS,QUESOS ANALOGOS,regular,DELILAT,MAQUILA,2025-06
C015,110112,2025-06-30,32,3.2,0.0,0.0,0.0,4.0,0.4,27020.0,394.0,398.0,39.4,39.176,28.0,3.4239999999999995,False,3.4239999999999995,0.23253333333333334,6.976,14.724770642201833,2025-06-01,Abarrotes Norte,Tradicional Modernizado,Caribe,Costa Norte,Barranquilla,Supermercado Regional,PARMESANO RALLADO ORO LECHE 100G,0.1,UND,TIPO PARMESANO,RALLADOS,QUESO PARMESANO,regular,ORO LECHE,MAQUILA,2025-06
C018,130104,2025-06-30,188,28.2,0.0,0.0,0.0,12.0,1.8,64620.0,2217.0,2287.0,332.55,334.356,118.0,26.394000000000005,False,26.394000000000005,1.935,58.050000000000004,13.640310077519382,2025-06-01,Cadena Uno,Hard Discount,Occidente,Valle del Cauca,Cali,Discounter,PIZZA MIX RALLADO DELILAT 150G,0.15,UND,MIXTO QUESOS,RALLADOS,QUESOS ANALOGOS,regular,DELILAT,MAQUILA,2025-06
C002,110113,2025-06-30,61,15.25,58.0,14.5,690450.0,7.0,1.75,111370.0,767.0,755.0,191.75,188.75,73.0,18.25,False,18.25,1.1166666666666667,33.5,16.34328358208955,2025-06-01,SuperAhorro,Grandes Superficies,Antioquia,Valle de Aburrá,Medellín,Supermercado,PARMESANO RALLADO ORO LECHE 250G,0.25,UND,TIPO PARMESANO,RALLADOS,QUESO PARMESANO,regular,ORO LECHE,MAQUILA,2025-06
C006,110113,2025-06-30,95,23.75,0.0,0.0,0.0,5.0,1.25,72520.0,1061.0,1089.0,265.25,269.62,67.0,19.379999999999995,False,19.379999999999995,1.6783333333333332,50.349999999999994,11.547169811320753,2025-06-01,PuntoMenos Caribe,Hard Discount,Caribe,Costa Norte,Cartagena,Discounter,PARMESANO RALLADO ORO LECHE 250G,0.25,UND,TIPO PARMESANO,RALLADOS,QUESO PARMESANO,regular,ORO LECHE,MAQUILA,2025-06
C005,110112,2025-06-30,205,20.5,0.0,0.0,0.0,18.0,1.8,113720.0,2436.0,2495.0,243.6,247.02,146.0,17.080000000000013,False,17.080000000000013,1.3966666666666667,41.9,12.229116945107407,2025-06-01,PrecioListo,Hard Discount,Antioquia,Valle de Aburrá,Medellín,Discounter,PARMESANO RALLADO ORO LECHE 100G,0.1,UND,TIPO PARMESANO,RALLADOS,QUESO PARMESANO,regular,ORO LECHE,MAQUILA,2025-06
C001,900103,2025-06-30,112,8.96,0.0,0.0,0.0,3.0,0.24,32000.0,1047.0,1093.0,78.0,87.12,66.0,-0.1599999999999966,True,0.0,0.4986666666666667,14.96,0.0,2025-06-01,HiperMax Nacional,Grandes Superficies,Centro,Bogotá y Sabana,Bogotá,Hipermercado,JAMON SERRANO TAJADO CASA IBERIA 80G,0.08,UND,JAMON SERRANO,CHARCUTERIA,CARNES MADURADAS,regular,CASA IBERIA,IMPORTADO,2025-06
C014,900102,2025-06-30,76,6.08,0.0,0.0,0.0,3.0,0.24,29980.0,764.0,778.0,57.36,61.299,62.0,2.1409999999999982,False,2.1409999999999982,0.35733333333333334,10.72,5.9916044776119355,2025-06-01,Plaza Hogar,Grandes Superficies,Occidente,Valle del Cauca,Cali,Hipermercado,PEPPERONI TAJADO CASA IBERIA 80G,0.08,UND,PEPPERONI,CHARCUTERIA,CARNES MADURADAS,regular,CASA IBERIA,IMPORTADO,2025-06
C001,190101,2025-06-30,25,10.0,0.0,0.0,0.0,0.0,0.0,0.0,0.0,8.0,0.0,3.2,17.0,6.8,False,6.8,0.0,0.0,,2025-06-01,HiperMax Nacional,Grandes Superficies,Centro,Bogotá y Sabana,Bogotá,Hipermercado,TABLA APERITIVO NAVIDEÑA MONTE AZUL 400G,0.4,UND,MIXTO QUESOS,TEMPORADA,QUESOS MADURADOS,temporada,MONTE AZUL,IMPORTADO,2025-06
C005,300102,2025-06-30,105,24.15,0.0,0.0,0.0,5.0,1.15,43460.0,1250.0,1312.0,287.5,299.23,43.0,12.419999999999959,False,12.419999999999959,1.5563333333333333,46.69,7.980295566502437,2025-06-01,PrecioListo,Hard Discount,Antioquia,Valle de Aburrá,Medellín,Discounter,JAMON DE PAVO FINAS LONCHAS SIERRA CARNES 230G,0.23,UND,JAMON PAVO,LONCHAS,CARNES FRIAS,regular,SIERRA CARNES,NACIONAL,2025-06
C001,110114,2025-06-30,96,24.0,0.0,0.0,0.0,2.0,0.5,48050.0,879.0,909.0,218.5,224.87,66.0,17.629999999999995,False,17.629999999999995,1.2,36.0,14.691666666666663,2025-06-01,HiperMax Nacional,Grandes Superficies,Centro,Bogotá y Sabana,Bogotá,Hipermercado,GOUDA NATURAL CUÑA LOMA DORADA 250G,0.25,UND,GOUDA NATURAL,CUÑAS,QUESOS MADURADOS,regular,LOMA DORADA,IMPORTADO,2025-06
C014,900103,2025-06-30,71,5.68,0.0,0.0,0.0,3.0,0.24,32350.0,759.0,785.0,60.72,61.718,45.0,4.682000000000002,False,4.682000000000002,0.3626666666666667,10.88,12.90992647058824,2025-06-01,Plaza Hogar,Grandes Superficies,Occidente,Valle del Cauca,Cali,Hipermercado,JAMON SERRANO TAJADO CASA IBERIA 80G,0.08,UND,JAMON SERRANO,CHARCUTERIA,CARNES MADURADAS,regular,CASA IBERIA,IMPORTADO,2025-06
C016,190102,2025-06-30,20,10.0,0.0,0.0,0.0,0.0,0.0,0.0,0.0,2.0,0.0,1.0,18.0,9.0,False,9.0,0.0,0.0,,2025-06-01,Canasta Familiar,Grandes Superficies,Santanderes,Bucaramanga Metropolitana,Bucaramanga,Supermercado,DUO FESTIVO QUESOS Y CARNES 500G,0.5,UND,MIXTO QUESOS-CARNES,TEMPORADA,QUESOS MADURADOS,temporada,MONTE AZUL,MAQUILA,2025-06
C003,900103,2025-06-30,54,4.32,0.0,0.0,0.0,3.0,0.24,32700.0,626.0,643.0,46.64,51.101,37.0,-0.14099999999999824,True,0.0,0.30933333333333335,9.280000000000001,0.0,2025-06-01,MaxiCompra Caribe,Grandes Superficies,Caribe,Costa Norte,Barranquilla,Supermercado,JAMON SERRANO TAJADO CASA IBERIA 80G,0.08,UND,JAMON SERRANO,CHARCUTERIA,CARNES MADURADAS,regular,CASA IBERIA,IMPORTADO,2025-06
C003,120101,2025-06-30,113,28.25,0.0,0.0,0.0,2.0,0.5,20010.0,1106.0,1128.0,276.5,277.97,91.0,26.779999999999973,False,26.779999999999973,1.4916666666666667,44.75,17.953072625698304,2025-06-01,MaxiCompra Caribe,Grandes Superficies,Caribe,Costa Norte,Barranquilla,Supermercado,MOZZARELLA TAJADA CAMPOCLARO 250G,0.25,UND,MOZZARELLA,QUESOS TAJADOS,QUESOS FRESCOS,regular,CAMPOCLARO,NACIONAL,2025-06
C002,120104,2025-06-30,82,16.4,0.0,0.0,0.0,6.0,1.2,47410.0,1026.0,1037.0,205.2,205.504,71.0,16.096000000000004,False,16.096000000000004,1.22,36.6,13.193442622950823,2025-06-01,SuperAhorro,Grandes Superficies,Antioquia,Valle de Aburrá,Medellín,Supermercado,MOZZARELLA LIGHT CAMPOCLARO 200G,0.2,UND,MOZZARELLA,QUESOS TAJADOS,QUESOS FRESCOS,regular,CAMPOCLARO,NACIONAL,2025-06
C012,110101,2025-06-30,18,2.7,0.0,0.0,0.0,1.0,0.15,15710.0,192.0,199.0,28.8,29.238,11.0,2.2620000000000005,False,2.2620000000000005,0.1546,4.638,14.631306597671415,2025-06-01,Delimarket Gourmet,Tiendas Especializadas,Centro,Bogotá y Sabana,Bogotá,Especialidad,GOUDA AHUMADO TAJADO LOMA DORADA 150G,0.15,UND,GOUDA AHUMADO,QUESOS TAJADOS PREMIUM,QUESOS MADURADOS,regular,LOMA DORADA,IMPORTADO,2025-06
C013,190102,2025-06-30,4,2.0,0.0,0.0,0.0,0.0,0.0,0.0,0.0,3.0,0.0,1.5,1.0,0.5,False,0.5,0.0,0.0,,2025-06-01,La Mesa Premium,Tiendas Especializadas,Occidente,,Cali,Especialidad,DUO FESTIVO QUESOS Y CARNES 500G,0.5,UND,MIXTO QUESOS-CARNES,TEMPORADA,QUESOS MADURADOS,temporada,MONTE AZUL,MAQUILA,2025-06
C004,130104,2025-06-30,245,36.75,0.0,0.0,0.0,14.0,2.1,77800.0,2769.0,2931.0,387.9,433.776,83.0,-9.126000000000033,True,0.0,2.295,68.85,0.0,2025-06-01,Descuento Ya,Hard Discount,Centro,Bogotá y Sabana,Bogotá,Discounter,PIZZA MIX RALLADO DELILAT 150G,0.15,UND,MIXTO QUESOS,RALLADOS,QUESOS ANALOGOS,regular,DELILAT,MAQUILA,2025-06
C002,110102,2025-06-30,77,11.55,0.0,0.0,0.0,5.0,0.75,74660.0,739.0,759.0,110.85,111.9,57.0,10.499999999999986,False,10.499999999999986,0.6549999999999999,19.65,16.03053435114502,2025-06-01,SuperAhorro,Grandes Superficies,Antioquia,Valle de Aburrá,Medellín,Supermercado,HOLANDES TAJADO LOMA DORADA 150G,0.15,UND,HOLANDES,QUESOS TAJADOS PREMIUM,QUESOS MADURADOS,regular,LOMA DORADA,IMPORTADO,2025-06
C018,130101,2025-06-30,262,39.3,0.0,0.0,0.0,25.0,3.75,132670.0,4645.0,4629.0,664.05,694.698,278.0,8.65199999999993,False,8.65199999999993,4.03,120.9,2.146898263027278,2025-06-01,Cadena Uno,Hard Discount,Occidente,Valle del Cauca,Cali,Discounter,CHEDDAR ESTILO AMERICANO DELILAT 150G,0.15,UND,CHEDDAR ANALOGO,LONCHAS,QUESOS ANALOGOS,regular,DELILAT,MAQUILA,2025-06
C014,110103,2025-06-30,64,9.6,0.0,0.0,0.0,2.0,0.3,29390.0,834.0,851.0,125.1,125.25,47.0,9.449999999999989,False,9.449999999999989,0.725,21.75,13.034482758620674,2025-06-01,Plaza Hogar,Grandes Superficies,Occidente,Valle del Cauca,Cali,Hipermercado,MUENSTER TAJADO LOMA DORADA 150G,0.15,UND,MUENSTER,QUESOS TAJADOS PREMIUM,QUESOS MADURADOS,regular,LOMA DORADA,IMPORTADO,2025-06
C014,130101,2025-06-30,100,15.0,0.0,0.0,0.0,6.0,0.9,33850.0,1391.0,1382.0,208.65,207.3,109.0,16.349999999999994,False,16.349999999999994,1.215,36.45,13.456790123456784,2025-06-01,Plaza Hogar,Grandes Superficies,Occidente,Valle del Cauca,Cali,Hipermercado,CHEDDAR ESTILO AMERICANO DELILAT 150G,0.15,UND,CHEDDAR ANALOGO,LONCHAS,QUESOS ANALOGOS,regular,DELILAT,MAQUILA,2025-06
C006,120104,2025-06-30,92,18.4,0.0,0.0,0.0,5.0,1.0,37240.0,1425.0,1442.0,285.0,284.472,75.0,18.927999999999997,False,18.927999999999997,1.4400000000000002,43.2,13.14444444444444,2025-06-01,PuntoMenos Caribe,Hard Discount,Caribe,Costa Norte,Cartagena,Discounter,MOZZARELLA LIGHT CAMPOCLARO 200G,0.2,UND,MOZZARELLA,QUESOS TAJADOS,QUESOS FRESCOS,regular,CAMPOCLARO,NACIONAL,2025-06
C016,130101,2025-06-30,125,18.75,72.0,10.8,307100.0,3.0,0.45,17300.0,1298.0,1294.0,194.70000000000002,189.0,129.0,24.450000000000017,False,24.450000000000017,0.8900000000000001,26.700000000000003,27.471910112359566,2025-06-01,Canasta Familiar,Grandes Superficies,Santanderes,Bucaramanga Metropolitana,Bucaramanga,Supermercado,CHEDDAR ESTILO AMERICANO DELILAT 150G,0.15,UND,CHEDDAR ANALOGO,LONCHAS,QUESOS ANALOGOS,regular,DELILAT,MAQUILA,2025-06
C013,110107,2025-06-30,12,1.5,0.0,0.0,0.0,0.0,0.0,0.0,105.0,112.0,13.125,14.01,5.0,0.6150000000000002,False,0.6150000000000002,0.0545,1.635,11.284403669724774,2025-06-01,La Mesa Premium,Tiendas Especializadas,Occidente,,Cali,Especialidad,CAMEMBERT CUÑA MONTE AZUL 125G,0.125,UND,CAMEMBERT,QUESOS BLANDOS,QUESOS MADURADOS,regular,MONTE AZUL,IMPORTADO,2025-06
C015,110113,2025-06-30,12,0.0,0.0,0.0,0.0,0.0,0.0,0.0,165.0,165.0,41.25,41.25,12.0,0.0,False,0.0,0.24166666666666667,7.25,0.0,2025-06-01,Abarrotes Norte,Tradicional Modernizado,Caribe,Costa Norte,Barranquilla,Supermercado Regional,PARMESANO RALLADO ORO LECHE 250G,0.25,UND,TIPO PARMESANO,RALLADOS,QUESO PARMESANO,regular,ORO LECHE,MAQUILA,2025-06
C002,900104,2025-06-30,92,7.36,0.0,0.0,0.0,4.0,0.32,36270.0,813.0,836.0,65.04,66.359,69.0,6.041000000000011,False,6.041000000000011,0.38133333333333336,11.440000000000001,15.841783216783245,2025-06-01,SuperAhorro,Grandes Superficies,Antioquia,Valle de Aburrá,Medellín,Supermercado,CHORIZO TAJADO CASA IBERIA 80G,0.08,UND,CHORIZO,CHARCUTERIA,CARNES MADURADAS,regular,CASA IBERIA,IMPORTADO,2025-06
C004,110112,2025-06-30,222,22.2,0.0,0.0,0.0,28.0,2.8,177680.0,3198.0,3369.0,319.8,330.272,51.0,11.728000000000009,False,11.728000000000009,1.9566666666666668,58.7,5.9938671209540075,2025-06-01,Descuento Ya,Hard Discount,Centro,Bogotá y Sabana,Bogotá,Discounter,PARMESANO RALLADO ORO LECHE 100G,0.1,UND,TIPO PARMESANO,RALLADOS,QUESO PARMESANO,regular,ORO LECHE,MAQUILA,2025-06
C002,190101,2025-06-30,18,7.2,0.0,0.0,0.0,0.0,0.0,0.0,0.0,6.0,0.0,2.4000000000000004,12.0,4.8,False,4.8,0.0,0.0,,2025-06-01,SuperAhorro,Grandes Superficies,Antioquia,Valle de Aburrá,Medellín,Supermercado,TABLA APERITIVO NAVIDEÑA MONTE AZUL 400G,0.4,UND,MIXTO QUESOS,TEMPORADA,QUESOS MADURADOS,temporada,MONTE AZUL,IMPORTADO,2025-06
C016,120103,2025-06-30,73,14.6,60.0,12.0,459050.0,5.0,1.0,51610.0,699.0,698.0,139.8,138.016,74.0,16.384000000000015,False,16.384000000000015,0.78,23.400000000000002,21.005128205128223,2025-06-01,Canasta Familiar,Grandes Superficies,Santanderes,Bucaramanga Metropolitana,Bucaramanga,Supermercado,QUESO CREMA CAMPOCLARO 200G,0.2,UND,CREMAS,UNTABLES,QUESOS FRESCOS,regular,CAMPOCLARO,NACIONAL,2025-06
C005,300101,2025-06-30,108,24.84,0.0,0.0,0.0,11.0,0.0,89080.0,1836.0,1912.0,422.28,427.497,32.0,19.622999999999934,False,19.622999999999934,2.399666666666667,71.99000000000001,8.17738574802053,2025-06-01,PrecioListo,Hard Discount,Antioquia,Valle de Aburrá,Medellín,Discounter,JAMON DE CERDO FINAS LONCHAS SIERRA CARNES 230G,0.23,UND,JAMON CERDO,LONCHAS,CARNES FRIAS,regular,SIERRA CARNES,NACIONAL,2025-06
C014,110101,2025-06-30,70,10.5,0.0,0.0,0.0,6.0,0.9,85870.0,773.0,799.0,108.6,117.75,44.0,1.3499999999999943,False,1.3499999999999943,0.565,16.95,2.3893805309734413,2025-06-01,Plaza Hogar,Grandes Superficies,Occidente,Valle del Cauca,Cali,Hipermercado,GOUDA AHUMADO TAJADO LOMA DORADA 150G,0.15,UND,GOUDA AHUMADO,QUESOS TAJADOS PREMIUM,QUESOS MADURADOS,regular,LOMA DORADA,IMPORTADO,2025-06
C012,110105,2025-06-30,18,2.7,0.0,0.0,0.0,2.0,0.3,32690.0,171.0,173.0,23.25,25.662,16.0,0.28800000000000026,False,0.28800000000000026,0.155,4.65,1.858064516129034,2025-06-01,Delimarket Gourmet,Tiendas Especializadas,Centro,Bogotá y Sabana,Bogotá,Especialidad,PROVOLONE TAJADO LOMA DORADA 150G,0.15,UND,PROVOLONE,QUESOS TAJADOS PREMIUM,QUESOS MADURADOS,regular,LOMA DORADA,IMPORTADO,2025-06
C013,110109,2025-06-30,13,1.95,0.0,0.0,0.0,1.0,0.15,17550.0,157.0,158.0,23.55,23.088,12.0,2.411999999999999,False,2.411999999999999,0.13499999999999998,4.05,17.866666666666664,2025-06-01,La Mesa Premium,Tiendas Especializadas,Occidente,,Cali,Especialidad,IBERICO CUÑA MONTE AZUL 150G,0.15,UND,IBERICO,CUÑAS PREMIUM,QUESOS MADURADOS,regular,MONTE AZUL,IMPORTADO,2025-06
C005,130103,2025-06-30,213,61.344,0.0,0.0,0.0,22.0,6.336,165630.0,2859.0,2988.0,823.392,860.797,84.0,23.939000000000078,False,23.939000000000078,4.6176,138.52800000000002,5.184294871794888,2025-06-01,PrecioListo,Hard Discount,Antioquia,Valle de Aburrá,Medellín,Discounter,LONCHAS AMERICANAS DELILAT 288G,0.288,UND,CHEDDAR ANALOGO,LONCHITAS,QUESOS ANALOGOS,regular,DELILAT,MAQUILA,2025-06
C001,110112,2025-06-30,239,23.9,134.0,13.4,709640.0,11.0,1.1,76270.0,2224.0,2245.0,222.4,222.424,218.0,23.876000000000005,False,23.876000000000005,1.3133333333333332,39.4,18.179695431472087,2025-06-01,HiperMax Nacional,Grandes Superficies,Centro,Bogotá y Sabana,Bogotá,Hipermercado,PARMESANO RALLADO ORO LECHE 100G,0.1,UND,TIPO PARMESANO,RALLADOS,QUESO PARMESANO,regular,ORO LECHE,MAQUILA,2025-06
C004,110113,2025-06-30,145,36.25,0.0,0.0,0.0,9.0,2.25,125060.0,1745.0,1782.0,436.25,445.74,108.0,26.75999999999999,False,26.75999999999999,2.5780000000000003,77.34,10.380139643134207,2025-06-01,Descuento Ya,Hard Discount,Centro,Bogotá y Sabana,Bogotá,Discounter,PARMESANO RALLADO ORO LECHE 250G,0.25,UND,TIPO PARMESANO,RALLADOS,QUESO PARMESANO,regular,ORO LECHE,MAQUILA,2025-06
C015,130101,2025-06-30,29,4.35,0.0,0.0,0.0,5.0,0.75,28180.0,367.0,376.0,51.6,55.626,20.0,0.3240000000000052,False,0.3240000000000052,0.31880000000000003,9.564,1.0163111668758003,2025-06-01,Abarrotes Norte,Tradicional Modernizado,Caribe,Costa Norte,Barranquilla,Supermercado Regional,CHEDDAR ESTILO AMERICANO DELILAT 150G,0.15,UND,CHEDDAR ANALOGO,LONCHAS,QUESOS ANALOGOS,regular,DELILAT,MAQUILA,2025-06
C001,120104,2025-06-30,143,28.6,0.0,0.0,0.0,7.0,1.4,56230.0,1277.0,1338.0,255.4,265.616,82.0,18.384000000000015,False,18.384000000000015,1.5479999999999998,46.44,11.875968992248072,2025-06-01,HiperMax Nacional,Grandes Superficies,Centro,Bogotá y Sabana,Bogotá,Hipermercado,MOZZARELLA LIGHT CAMPOCLARO 200G,0.2,UND,MOZZARELLA,QUESOS TAJADOS,QUESOS FRESCOS,regular,CAMPOCLARO,NACIONAL,2025-06
C013,900102,2025-06-30,19,1.52,0.0,0.0,0.0,0.0,0.0,0.0,210.0,213.0,15.28,16.653,16.0,0.14700000000000202,False,0.14700000000000202,0.09643333333333333,2.893,1.5243691669547392,2025-06-01,La Mesa Premium,Tiendas Especializadas,Occidente,,Cali,Especialidad,PEPPERONI TAJADO CASA IBERIA 80G,0.08,UND,PEPPERONI,CHARCUTERIA,CARNES MADURADAS,regular,CASA IBERIA,IMPORTADO,2025-06
C018,110113,2025-06-30,114,28.5,0.0,0.0,0.0,2.0,0.5,28360.0,1300.0,1372.0,325.0,339.24,42.0,14.259999999999991,False,14.259999999999991,1.6833333333333333,50.5,8.471287128712866,2025-06-01,Cadena Uno,Hard Discount,Occidente,Valle del Cauca,Cali,Discounter,PARMESANO RALLADO ORO LECHE 250G,0.25,UND,TIPO PARMESANO,RALLADOS,QUESO PARMESANO,regular,ORO LECHE,MAQUILA,2025-06
C005,110113,2025-06-30,105,26.25,0.0,0.0,0.0,7.0,1.75,100290.0,1435.0,1447.0,320.25,355.64,93.0,-9.139999999999986,True,0.0,2.0166666666666666,60.5,0.0,2025-06-01,PrecioListo,Hard Discount,Antioquia,Valle de Aburrá,Medellín,Discounter,PARMESANO RALLADO ORO LECHE 250G,0.25,UND,TIPO PARMESANO,RALLADOS,QUESO PARMESANO,regular,ORO LECHE,MAQUILA,2025-06
C013,110114,2025-06-30,14,3.5,0.0,0.0,0.0,1.0,0.25,27450.0,144.0,152.0,36.0,37.29,6.0,2.210000000000001,False,2.210000000000001,0.2833333333333333,8.5,7.800000000000003,2025-06-01,La Mesa Premium,Tiendas Especializadas,Occidente,,Cali,Especialidad,GOUDA NATURAL CUÑA LOMA DORADA 250G,0.25,UND,GOUDA NATURAL,CUÑAS,QUESOS MADURADOS,regular,LOMA DORADA,IMPORTADO,2025-06
C018,300102,2025-06-30,96,22.08,0.0,0.0,0.0,6.0,1.27,52260.0,1347.0,1409.0,309.81,319.912,34.0,11.978000000000009,False,11.978000000000009,1.6983333333333333,50.949999999999996,7.052796859666345,2025-06-01,Cadena Uno,Hard Discount,Occidente,Valle del Cauca,Cali,Discounter,JAMON DE PAVO FINAS LONCHAS SIERRA CARNES 230G,0.23,UND,JAMON PAVO,LONCHAS,CARNES FRIAS,regular,SIERRA CARNES,NACIONAL,2025-06
C017,900101,2025-06-30,4,0.32,0.0,0.0,0.0,0.0,0.0,0.0,89.0,90.0,6.88,7.212,3.0,-0.011999999999999567,True,0.0,0.05600000000000001,1.6800000000000002,0.0,2025-06-01,RapiExpress,E-commerce,Centro,Bogotá y Sabana,Bogotá,Quick Commerce,SALAMI TAJADO CASA IBERIA 80G,0.08,UND,SALAMI,CHARCUTERIA,CARNES MADURADAS,regular,CASA IBERIA,IMPORTADO,2025-06
C012,900101,2025-06-30,24,1.92,0.0,0.0,0.0,0.0,0.0,0.0,242.0,253.0,19.36,19.44,13.0,1.8399999999999999,False,1.8399999999999999,0.104,3.1199999999999997,17.692307692307693,2025-06-01,Delimarket Gourmet,Tiendas Especializadas,Centro,Bogotá y Sabana,Bogotá,Especialidad,SALAMI TAJADO CASA IBERIA 80G,0.08,UND,SALAMI,CHARCUTERIA,CARNES MADURADAS,regular,CASA IBERIA,IMPORTADO,2025-06
C017,130101,2025-06-30,6,0.9,4.0,0.6,17740.0,1.0,0.15,5920.0,137.0,137.0,20.55,20.526,6.0,0.9239999999999995,False,0.9239999999999995,0.11000000000000001,3.3000000000000003,8.399999999999995,2025-06-01,RapiExpress,E-commerce,Centro,Bogotá y Sabana,Bogotá,Quick Commerce,CHEDDAR ESTILO AMERICANO DELILAT 150G,0.15,UND,CHEDDAR ANALOGO,LONCHAS,QUESOS ANALOGOS,regular,DELILAT,MAQUILA,2025-06
C002,130103,2025-06-30,124,35.712,0.0,0.0,0.0,8.0,2.304,65250.0,1373.0,1392.0,371.52,389.26099999999997,105.0,17.971000000000004,False,17.971000000000004,2.0874333333333333,62.623,8.609137217955066,2025-06-01,SuperAhorro,Grandes Superficies,Antioquia,Valle de Aburrá,Medellín,Supermercado,LONCHAS AMERICANAS DELILAT 288G,0.288,UND,CHEDDAR ANALOGO,LONCHITAS,QUESOS ANALOGOS,regular,DELILAT,MAQUILA,2025-06
C006,130104,2025-06-30,112,16.8,0.0,0.0,0.0,16.0,2.4,86460.0,1756.0,1772.0,263.4,258.318,96.0,21.882000000000005,False,21.882000000000005,1.5450000000000002,46.35,14.163106796116507,2025-06-01,PuntoMenos Caribe,Hard Discount,Caribe,Costa Norte,Cartagena,Discounter,PIZZA MIX RALLADO DELILAT 150G,0.15,UND,MIXTO QUESOS,RALLADOS,QUESOS ANALOGOS,regular,DELILAT,MAQUILA,2025-06
C017,900102,2025-06-30,6,0.48,3.0,0.24,22680.0,2.0,0.16,20870.0,96.0,97.0,7.44,7.759,5.0,0.1609999999999996,False,0.1609999999999996,0.06666666666666667,2.0,2.414999999999994,2025-06-01,RapiExpress,E-commerce,Centro,Bogotá y Sabana,Bogotá,Quick Commerce,PEPPERONI TAJADO CASA IBERIA 80G,0.08,UND,PEPPERONI,CHARCUTERIA,CARNES MADURADAS,regular,CASA IBERIA,IMPORTADO,2025-06
C002,190103,2025-06-30,22,0.0,0.0,0.0,0.0,0.0,0.0,0.0,0.0,2.0,0.0,1.2,20.0,-1.2,True,0.0,0.0,0.0,,2025-06-01,SuperAhorro,Grandes Superficies,Antioquia,Valle de Aburrá,Medellín,Supermercado,RACLETTE CELEBRACION LOMA DORADA 600G,0.6,UND,MIXTO QUESOS,TEMPORADA,QUESOS MADURADOS,temporada,LOMA DORADA,IMPORTADO,2025-06
C013,110101,2025-06-30,19,2.85,0.0,0.0,0.0,0.0,0.0,0.0,160.0,163.0,24.0,23.25,16.0,3.6000000000000014,False,3.6000000000000014,0.13,3.9,27.692307692307704,2025-06-01,La Mesa Premium,Tiendas Especializadas,Occidente,,Cali,Especialidad,GOUDA AHUMADO TAJADO LOMA DORADA 150G,0.15,UND,GOUDA AHUMADO,QUESOS TAJADOS PREMIUM,QUESOS MADURADOS,regular,LOMA DORADA,IMPORTADO,2025-06
C001,110107,2025-06-30,61,7.625,0.0,0.0,0.0,2.0,0.25,25810.0,851.0,851.0,106.375,104.45,61.0,9.549999999999997,False,9.549999999999997,0.6191666666666666,18.575,15.42395693135935,2025-06-01,HiperMax Nacional,Grandes Superficies,Centro,Bogotá y Sabana,Bogotá,Hipermercado,CAMEMBERT CUÑA MONTE AZUL 125G,0.125,UND,CAMEMBERT,QUESOS BLANDOS,QUESOS MADURADOS,regular,MONTE AZUL,IMPORTADO,2025-06
C017,110108,2025-06-30,3,0.45,0.0,0.0,0.0,0.0,0.0,0.0,69.0,69.0,10.35,10.35,3.0,0.4499999999999993,False,0.4499999999999993,0.055,1.65,8.18181818181817,2025-06-01,RapiExpress,E-commerce,Centro,Bogotá y Sabana,Bogotá,Quick Commerce,MANCHEGO CUÑA MONTE AZUL 150G,0.15,UND,MANCHEGO,CUÑAS PREMIUM,QUESOS MADURADOS,regular,MONTE AZUL,IMPORTADO,2025-06
C016,120101,2025-06-30,92,0.0,0.0,0.0,0.0,6.0,1.5,61380.0,1008.0,1019.0,252.0,246.25,81.0,5.75,False,5.75,1.5166666666666666,45.5,3.7912087912087915,2025-06-01,Canasta Familiar,Grandes Superficies,Santanderes,Bucaramanga Metropolitana,Bucaramanga,Supermercado,MOZZARELLA TAJADA CAMPOCLARO 250G,0.25,UND,MOZZARELLA,QUESOS TAJADOS,QUESOS FRESCOS,regular,CAMPOCLARO,NACIONAL,2025-06
C002,130101,2025-06-30,104,15.6,0.0,0.0,0.0,7.0,1.05,40530.0,1430.0,1431.0,200.1,209.214,103.0,6.48599999999999,False,6.48599999999999,1.2888,38.664,5.032588454376157,2025-06-01,SuperAhorro,Grandes Superficies,Antioquia,Valle de Aburrá,Medellín,Supermercado,CHEDDAR ESTILO AMERICANO DELILAT 150G,0.15,UND,CHEDDAR ANALOGO,LONCHAS,QUESOS ANALOGOS,regular,DELILAT,MAQUILA,2025-06
C016,110103,2025-06-30,45,6.75,0.0,0.0,0.0,2.0,0.3,28630.0,575.0,577.0,86.25,85.818,43.0,7.182000000000002,False,7.182000000000002,0.47,14.1,15.280851063829793,2025-06-01,Canasta Familiar,Grandes Superficies,Santanderes,Bucaramanga Metropolitana,Bucaramanga,Supermercado,MUENSTER TAJADO LOMA DORADA 150G,0.15,UND,MUENSTER,QUESOS TAJADOS PREMIUM,QUESOS MADURADOS,regular,LOMA DORADA,IMPORTADO,2025-06
C003,110113,2025-06-30,58,14.5,0.0,0.0,0.0,7.0,1.75,106880.0,784.0,806.0,196.0,196.75,36.0,13.75,False,13.75,1.025,30.75,13.414634146341465,2025-06-01,MaxiCompra Caribe,Grandes Superficies,Caribe,Costa Norte,Barranquilla,Supermercado,PARMESANO RALLADO ORO LECHE 250G,0.25,UND,TIPO PARMESANO,RALLADOS,QUESO PARMESANO,regular,ORO LECHE,MAQUILA,2025-06
C013,110106,2025-06-30,10,1.25,0.0,0.0,0.0,1.0,0.125,13980.0,115.0,119.0,14.375,14.865,6.0,0.7599999999999998,False,0.7599999999999998,0.0875,2.625,8.685714285714283,2025-06-01,La Mesa Premium,Tiendas Especializadas,Occidente,,Cali,Especialidad,BRIE CUÑA MONTE AZUL 125G,0.125,UND,BRIE,QUESOS BLANDOS,QUESOS MADURADOS,regular,MONTE AZUL,IMPORTADO,2025-06
C006,300102,2025-06-30,97,22.31,0.0,0.0,0.0,6.0,1.38,50900.0,1128.0,1164.0,259.44,264.27,61.0,17.480000000000018,False,17.480000000000018,1.5256666666666665,45.769999999999996,11.457286432160817,2025-06-01,PuntoMenos Caribe,Hard Discount,Caribe,Costa Norte,Cartagena,Discounter,JAMON DE PAVO FINAS LONCHAS SIERRA CARNES 230G,0.23,UND,JAMON PAVO,LONCHAS,CARNES FRIAS,regular,SIERRA CARNES,NACIONAL,2025-06
C016,120104,2025-06-30,81,16.2,0.0,0.0,0.0,7.0,1.4,56940.0,867.0,882.0,160.6,176.32,66.0,0.47999999999998977,False,0.47999999999998977,1.044,31.32,0.4597701149425189,2025-06-01,Canasta Familiar,Grandes Superficies,Santanderes,Bucaramanga Metropolitana,Bucaramanga,Supermercado,MOZZARELLA LIGHT CAMPOCLARO 200G,0.2,UND,MOZZARELLA,QUESOS TAJADOS,QUESOS FRESCOS,regular,CAMPOCLARO,NACIONAL,2025-06
C012,110102,2025-06-30,21,3.15,0.0,0.0,0.0,0.0,0.0,0.0,219.0,223.0,27.0,32.85,17.0,-2.700000000000003,True,0.0,0.185,5.55,0.0,2025-06-01,Delimarket Gourmet,Tiendas Especializadas,Centro,Bogotá y Sabana,Bogotá,Especialidad,HOLANDES TAJADO LOMA DORADA 150G,0.15,UND,HOLANDES,QUESOS TAJADOS PREMIUM,QUESOS MADURADOS,regular,LOMA DORADA,IMPORTADO,2025-06
C012,190101,2025-06-30,7,2.8,0.0,0.0,0.0,0.0,0.0,0.0,0.0,1.0,0.0,0.4,6.0,2.4,False,2.4,0.0,0.0,,2025-06-01,Delimarket Gourmet,Tiendas Especializadas,Centro,Bogotá y Sabana,Bogotá,Especialidad,TABLA APERITIVO NAVIDEÑA MONTE AZUL 400G,0.4,UND,MIXTO QUESOS,TEMPORADA,QUESOS MADURADOS,temporada,MONTE AZUL,IMPORTADO,2025-06
C017,300102,2025-06-30,4,0.92,2.0,0.46,14640.0,0.0,0.0,0.0,154.0,154.0,33.12,35.42,4.0,-1.3800000000000026,True,0.0,0.07666666666666667,2.3000000000000003,0.0,2025-06-01,RapiExpress,E-commerce,Centro,Bogotá y Sabana,Bogotá,Quick Commerce,JAMON DE PAVO FINAS LONCHAS SIERRA CARNES 230G,0.23,UND,JAMON PAVO,LONCHAS,CARNES FRIAS,regular,SIERRA CARNES,NACIONAL,2025-06
C012,110110,2025-06-30,8,2.88,0.0,0.0,0.0,0.0,0.0,0.0,93.0,95.0,33.480000000000004,32.76,6.0,3.6000000000000085,False,3.6000000000000085,0.192,5.76,18.750000000000043,2025-06-01,Delimarket Gourmet,Tiendas Especializadas,Centro,Bogotá y Sabana,Bogotá,Especialidad,MIX QUESOS PREMIUM MONTE AZUL 360G,0.36,UND,MIXTO QUESOS,MEZCLAS PREMIUM,QUESOS MADURADOS,regular,MONTE AZUL,IMPORTADO,2025-06
C002,900103,2025-06-30,58,4.64,0.0,0.0,0.0,5.0,0.4,54010.0,791.0,792.0,63.28,62.893,57.0,5.027000000000001,False,5.027000000000001,0.35553333333333337,10.666,14.139321207575476,2025-06-01,SuperAhorro,Grandes Superficies,Antioquia,Valle de Aburrá,Medellín,Supermercado,JAMON SERRANO TAJADO CASA IBERIA 80G,0.08,UND,JAMON SERRANO,CHARCUTERIA,CARNES MADURADAS,regular,CASA IBERIA,IMPORTADO,2025-06
C015,120101,2025-06-30,35,8.75,0.0,0.0,0.0,3.0,0.75,29350.0,339.0,355.0,84.75,87.44,19.0,6.060000000000002,False,6.060000000000002,0.5166666666666667,15.5,11.72903225806452,2025-06-01,Abarrotes Norte,Tradicional Modernizado,Caribe,Costa Norte,Barranquilla,Supermercado Regional,MOZZARELLA TAJADA CAMPOCLARO 250G,0.25,UND,MOZZARELLA,QUESOS TAJADOS,QUESOS FRESCOS,regular,CAMPOCLARO,NACIONAL,2025-06
C012,110114,2025-06-30,20,5.0,0.0,0.0,0.0,0.0,0.0,0.0,162.0,168.0,40.5,40.81,14.0,4.689999999999998,False,4.689999999999998,0.24166666666666667,7.25,19.406896551724127,2025-06-01,Delimarket Gourmet,Tiendas Especializadas,Centro,Bogotá y Sabana,Bogotá,Especialidad,GOUDA NATURAL CUÑA LOMA DORADA 250G,0.25,UND,GOUDA NATURAL,CUÑAS,QUESOS MADURADOS,regular,LOMA DORADA,IMPORTADO,2025-06
C001,110101,2025-06-30,97,14.55,72.0,10.8,798530.0,6.0,0.9,85960.0,1035.0,1032.0,155.25,152.754,100.0,17.04600000000002,False,17.04600000000002,0.78,23.400000000000002,21.85384615384618,2025-06-01,HiperMax Nacional,Grandes Superficies,Centro,Bogotá y Sabana,Bogotá,Hipermercado,GOUDA AHUMADO TAJADO LOMA DORADA 150G,0.15,UND,GOUDA AHUMADO,QUESOS TAJADOS PREMIUM,QUESOS MADURADOS,regular,LOMA DORADA,IMPORTADO,2025-06
C001,900102,2025-06-30,121,9.68,0.0,0.0,0.0,6.0,0.48,58170.0,1058.0,1125.0,84.64,88.48,54.0,5.839999999999989,False,5.839999999999989,0.4533333333333333,13.6,12.882352941176448,2025-06-01,HiperMax Nacional,Grandes Superficies,Centro,Bogotá y Sabana,Bogotá,Hipermercado,PEPPERONI TAJADO CASA IBERIA 80G,0.08,UND,PEPPERONI,CHARCUTERIA,CARNES MADURADAS,regular,CASA IBERIA,IMPORTADO,2025-06
C016,900102,2025-06-30,72,5.76,0.0,0.0,0.0,4.0,0.32,38890.0,649.0,680.0,51.92,52.221000000000004,41.0,5.458999999999996,False,5.458999999999996,0.2693333333333333,8.08,20.26856435643563,2025-06-01,Canasta Familiar,Grandes Superficies,Santanderes,Bucaramanga Metropolitana,Bucaramanga,Supermercado,PEPPERONI TAJADO CASA IBERIA 80G,0.08,UND,PEPPERONI,CHARCUTERIA,CARNES MADURADAS,regular,CASA IBERIA,IMPORTADO,2025-06
C003,110112,2025-06-30,120,12.0,0.0,0.0,0.0,8.0,0.8,55480.0,3236.0,3248.0,323.6,320.2,108.0,15.400000000000034,False,15.400000000000034,0.9966666666666667,29.900000000000002,15.451505016722441,2025-06-01,MaxiCompra Caribe,Grandes Superficies,Caribe,Costa Norte,Barranquilla,Supermercado,PARMESANO RALLADO ORO LECHE 100G,0.1,UND,TIPO PARMESANO,RALLADOS,QUESO PARMESANO,regular,ORO LECHE,MAQUILA,2025-06
C006,110112,2025-06-30,125,12.5,0.0,0.0,0.0,11.0,1.1,68760.0,1826.0,1841.0,182.6,184.004,110.0,11.096000000000004,False,11.096000000000004,1.07,32.1,10.370093457943929,2025-06-01,PuntoMenos Caribe,Hard Discount,Caribe,Costa Norte,Cartagena,Discounter,PARMESANO RALLADO ORO LECHE 100G,0.1,UND,TIPO PARMESANO,RALLADOS,QUESO PARMESANO,regular,ORO LECHE,MAQUILA,2025-06
C003,190102,2025-06-30,28,14.0,0.0,0.0,0.0,1.0,0.5,30030.0,0.0,4.0,0.0,2.0,24.0,12.0,False,12.0,0.03333333333333333,1.0,360.0,2025-06-01,MaxiCompra Caribe,Grandes Superficies,Caribe,Costa Norte,Barranquilla,Supermercado,DUO FESTIVO QUESOS Y CARNES 500G,0.5,UND,MIXTO QUESOS-CARNES,TEMPORADA,QUESOS MADURADOS,temporada,MONTE AZUL,MAQUILA,2025-06
C014,300102,2025-06-30,61,14.03,0.0,0.0,0.0,4.0,0.92,38910.0,851.0,845.0,181.7,187.71699999999998,67.0,8.013000000000005,False,8.013000000000005,1.0963333333333334,32.89,7.308908482821531,2025-06-01,Plaza Hogar,Grandes Superficies,Occidente,Valle del Cauca,Cali,Hipermercado,JAMON DE PAVO FINAS LONCHAS SIERRA CARNES 230G,0.23,UND,JAMON PAVO,LONCHAS,CARNES FRIAS,regular,SIERRA CARNES,NACIONAL,2025-06
C002,900102,2025-06-30,86,6.88,0.0,0.0,0.0,5.0,0.4,48850.0,1704.0,1781.0,136.32,141.252,9.0,1.947999999999979,False,1.947999999999979,0.43200000000000005,12.96,4.509259259259211,2025-06-01,SuperAhorro,Grandes Superficies,Antioquia,Valle de Aburrá,Medellín,Supermercado,PEPPERONI TAJADO CASA IBERIA 80G,0.08,UND,PEPPERONI,CHARCUTERIA,CARNES MADURADAS,regular,CASA IBERIA,IMPORTADO,2025-06
C013,900103,2025-06-30,18,1.44,0.0,0.0,0.0,0.0,0.0,0.0,224.0,239.0,17.92,18.96,3.0,0.40000000000000213,False,0.40000000000000213,0.12533333333333335,3.7600000000000002,3.191489361702144,2025-06-01,La Mesa Premium,Tiendas Especializadas,Occidente,,Cali,Especialidad,JAMON SERRANO TAJADO CASA IBERIA 80G,0.08,UND,JAMON SERRANO,CHARCUTERIA,CARNES MADURADAS,regular,CASA IBERIA,IMPORTADO,2025-06
C014,110113,2025-06-30,68,17.0,0.0,0.0,0.0,5.0,1.25,80150.0,730.0,756.0,182.5,186.92,42.0,12.580000000000013,False,12.580000000000013,1.25,37.5,10.06400000000001,2025-06-01,Plaza Hogar,Grandes Superficies,Occidente,Valle del Cauca,Cali,Hipermercado,PARMESANO RALLADO ORO LECHE 250G,0.25,UND,TIPO PARMESANO,RALLADOS,QUESO PARMESANO,regular,ORO LECHE,MAQUILA,2025-06
C012,110106,2025-06-30,15,1.875,0.0,0.0,0.0,2.0,0.25,28780.0,145.0,151.0,18.125,18.75,9.0,1.25,False,1.25,0.12083333333333333,3.625,10.344827586206897,2025-06-01,Delimarket Gourmet,Tiendas Especializadas,Centro,Bogotá y Sabana,Bogotá,Especialidad,BRIE CUÑA MONTE AZUL 125G,0.125,UND,BRIE,QUESOS BLANDOS,QUESOS MADURADOS,regular,MONTE AZUL,IMPORTADO,2025-06
C016,900101,2025-06-30,52,4.16,36.0,2.88,275810.0,1.0,0.08,10330.0,622.0,617.0,46.4,49.36,57.0,1.2000000000000028,False,1.2000000000000028,0.23466666666666666,7.04,5.113636363636376,2025-06-01,Canasta Familiar,Grandes Superficies,Santanderes,Bucaramanga Metropolitana,Bucaramanga,Supermercado,SALAMI TAJADO CASA IBERIA 80G,0.08,UND,SALAMI,CHARCUTERIA,CARNES MADURADAS,regular,CASA IBERIA,IMPORTADO,2025-06
C006,130101,2025-06-30,242,36.3,0.0,0.0,0.0,25.0,3.75,131170.0,3374.0,3546.0,506.09999999999997,522.972,70.0,19.427999999999997,False,19.427999999999997,3.0549999999999997,91.64999999999999,6.359410801963993,2025-06-01,PuntoMenos Caribe,Hard Discount,Caribe,Costa Norte,Cartagena,Discounter,CHEDDAR ESTILO AMERICANO DELILAT 150G,0.15,UND,CHEDDAR ANALOGO,LONCHAS,QUESOS ANALOGOS,regular,DELILAT,MAQUILA,2025-06
C013,110115,2025-06-30,11,2.75,0.0,0.0,0.0,2.0,0.5,54490.0,146.0,148.0,36.5,36.44,9.0,2.8100000000000023,False,2.8100000000000023,0.175,5.25,16.05714285714287,2025-06-01,La Mesa Premium,Tiendas Especializadas,Occidente,,Cali,Especialidad,FETA CUBOS CASA SIERRA 250G,0.25,UND,FETA,ESPECIALES,QUESOS MADURADOS,regular,CASA SIERRA,IMPORTADO,2025-06
C002,120101,2025-06-30,116,29.0,0.0,0.0,0.0,5.0,1.25,49380.0,1549.0,1535.0,387.25,381.75,130.0,34.5,False,34.5,2.1166666666666667,63.5,16.299212598425196,2025-06-01,SuperAhorro,Grandes Superficies,Antioquia,Valle de Aburrá,Medellín,Supermercado,MOZZARELLA TAJADA CAMPOCLARO 250G,0.25,UND,MOZZARELLA,QUESOS TAJADOS,QUESOS FRESCOS,regular,CAMPOCLARO,NACIONAL,2025-06
C003,120104,2025-06-30,86,17.2,0.0,0.0,0.0,4.0,0.8,32890.0,817.0,852.0,153.8,167.544,51.0,3.455999999999989,False,3.455999999999989,0.8962666666666667,26.887999999999998,3.855995239512038,2025-06-01,MaxiCompra Caribe,Grandes Superficies,Caribe,Costa Norte,Barranquilla,Supermercado,MOZZARELLA LIGHT CAMPOCLARO 200G,0.2,UND,MOZZARELLA,QUESOS TAJADOS,QUESOS FRESCOS,regular,CAMPOCLARO,NACIONAL,2025-06
C004,300102,2025-06-30,99,22.77,0.0,0.0,0.0,11.0,2.53,94820.0,1728.0,1795.0,397.44,404.11,32.0,16.099999999999966,False,16.099999999999966,2.2616666666666663,67.85,7.1186440677965965,2025-06-01,Descuento Ya,Hard Discount,Centro,Bogotá y Sabana,Bogotá,Discounter,JAMON DE PAVO FINAS LONCHAS SIERRA CARNES 230G,0.23,UND,JAMON PAVO,LONCHAS,CARNES FRIAS,regular,SIERRA CARNES,NACIONAL,2025-06
C006,120101,2025-06-30,133,33.25,0.0,0.0,0.0,10.0,2.5,93850.0,1910.0,2002.0,477.5,490.09,41.0,20.660000000000025,False,20.660000000000025,3.1083333333333334,93.25,6.646648793565691,2025-06-01,PuntoMenos Caribe,Hard Discount,Caribe,Costa Norte,Cartagena,Discounter,MOZZARELLA TAJADA CAMPOCLARO 250G,0.25,UND,MOZZARELLA,QUESOS TAJADOS,QUESOS FRESCOS,regular,CAMPOCLARO,NACIONAL,2025-06
C001,120101,2025-06-30,269,67.25,189.0,47.25,1431920.0,13.0,3.25,132010.0,2682.0,2689.0,670.5,662.78,262.0,74.97000000000003,False,74.97000000000003,3.875,116.25,19.347096774193556,2025-06-01,HiperMax Nacional,Grandes Superficies,Centro,Bogotá y Sabana,Bogotá,Hipermercado,MOZZARELLA TAJADA CAMPOCLARO 250G,0.25,UND,MOZZARELLA,QUESOS TAJADOS,QUESOS FRESCOS,regular,CAMPOCLARO,NACIONAL,2025-06
C012,110107,2025-06-30,16,2.0,0.0,0.0,0.0,1.0,0.125,14000.0,186.0,185.0,23.25,22.75,17.0,2.5,False,2.5,0.15833333333333333,4.75,15.789473684210527,2025-06-01,Delimarket Gourmet,Tiendas Especializadas,Centro,Bogotá y Sabana,Bogotá,Especialidad,CAMEMBERT CUÑA MONTE AZUL 125G,0.125,UND,CAMEMBERT,QUESOS BLANDOS,QUESOS MADURADOS,regular,MONTE AZUL,IMPORTADO,2025-06
C004,300101,2025-06-30,151,34.73,0.0,0.0,0.0,14.0,3.22,114630.0,2128.0,2180.0,489.44,499.1,99.0,25.069999999999936,False,25.069999999999936,2.8519999999999994,85.55999999999999,8.79032258064514,2025-06-01,Descuento Ya,Hard Discount,Centro,Bogotá y Sabana,Bogotá,Discounter,JAMON DE CERDO FINAS LONCHAS SIERRA CARNES 230G,0.23,UND,JAMON CERDO,LONCHAS,CARNES FRIAS,regular,SIERRA CARNES,NACIONAL,2025-06
C016,300101,2025-06-30,88,20.24,0.0,0.0,0.0,2.0,0.46,18160.0,824.0,873.0,189.52,198.849,39.0,10.91100000000003,False,10.91100000000003,0.9276666666666666,27.83,11.761767876392415,2025-06-01,Canasta Familiar,Grandes Superficies,Santanderes,Bucaramanga Metropolitana,Bucaramanga,Supermercado,JAMON DE CERDO FINAS LONCHAS SIERRA CARNES 230G,0.23,UND,JAMON CERDO,LONCHAS,CARNES FRIAS,regular,SIERRA CARNES,NACIONAL,2025-06
C014,110114,2025-06-30,74,18.5,68.0,17.0,1233860.0,3.0,0.75,73380.0,1476.0,1482.0,369.0,361.22,68.0,26.279999999999973,False,26.279999999999973,1.2,36.0,21.899999999999977,2025-06-01,Plaza Hogar,Grandes Superficies,Occidente,Valle del Cauca,Cali,Hipermercado,GOUDA NATURAL CUÑA LOMA DORADA 250G,0.25,UND,GOUDA NATURAL,CUÑAS,QUESOS MADURADOS,regular,LOMA DORADA,IMPORTADO,2025-06
C003,110103,2025-06-30,72,10.8,46.0,6.9,511130.0,7.0,1.05,102270.0,793.0,790.0,118.95,116.748,75.0,13.001999999999995,False,13.001999999999995,0.735,22.05,17.68979591836734,2025-06-01,MaxiCompra Caribe,Grandes Superficies,Caribe,Costa Norte,Barranquilla,Supermercado,MUENSTER TAJADO LOMA DORADA 150G,0.15,UND,MUENSTER,QUESOS TAJADOS PREMIUM,QUESOS MADURADOS,regular,LOMA DORADA,IMPORTADO,2025-06
C014,900104,2025-06-30,74,5.92,48.0,3.84,342070.0,3.0,0.24,28110.0,851.0,844.0,67.576,65.677,81.0,7.818999999999988,False,7.818999999999988,0.35413333333333336,10.624,22.079254518072254,2025-06-01,Plaza Hogar,Grandes Superficies,Occidente,Valle del Cauca,Cali,Hipermercado,CHORIZO TAJADO CASA IBERIA 80G,0.08,UND,CHORIZO,CHARCUTERIA,CARNES MADURADAS,regular,CASA IBERIA,IMPORTADO,2025-06
C013,110110,2025-06-30,10,3.6,0.0,0.0,0.0,1.0,0.36,37510.0,76.0,84.0,25.560000000000002,29.102,2.0,0.05800000000000338,False,0.05800000000000338,0.15406666666666666,4.622,0.37646040675034653,2025-06-01,La Mesa Premium,Tiendas Especializadas,Occidente,,Cali,Especialidad,MIX QUESOS PREMIUM MONTE AZUL 360G,0.36,UND,MIXTO QUESOS,MEZCLAS PREMIUM,QUESOS MADURADOS,regular,MONTE AZUL,IMPORTADO,2025-06
C018,900102,2025-06-30,93,7.44,0.0,0.0,0.0,15.0,1.2,136280.0,1170.0,1222.0,93.60000000000001,97.52,41.0,3.5200000000000102,False,3.5200000000000102,0.5840000000000001,17.520000000000003,6.02739726027399,2025-06-01,Cadena Uno,Hard Discount,Occidente,Valle del Cauca,Cali,Discounter,PEPPERONI TAJADO CASA IBERIA 80G,0.08,UND,PEPPERONI,CHARCUTERIA,CARNES MADURADAS,regular,CASA IBERIA,IMPORTADO,2025-06
C013,900101,2025-06-30,19,1.52,0.0,0.0,0.0,1.0,0.08,10840.0,146.0,149.0,11.68,11.92,16.0,1.2799999999999994,False,1.2799999999999994,0.06953333333333332,2.086,18.408437200383503,2025-06-01,La Mesa Premium,Tiendas Especializadas,Occidente,,Cali,Especialidad,SALAMI TAJADO CASA IBERIA 80G,0.08,UND,SALAMI,CHARCUTERIA,CARNES MADURADAS,regular,CASA IBERIA,IMPORTADO,2025-06
C003,190101,2025-06-30,14,5.6,0.0,0.0,0.0,0.0,0.0,0.0,0.0,6.0,0.0,2.4000000000000004,8.0,3.1999999999999993,False,3.1999999999999993,0.05333333333333334,1.6,59.999999999999986,2025-06-01,MaxiCompra Caribe,Grandes Superficies,Caribe,Costa Norte,Barranquilla,Supermercado,TABLA APERITIVO NAVIDEÑA MONTE AZUL 400G,0.4,UND,MIXTO QUESOS,TEMPORADA,QUESOS MADURADOS,temporada,MONTE AZUL,IMPORTADO,2025-06
C012,190102,2025-06-30,7,3.5,0.0,0.0,0.0,0.0,0.0,0.0,0.0,1.0,0.0,0.5,6.0,3.0,False,3.0,0.0,0.0,,2025-06-01,Delimarket Gourmet,Tiendas Especializadas,Centro,Bogotá y Sabana,Bogotá,Especialidad,DUO FESTIVO QUESOS Y CARNES 500G,0.5,UND,MIXTO QUESOS-CARNES,TEMPORADA,QUESOS MADURADOS,temporada,MONTE AZUL,MAQUILA,2025-06
C016,110112,2025-06-30,136,13.6,72.0,7.2,375900.0,9.0,0.9,62330.0,1216.0,1229.0,121.6,121.216,123.0,13.983999999999995,False,13.983999999999995,0.7301333333333333,21.904,19.1526661796932,2025-06-01,Canasta Familiar,Grandes Superficies,Santanderes,Bucaramanga Metropolitana,Bucaramanga,Supermercado,PARMESANO RALLADO ORO LECHE 100G,0.1,UND,TIPO PARMESANO,RALLADOS,QUESO PARMESANO,regular,ORO LECHE,MAQUILA,2025-06
C003,900102,2025-06-30,85,6.8,55.0,4.4,407510.0,5.0,0.4,47950.0,818.0,823.0,61.120000000000005,64.8,80.0,3.1200000000000045,False,3.1200000000000045,0.34933333333333333,10.48,8.931297709923678,2025-06-01,MaxiCompra Caribe,Grandes Superficies,Caribe,Costa Norte,Barranquilla,Supermercado,PEPPERONI TAJADO CASA IBERIA 80G,0.08,UND,PEPPERONI,CHARCUTERIA,CARNES MADURADAS,regular,CASA IBERIA,IMPORTADO,2025-06
C003,110110,2025-06-30,39,14.04,0.0,0.0,0.0,2.0,0.72,69290.0,354.0,368.0,127.44,132.422,25.0,9.057999999999993,False,9.057999999999993,0.6350333333333334,19.051000000000002,14.263818172274407,2025-06-01,MaxiCompra Caribe,Grandes Superficies,Caribe,Costa Norte,Barranquilla,Supermercado,MIX QUESOS PREMIUM MONTE AZUL 360G,0.36,UND,MIXTO QUESOS,MEZCLAS PREMIUM,QUESOS MADURADOS,regular,MONTE AZUL,IMPORTADO,2025-06
C013,190103,2025-06-30,5,3.0,0.0,0.0,0.0,0.0,0.0,0.0,0.0,3.0,0.0,1.7999999999999998,2.0,1.2000000000000002,False,1.2000000000000002,0.02,0.6,60.00000000000001,2025-06-01,La Mesa Premium,Tiendas Especializadas,Occidente,,Cali,Especialidad,RACLETTE CELEBRACION LOMA DORADA 600G,0.6,UND,MIXTO QUESOS,TEMPORADA,QUESOS MADURADOS,temporada,LOMA DORADA,IMPORTADO,2025-06
C001,900101,2025-06-30,80,6.4,0.0,0.0,0.0,3.0,0.24,29890.0,1101.0,1114.0,88.08,86.96000000000001,67.0,7.519999999999996,False,7.519999999999996,0.49600000000000005,14.88,15.161290322580635,2025-06-01,HiperMax Nacional,Grandes Superficies,Centro,Bogotá y Sabana,Bogotá,Hipermercado,SALAMI TAJADO CASA IBERIA 80G,0.08,UND,SALAMI,CHARCUTERIA,CARNES MADURADAS,regular,CASA IBERIA,IMPORTADO,2025-06
C005,130101,2025-06-30,356,53.4,0.0,0.0,0.0,29.0,4.35,149230.0,5136.0,5169.0,720.9,768.3,323.0,6.0,False,6.0,3.975,119.25,1.5094339622641508,2025-06-01,PrecioListo,Hard Discount,Antioquia,Valle de Aburrá,Medellín,Discounter,CHEDDAR ESTILO AMERICANO DELILAT 150G,0.15,UND,CHEDDAR ANALOGO,LONCHAS,QUESOS ANALOGOS,regular,DELILAT,MAQUILA,2025-06
C017,190101,2025-06-30,1,0.4,0.0,0.0,0.0,0.0,0.0,0.0,0.0,1.0,0.0,0.4,0.0,0.0,False,0.0,0.0,0.0,,2025-06-01,RapiExpress,E-commerce,Centro,Bogotá y Sabana,Bogotá,Quick Commerce,TABLA APERITIVO NAVIDEÑA MONTE AZUL 400G,0.4,UND,MIXTO QUESOS,TEMPORADA,QUESOS MADURADOS,temporada,MONTE AZUL,IMPORTADO,2025-06
C015,300102,2025-06-30,18,4.14,0.0,0.0,0.0,1.0,0.23,9310.0,239.0,244.0,54.97,56.12,13.0,2.990000000000002,False,2.990000000000002,0.299,8.969999999999999,10.000000000000007,2025-06-01,Abarrotes Norte,Tradicional Modernizado,Caribe,Costa Norte,Barranquilla,Supermercado Regional,JAMON DE PAVO FINAS LONCHAS SIERRA CARNES 230G,0.23,UND,JAMON PAVO,LONCHAS,CARNES FRIAS,regular,SIERRA CARNES,NACIONAL,2025-06
C016,190103,2025-06-30,18,10.8,0.0,0.0,0.0,0.0,0.0,0.0,0.0,4.0,0.0,2.4,14.0,8.4,False,8.4,0.02,0.6,420.0,2025-06-01,Canasta Familiar,Grandes Superficies,Santanderes,Bucaramanga Metropolitana,Bucaramanga,Supermercado,RACLETTE CELEBRACION LOMA DORADA 600G,0.6,UND,MIXTO QUESOS,TEMPORADA,QUESOS MADURADOS,temporada,LOMA DORADA,IMPORTADO,2025-06
C003,900101,2025-06-30,53,4.24,0.0,0.0,0.0,3.0,0.24,30060.0,646.0,641.0,51.68,50.035000000000004,58.0,5.884999999999998,False,5.884999999999998,0.3111333333333333,9.334,18.914720377115916,2025-06-01,MaxiCompra Caribe,Grandes Superficies,Caribe,Costa Norte,Barranquilla,Supermercado,SALAMI TAJADO CASA IBERIA 80G,0.08,UND,SALAMI,CHARCUTERIA,CARNES MADURADAS,regular,CASA IBERIA,IMPORTADO,2025-06
C014,110110,2025-06-30,33,11.88,0.0,0.0,0.0,1.0,0.36,33900.0,361.0,372.0,129.96,131.4,22.0,10.439999999999998,False,10.439999999999998,0.9,27.0,11.599999999999998,2025-06-01,Plaza Hogar,Grandes Superficies,Occidente,Valle del Cauca,Cali,Hipermercado,MIX QUESOS PREMIUM MONTE AZUL 360G,0.36,UND,MIXTO QUESOS,MEZCLAS PREMIUM,QUESOS MADURADOS,regular,MONTE AZUL,IMPORTADO,2025-06
C012,110115,2025-06-30,18,4.5,0.0,0.0,0.0,0.0,0.0,0.0,186.0,199.0,44.15,47.77,5.0,0.8799999999999955,False,0.8799999999999955,0.31666666666666665,9.5,2.7789473684210386,2025-06-01,Delimarket Gourmet,Tiendas Especializadas,Centro,Bogotá y Sabana,Bogotá,Especialidad,FETA CUBOS CASA SIERRA 250G,0.25,UND,FETA,ESPECIALES,QUESOS MADURADOS,regular,CASA SIERRA,IMPORTADO,2025-06
C001,190102,2025-06-30,26,13.0,0.0,0.0,0.0,0.0,0.0,0.0,0.0,4.0,0.0,1.5,22.0,11.5,False,11.5,0.0,0.0,,2025-06-01,HiperMax Nacional,Grandes Superficies,Centro,Bogotá y Sabana,Bogotá,Hipermercado,DUO FESTIVO QUESOS Y CARNES 500G,0.5,UND,MIXTO QUESOS-CARNES,TEMPORADA,QUESOS MADURADOS,temporada,MONTE AZUL,MAQUILA,2025-06
C003,900104,2025-06-30,92,7.36,0.0,0.0,0.0,2.0,0.16,18260.0,868.0,894.0,69.44,70.051,66.0,6.748999999999995,False,6.748999999999995,0.4,12.0,16.872499999999988,2025-06-01,MaxiCompra Caribe,Grandes Superficies,Caribe,Costa Norte,Barranquilla,Supermercado,CHORIZO TAJADO CASA IBERIA 80G,0.08,UND,CHORIZO,CHARCUTERIA,CARNES MADURADAS,regular,CASA IBERIA,IMPORTADO,2025-06
C017,190102,2025-06-30,2,1.0,0.0,0.0,0.0,0.0,0.0,0.0,0.0,2.0,0.0,1.0,0.0,0.0,False,0.0,0.0,0.0,,2025-06-01,RapiExpress,E-commerce,Centro,Bogotá y Sabana,Bogotá,Quick Commerce,DUO FESTIVO QUESOS Y CARNES 500G,0.5,UND,MIXTO QUESOS-CARNES,TEMPORADA,QUESOS MADURADOS,temporada,MONTE AZUL,MAQUILA,2025-06
C012,900104,2025-06-30,26,2.08,0.0,0.0,0.0,0.0,0.0,0.0,200.0,217.0,16.0,17.28,9.0,0.7999999999999972,False,0.7999999999999972,0.08800000000000001,2.64,9.090909090909058,2025-06-01,Delimarket Gourmet,Tiendas Especializadas,Centro,Bogotá y Sabana,Bogotá,Especialidad,CHORIZO TAJADO CASA IBERIA 80G,0.08,UND,CHORIZO,CHARCUTERIA,CARNES MADURADAS,regular,CASA IBERIA,IMPORTADO,2025-06
C001,190103,2025-06-30,29,17.4,0.0,0.0,0.0,0.0,0.0,0.0,0.0,2.0,0.0,1.2,27.0,16.2,False,16.2,0.0,0.0,,2025-06-01,HiperMax Nacional,Grandes Superficies,Centro,Bogotá y Sabana,Bogotá,Hipermercado,RACLETTE CELEBRACION LOMA DORADA 600G,0.6,UND,MIXTO QUESOS,TEMPORADA,QUESOS MADURADOS,temporada,LOMA DORADA,IMPORTADO,2025-06
C002,110114,2025-06-30,66,16.5,37.0,9.25,692080.0,1.0,0.25,23820.0,627.0,627.0,156.75,155.77,66.0,17.47999999999999,False,17.47999999999999,0.9,27.0,19.42222222222221,2025-06-01,SuperAhorro,Grandes Superficies,Antioquia,Valle de Aburrá,Medellín,Supermercado,GOUDA NATURAL CUÑA LOMA DORADA 250G,0.25,UND,GOUDA NATURAL,CUÑAS,QUESOS MADURADOS,regular,LOMA DORADA,IMPORTADO,2025-06
C006,120103,2025-06-30,114,22.8,0.0,0.0,0.0,12.0,2.4,110560.0,1427.0,1450.0,285.4,282.92,91.0,25.279999999999973,False,25.279999999999973,1.7266666666666666,51.8,14.640926640926626,2025-06-01,PuntoMenos Caribe,Hard Discount,Caribe,Costa Norte,Cartagena,Discounter,QUESO CREMA CAMPOCLARO 200G,0.2,UND,CREMAS,UNTABLES,QUESOS FRESCOS,regular,CAMPOCLARO,NACIONAL,2025-06
C004,900102,2025-06-30,149,11.92,0.0,0.0,0.0,7.0,0.56,63000.0,1685.0,1747.0,122.8,133.465,87.0,1.2549999999999955,False,1.2549999999999955,0.7493333333333333,22.48,1.6748220640569336,2025-06-01,Descuento Ya,Hard Discount,Centro,Bogotá y Sabana,Bogotá,Discounter,PEPPERONI TAJADO CASA IBERIA 80G,0.08,UND,PEPPERONI,CHARCUTERIA,CARNES MADURADAS,regular,CASA IBERIA,IMPORTADO,2025-06
C015,900101,2025-06-30,15,1.2,0.0,0.0,0.0,3.0,0.24,29940.0,180.0,187.0,14.4,14.966,8.0,0.6340000000000003,False,0.6340000000000003,0.11220000000000001,3.366,5.650623885918006,2025-06-01,Abarrotes Norte,Tradicional Modernizado,Caribe,Costa Norte,Barranquilla,Supermercado Regional,SALAMI TAJADO CASA IBERIA 80G,0.08,UND,SALAMI,CHARCUTERIA,CARNES MADURADAS,regular,CASA IBERIA,IMPORTADO,2025-06
C001,110115,2025-06-30,84,21.0,0.0,0.0,0.0,3.0,0.75,76640.0,954.0,975.0,238.5,237.85,63.0,21.650000000000006,False,21.650000000000006,1.2833333333333334,38.5,16.870129870129873,2025-06-01,HiperMax Nacional,Grandes Superficies,Centro,Bogotá y Sabana,Bogotá,Hipermercado,FETA CUBOS CASA SIERRA 250G,0.25,UND,FETA,ESPECIALES,QUESOS MADURADOS,regular,CASA SIERRA,IMPORTADO,2025-06
C001,110105,2025-06-30,88,13.2,0.0,0.0,0.0,6.0,0.9,88950.0,940.0,969.0,141.0,145.11,59.0,9.089999999999975,False,9.089999999999975,0.7652,22.956,11.879247255619413,2025-06-01,HiperMax Nacional,Grandes Superficies,Centro,Bogotá y Sabana,Bogotá,Hipermercado,PROVOLONE TAJADO LOMA DORADA 150G,0.15,UND,PROVOLONE,QUESOS TAJADOS PREMIUM,QUESOS MADURADOS,regular,LOMA DORADA,IMPORTADO,2025-06
C014,300101,2025-06-30,90,20.7,0.0,0.0,0.0,6.0,1.38,53750.0,1076.0,1104.0,247.48,244.39,62.0,23.79000000000002,False,23.79000000000002,1.4701666666666668,44.105000000000004,16.181838793787563,2025-06-01,Plaza Hogar,Grandes Superficies,Occidente,Valle del Cauca,Cali,Hipermercado,JAMON DE CERDO FINAS LONCHAS SIERRA CARNES 230G,0.23,UND,JAMON CERDO,LONCHAS,CARNES FRIAS,regular,SIERRA CARNES,NACIONAL,2025-06
C014,120101,2025-06-30,115,28.75,0.0,0.0,0.0,7.0,1.75,70370.0,1622.0,1616.0,381.5,399.63,121.0,10.620000000000005,False,10.620000000000005,2.308333333333333,69.25,4.600722021660652,2025-06-01,Plaza Hogar,Grandes Superficies,Occidente,Valle del Cauca,Cali,Hipermercado,MOZZARELLA TAJADA CAMPOCLARO 250G,0.25,UND,MOZZARELLA,QUESOS TAJADOS,QUESOS FRESCOS,regular,CAMPOCLARO,NACIONAL,2025-06
C001,110110,2025-06-30,45,16.2,47.0,16.92,1218770.0,6.0,2.16,206120.0,608.0,596.0,218.88,206.122,57.0,28.95799999999997,False,28.95799999999997,1.2748666666666668,38.246,22.714532238665456,2025-06-01,HiperMax Nacional,Grandes Superficies,Centro,Bogotá y Sabana,Bogotá,Hipermercado,MIX QUESOS PREMIUM MONTE AZUL 360G,0.36,UND,MIXTO QUESOS,MEZCLAS PREMIUM,QUESOS MADURADOS,regular,MONTE AZUL,IMPORTADO,2025-06
C003,120103,2025-06-30,88,17.6,0.0,0.0,0.0,7.0,1.4,69260.0,891.0,912.0,178.2,179.2,67.0,16.599999999999994,False,16.599999999999994,1.0933333333333333,32.8,15.182926829268288,2025-06-01,MaxiCompra Caribe,Grandes Superficies,Caribe,Costa Norte,Barranquilla,Supermercado,QUESO CREMA CAMPOCLARO 200G,0.2,UND,CREMAS,UNTABLES,QUESOS FRESCOS,regular,CAMPOCLARO,NACIONAL,2025-06
C018,120104,2025-06-30,104,20.8,0.0,0.0,0.0,8.0,0.0,58000.0,1587.0,1609.0,317.4,311.192,82.0,27.00799999999998,False,27.00799999999998,1.7170666666666667,51.512,15.729150489206386,2025-06-01,Cadena Uno,Hard Discount,Occidente,Valle del Cauca,Cali,Discounter,MOZZARELLA LIGHT CAMPOCLARO 200G,0.2,UND,MOZZARELLA,QUESOS TAJADOS,QUESOS FRESCOS,regular,CAMPOCLARO,NACIONAL,2025-06
C006,300101,2025-06-30,100,23.0,0.0,0.0,0.0,10.0,2.3,83180.0,1137.0,1208.0,261.51,271.381,29.0,13.129000000000019,False,13.129000000000019,1.5486666666666666,46.46,8.477615152819642,2025-06-01,PuntoMenos Caribe,Hard Discount,Caribe,Costa Norte,Cartagena,Discounter,JAMON DE CERDO FINAS LONCHAS SIERRA CARNES 230G,0.23,UND,JAMON CERDO,LONCHAS,CARNES FRIAS,regular,SIERRA CARNES,NACIONAL,2025-06
C001,300101,2025-06-30,170,39.1,0.0,0.0,0.0,4.0,0.92,36430.0,1529.0,1606.0,353.671,367.08,93.0,25.69100000000003,False,25.69100000000003,2.0929999999999995,62.78999999999999,12.274725274725292,2025-06-01,HiperMax Nacional,Grandes Superficies,Centro,Bogotá y Sabana,Bogotá,Hipermercado,JAMON DE CERDO FINAS LONCHAS SIERRA CARNES 230G,0.23,UND,JAMON CERDO,LONCHAS,CARNES FRIAS,regular,SIERRA CARNES,NACIONAL,2025-06
C014,110112,2025-07-31,98,9.8,0.0,0.0,0.0,4.0,0.4,27390.0,1514.0,1543.0,152.34,152.256,69.0,9.884000000000015,False,9.884000000000015,0.7133333333333333,21.4,13.856074766355162,2025-07-01,Plaza Hogar,Grandes Superficies,Occidente,Valle del Cauca,Cali,Hipermercado,PARMESANO RALLADO ORO LECHE 100G,0.1,UND,TIPO PARMESANO,RALLADOS,QUESO PARMESANO,regular,ORO LECHE,MAQUILA,2025-07
C001,110105,2025-07-31,88,13.2,0.0,0.0,0.0,4.0,0.6,59350.0,1130.0,1133.0,169.5,169.71,85.0,12.98999999999998,False,12.98999999999998,0.7799999999999999,23.4,16.653846153846132,2025-07-01,HiperMax Nacional,Grandes Superficies,Centro,Bogotá y Sabana,Bogotá,Hipermercado,PROVOLONE TAJADO LOMA DORADA 150G,0.15,UND,PROVOLONE,QUESOS TAJADOS PREMIUM,QUESOS MADURADOS,regular,LOMA DORADA,IMPORTADO,2025-07
C012,110105,2025-07-31,18,2.7,0.0,0.0,0.0,1.0,0.15,16220.0,205.0,213.0,28.35,31.362,10.0,-0.3119999999999976,True,0.0,0.185,5.55,0.0,2025-07-01,Delimarket Gourmet,Tiendas Especializadas,Centro,Bogotá y Sabana,Bogotá,Especialidad,PROVOLONE TAJADO LOMA DORADA 150G,0.15,UND,PROVOLONE,QUESOS TAJADOS PREMIUM,QUESOS MADURADOS,regular,LOMA DORADA,IMPORTADO,2025-07
C003,110101,2025-07-31,51,7.65,46.0,6.9,498290.0,6.0,0.9,89530.0,843.0,825.0,120.0,123.762,69.0,3.8880000000000052,False,3.8880000000000052,0.5850000000000001,17.55,6.6461538461538545,2025-07-01,MaxiCompra Caribe,Grandes Superficies,Caribe,Costa Norte,Barranquilla,Supermercado,GOUDA AHUMADO TAJADO LOMA DORADA 150G,0.15,UND,GOUDA AHUMADO,QUESOS TAJADOS PREMIUM,QUESOS MADURADOS,regular,LOMA DORADA,IMPORTADO,2025-07
C014,190103,2025-07-31,16,9.6,0.0,0.0,0.0,0.0,0.0,0.0,0.0,3.0,0.0,1.7999999999999998,13.0,7.8,False,7.8,0.0,0.0,,2025-07-01,Plaza Hogar,Grandes Superficies,Occidente,Valle del Cauca,Cali,Hipermercado,RACLETTE CELEBRACION LOMA DORADA 600G,0.6,UND,MIXTO QUESOS,TEMPORADA,QUESOS MADURADOS,temporada,LOMA DORADA,IMPORTADO,2025-07
C004,120101,2025-07-31,269,67.25,0.0,0.0,0.0,22.0,5.5,204270.0,3924.0,4102.0,981.0,1014.19,91.0,34.059999999999945,False,34.059999999999945,5.116666666666666,153.5,6.656677524429957,2025-07-01,Descuento Ya,Hard Discount,Centro,Bogotá y Sabana,Bogotá,Discounter,MOZZARELLA TAJADA CAMPOCLARO 250G,0.25,UND,MOZZARELLA,QUESOS TAJADOS,QUESOS FRESCOS,regular,CAMPOCLARO,NACIONAL,2025-07
C018,300102,2025-07-31,96,22.08,0.0,0.0,0.0,10.0,2.3,86300.0,1682.0,1695.0,386.86,385.692,83.0,23.24799999999999,False,23.24799999999999,2.1466666666666665,64.39999999999999,10.82981366459627,2025-07-01,Cadena Uno,Hard Discount,Occidente,Valle del Cauca,Cali,Discounter,JAMON DE PAVO FINAS LONCHAS SIERRA CARNES 230G,0.23,UND,JAMON PAVO,LONCHAS,CARNES FRIAS,regular,SIERRA CARNES,NACIONAL,2025-07
C015,110113,2025-07-31,12,0.0,0.0,0.0,0.0,0.0,0.0,0.0,193.0,190.0,48.25,47.5,15.0,0.75,False,0.75,0.2,6.0,3.75,2025-07-01,Abarrotes Norte,Tradicional Modernizado,Caribe,Costa Norte,Barranquilla,Supermercado Regional,PARMESANO RALLADO ORO LECHE 250G,0.25,UND,TIPO PARMESANO,RALLADOS,QUESO PARMESANO,regular,ORO LECHE,MAQUILA,2025-07
C017,110113,2025-07-31,3,0.75,0.0,0.0,0.0,0.0,0.0,0.0,106.0,106.0,26.425,25.73,3.0,1.4450000000000003,False,1.4450000000000003,0.125,3.75,11.560000000000002,2025-07-01,RapiExpress,E-commerce,Centro,Bogotá y Sabana,Bogotá,Quick Commerce,PARMESANO RALLADO ORO LECHE 250G,0.25,UND,TIPO PARMESANO,RALLADOS,QUESO PARMESANO,regular,ORO LECHE,MAQUILA,2025-07
C001,900103,2025-07-31,112,8.96,81.0,6.48,670140.0,7.0,0.56,77850.0,1285.0,1290.0,97.03999999999999,102.4,107.0,3.5999999999999943,False,3.5999999999999943,0.49333333333333335,14.8,7.297297297297286,2025-07-01,HiperMax Nacional,Grandes Superficies,Centro,Bogotá y Sabana,Bogotá,Hipermercado,JAMON SERRANO TAJADO CASA IBERIA 80G,0.08,UND,JAMON SERRANO,CHARCUTERIA,CARNES MADURADAS,regular,CASA IBERIA,IMPORTADO,2025-07
C003,130103,2025-07-31,87,25.056,0.0,0.0,0.0,7.0,2.016,57800.0,1395.0,1425.0,385.344,405.942,57.0,4.45799999999997,False,4.45799999999997,1.8432,55.296,2.4186197916666505,2025-07-01,MaxiCompra Caribe,Grandes Superficies,Caribe,Costa Norte,Barranquilla,Supermercado,LONCHAS AMERICANAS DELILAT 288G,0.288,UND,CHEDDAR ANALOGO,LONCHITAS,QUESOS ANALOGOS,regular,DELILAT,MAQUILA,2025-07
C006,130103,2025-07-31,124,35.712,0.0,0.0,0.0,10.0,2.88,74480.0,2269.0,2306.0,653.472,644.026,87.0,45.158000000000015,False,45.158000000000015,3.0431999999999997,91.29599999999999,14.838985278654055,2025-07-01,PuntoMenos Caribe,Hard Discount,Caribe,Costa Norte,Cartagena,Discounter,LONCHAS AMERICANAS DELILAT 288G,0.288,UND,CHEDDAR ANALOGO,LONCHITAS,QUESOS ANALOGOS,regular,DELILAT,MAQUILA,2025-07
C002,900103,2025-07-31,58,4.64,0.0,0.0,0.0,6.0,0.48,66250.0,938.0,937.0,75.04,74.493,59.0,5.187000000000012,False,5.187000000000012,0.368,11.04,14.095108695652206,2025-07-01,SuperAhorro,Grandes Superficies,Antioquia,Valle de Aburrá,Medellín,Supermercado,JAMON SERRANO TAJADO CASA IBERIA 80G,0.08,UND,JAMON SERRANO,CHARCUTERIA,CARNES MADURADAS,regular,CASA IBERIA,IMPORTADO,2025-07
C013,110102,2025-07-31,19,2.85,0.0,0.0,0.0,1.0,0.15,15670.0,193.0,202.0,28.95,30.102,10.0,1.6980000000000004,False,1.6980000000000004,0.11000000000000001,3.3000000000000003,15.436363636363637,2025-07-01,La Mesa Premium,Tiendas Especializadas,Occidente,,Cali,Especialidad,HOLANDES TAJADO LOMA DORADA 150G,0.15,UND,HOLANDES,QUESOS TAJADOS PREMIUM,QUESOS MADURADOS,regular,LOMA DORADA,IMPORTADO,2025-07
C017,120103,2025-07-31,6,1.2,0.0,0.0,0.0,1.0,0.2,10880.0,128.0,129.0,25.6,25.432000000000002,5.0,1.3679999999999986,False,1.3679999999999986,0.13333333333333333,4.0,10.25999999999999,2025-07-01,RapiExpress,E-commerce,Centro,Bogotá y Sabana,Bogotá,Quick Commerce,QUESO CREMA CAMPOCLARO 200G,0.2,UND,CREMAS,UNTABLES,QUESOS FRESCOS,regular,CAMPOCLARO,NACIONAL,2025-07
C013,110105,2025-07-31,17,2.55,0.0,0.0,0.0,0.0,0.0,0.0,149.0,152.0,20.7,22.788,14.0,0.46199999999999974,False,0.46199999999999974,0.08,2.4,5.774999999999997,2025-07-01,La Mesa Premium,Tiendas Especializadas,Occidente,,Cali,Especialidad,PROVOLONE TAJADO LOMA DORADA 150G,0.15,UND,PROVOLONE,QUESOS TAJADOS PREMIUM,QUESOS MADURADOS,regular,LOMA DORADA,IMPORTADO,2025-07
C002,110102,2025-07-31,77,11.55,0.0,0.0,0.0,5.0,0.75,72260.0,852.0,892.0,127.8,130.8,37.0,8.549999999999983,False,8.549999999999983,0.6099999999999999,18.299999999999997,14.016393442622926,2025-07-01,SuperAhorro,Grandes Superficies,Antioquia,Valle de Aburrá,Medellín,Supermercado,HOLANDES TAJADO LOMA DORADA 150G,0.15,UND,HOLANDES,QUESOS TAJADOS PREMIUM,QUESOS MADURADOS,regular,LOMA DORADA,IMPORTADO,2025-07
C003,110110,2025-07-31,39,14.04,27.0,9.72,696850.0,4.0,1.44,138530.0,454.0,455.0,163.44,163.382,38.0,14.097999999999985,False,14.097999999999985,1.008,30.240000000000002,13.986111111111097,2025-07-01,MaxiCompra Caribe,Grandes Superficies,Caribe,Costa Norte,Barranquilla,Supermercado,MIX QUESOS PREMIUM MONTE AZUL 360G,0.36,UND,MIXTO QUESOS,MEZCLAS PREMIUM,QUESOS MADURADOS,regular,MONTE AZUL,IMPORTADO,2025-07
C016,110110,2025-07-31,24,8.64,0.0,0.0,0.0,3.0,1.08,101300.0,303.0,303.0,109.08,108.72,24.0,9.0,False,9.0,0.5519999999999999,16.56,16.304347826086957,2025-07-01,Canasta Familiar,Grandes Superficies,Santanderes,Bucaramanga Metropolitana,Bucaramanga,Supermercado,MIX QUESOS PREMIUM MONTE AZUL 360G,0.36,UND,MIXTO QUESOS,MEZCLAS PREMIUM,QUESOS MADURADOS,regular,MONTE AZUL,IMPORTADO,2025-07
C013,110110,2025-07-31,10,3.6,0.0,0.0,0.0,1.0,0.36,37890.0,100.0,101.0,34.2,35.222,9.0,2.578000000000003,False,2.578000000000003,0.192,5.76,13.427083333333348,2025-07-01,La Mesa Premium,Tiendas Especializadas,Occidente,,Cali,Especialidad,MIX QUESOS PREMIUM MONTE AZUL 360G,0.36,UND,MIXTO QUESOS,MEZCLAS PREMIUM,QUESOS MADURADOS,regular,MONTE AZUL,IMPORTADO,2025-07
C018,110112,2025-07-31,136,13.6,0.0,0.0,0.0,12.0,1.2,74850.0,2279.0,2362.0,219.4,231.684,53.0,1.3160000000000025,False,1.3160000000000025,1.0333333333333334,31.0,1.2735483870967765,2025-07-01,Cadena Uno,Hard Discount,Occidente,Valle del Cauca,Cali,Discounter,PARMESANO RALLADO ORO LECHE 100G,0.1,UND,TIPO PARMESANO,RALLADOS,QUESO PARMESANO,regular,ORO LECHE,MAQUILA,2025-07
C004,900102,2025-07-31,149,11.92,0.0,0.0,0.0,7.0,0.56,62830.0,1950.0,2053.0,144.0,157.065,46.0,-1.1450000000000102,True,0.0,0.7706666666666667,23.12,0.0,2025-07-01,Descuento Ya,Hard Discount,Centro,Bogotá y Sabana,Bogotá,Discounter,PEPPERONI TAJADO CASA IBERIA 80G,0.08,UND,PEPPERONI,CHARCUTERIA,CARNES MADURADAS,regular,CASA IBERIA,IMPORTADO,2025-07
C016,120101,2025-07-31,92,0.0,0.0,0.0,0.0,6.0,1.5,60270.0,1201.0,1211.0,300.25,294.25,82.0,6.0,False,6.0,1.5916666666666666,47.75,3.7696335078534036,2025-07-01,Canasta Familiar,Grandes Superficies,Santanderes,Bucaramanga Metropolitana,Bucaramanga,Supermercado,MOZZARELLA TAJADA CAMPOCLARO 250G,0.25,UND,MOZZARELLA,QUESOS TAJADOS,QUESOS FRESCOS,regular,CAMPOCLARO,NACIONAL,2025-07
C003,120103,2025-07-31,88,17.6,0.0,0.0,0.0,8.0,1.6,79600.0,1025.0,1064.0,205.0,209.6,49.0,13.0,False,13.0,0.9866666666666667,29.6,13.175675675675675,2025-07-01,MaxiCompra Caribe,Grandes Superficies,Caribe,Costa Norte,Barranquilla,Supermercado,QUESO CREMA CAMPOCLARO 200G,0.2,UND,CREMAS,UNTABLES,QUESOS FRESCOS,regular,CAMPOCLARO,NACIONAL,2025-07
C003,110103,2025-07-31,72,10.8,0.0,0.0,0.0,6.0,0.9,86110.0,886.0,923.0,132.9,136.698,35.0,7.0020000000000095,False,7.0020000000000095,0.645,19.35,10.855813953488386,2025-07-01,MaxiCompra Caribe,Grandes Superficies,Caribe,Costa Norte,Barranquilla,Supermercado,MUENSTER TAJADO LOMA DORADA 150G,0.15,UND,MUENSTER,QUESOS TAJADOS PREMIUM,QUESOS MADURADOS,regular,LOMA DORADA,IMPORTADO,2025-07
C014,110114,2025-07-31,74,18.5,0.0,0.0,0.0,3.0,0.75,72140.0,1654.0,1729.0,413.5,421.97,-1.0,10.029999999999973,False,10.029999999999973,0.95,28.5,10.557894736842076,2025-07-01,Plaza Hogar,Grandes Superficies,Occidente,Valle del Cauca,Cali,Hipermercado,GOUDA NATURAL CUÑA LOMA DORADA 250G,0.25,UND,GOUDA NATURAL,CUÑAS,QUESOS MADURADOS,regular,LOMA DORADA,IMPORTADO,2025-07
C001,110107,2025-07-31,61,7.625,0.0,0.0,0.0,8.0,1.0,101920.0,1002.0,1001.0,125.25,123.2,62.0,9.674999999999997,False,9.674999999999997,0.5875,17.625,16.468085106382972,2025-07-01,HiperMax Nacional,Grandes Superficies,Centro,Bogotá y Sabana,Bogotá,Hipermercado,CAMEMBERT CUÑA MONTE AZUL 125G,0.125,UND,CAMEMBERT,QUESOS BLANDOS,QUESOS MADURADOS,regular,MONTE AZUL,IMPORTADO,2025-07
C001,120101,2025-07-31,269,67.25,0.0,0.0,0.0,16.0,4.0,158850.0,3037.0,3183.0,759.25,786.28,123.0,40.22000000000003,False,40.22000000000003,3.9916666666666667,119.75,10.075991649269318,2025-07-01,HiperMax Nacional,Grandes Superficies,Centro,Bogotá y Sabana,Bogotá,Hipermercado,MOZZARELLA TAJADA CAMPOCLARO 250G,0.25,UND,MOZZARELLA,QUESOS TAJADOS,QUESOS FRESCOS,regular,CAMPOCLARO,NACIONAL,2025-07
C017,300102,2025-07-31,4,0.92,0.0,0.0,0.0,0.0,0.0,0.0,172.0,174.0,37.26,40.02,2.0,-1.8400000000000034,True,0.0,0.046,1.38,0.0,2025-07-01,RapiExpress,E-commerce,Centro,Bogotá y Sabana,Bogotá,Quick Commerce,JAMON DE PAVO FINAS LONCHAS SIERRA CARNES 230G,0.23,UND,JAMON PAVO,LONCHAS,CARNES FRIAS,regular,SIERRA CARNES,NACIONAL,2025-07
C001,120103,2025-07-31,113,22.6,86.0,17.2,654130.0,7.0,1.4,69960.0,1628.0,1602.0,306.4,313.112,139.0,15.887999999999977,False,15.887999999999977,1.6333333333333333,49.0,9.727346938775495,2025-07-01,HiperMax Nacional,Grandes Superficies,Centro,Bogotá y Sabana,Bogotá,Hipermercado,QUESO CREMA CAMPOCLARO 200G,0.2,UND,CREMAS,UNTABLES,QUESOS FRESCOS,regular,CAMPOCLARO,NACIONAL,2025-07
C017,120101,2025-07-31,6,1.5,0.0,0.0,0.0,0.0,0.0,0.0,156.0,154.0,37.25,38.5,8.0,0.25,False,0.25,0.2,6.0,1.25,2025-07-01,RapiExpress,E-commerce,Centro,Bogotá y Sabana,Bogotá,Quick Commerce,MOZZARELLA TAJADA CAMPOCLARO 250G,0.25,UND,MOZZARELLA,QUESOS TAJADOS,QUESOS FRESCOS,regular,CAMPOCLARO,NACIONAL,2025-07
C016,120103,2025-07-31,73,14.6,0.0,0.0,0.0,8.0,1.6,81610.0,787.0,823.0,157.4,163.016,37.0,8.984000000000009,False,8.984000000000009,0.8200000000000001,24.6,10.95609756097562,2025-07-01,Canasta Familiar,Grandes Superficies,Santanderes,Bucaramanga Metropolitana,Bucaramanga,Supermercado,QUESO CREMA CAMPOCLARO 200G,0.2,UND,CREMAS,UNTABLES,QUESOS FRESCOS,regular,CAMPOCLARO,NACIONAL,2025-07
C014,110102,2025-07-31,74,11.1,40.0,6.0,436840.0,4.0,0.6,59120.0,802.0,806.0,108.3,120.588,70.0,-1.1880000000000024,True,0.0,0.6699999999999999,20.099999999999998,0.0,2025-07-01,Plaza Hogar,Grandes Superficies,Occidente,Valle del Cauca,Cali,Hipermercado,HOLANDES TAJADO LOMA DORADA 150G,0.15,UND,HOLANDES,QUESOS TAJADOS PREMIUM,QUESOS MADURADOS,regular,LOMA DORADA,IMPORTADO,2025-07
C012,110102,2025-07-31,21,3.15,0.0,0.0,0.0,0.0,0.0,0.0,268.0,273.0,34.35,40.35,16.0,-2.8500000000000014,True,0.0,0.24000000000000002,7.2,0.0,2025-07-01,Delimarket Gourmet,Tiendas Especializadas,Centro,Bogotá y Sabana,Bogotá,Especialidad,HOLANDES TAJADO LOMA DORADA 150G,0.15,UND,HOLANDES,QUESOS TAJADOS PREMIUM,QUESOS MADURADOS,regular,LOMA DORADA,IMPORTADO,2025-07
C002,130101,2025-07-31,104,15.6,0.0,0.0,0.0,7.0,1.05,40700.0,1714.0,1693.0,242.7,248.514,125.0,9.786000000000001,False,9.786000000000001,1.285,38.55,7.615564202334632,2025-07-01,SuperAhorro,Grandes Superficies,Antioquia,Valle de Aburrá,Medellín,Supermercado,CHEDDAR ESTILO AMERICANO DELILAT 150G,0.15,UND,CHEDDAR ANALOGO,LONCHAS,QUESOS ANALOGOS,regular,DELILAT,MAQUILA,2025-07
C014,120103,2025-07-31,87,17.4,0.0,0.0,0.0,8.0,1.6,81940.0,1261.0,1262.0,253.54,243.704,86.0,27.23599999999999,False,27.23599999999999,1.1866666666666668,35.6,22.951685393258416,2025-07-01,Plaza Hogar,Grandes Superficies,Occidente,Valle del Cauca,Cali,Hipermercado,QUESO CREMA CAMPOCLARO 200G,0.2,UND,CREMAS,UNTABLES,QUESOS FRESCOS,regular,CAMPOCLARO,NACIONAL,2025-07
C005,900102,2025-07-31,101,8.08,0.0,0.0,0.0,12.0,0.96,108170.0,1499.0,1570.0,120.616,123.68,30.0,5.015999999999991,False,5.015999999999991,0.616,18.48,8.142857142857128,2025-07-01,PrecioListo,Hard Discount,Antioquia,Valle de Aburrá,Medellín,Discounter,PEPPERONI TAJADO CASA IBERIA 80G,0.08,UND,PEPPERONI,CHARCUTERIA,CARNES MADURADAS,regular,CASA IBERIA,IMPORTADO,2025-07
C004,110113,2025-07-31,145,36.25,0.0,0.0,0.0,8.0,2.0,114820.0,2082.0,2104.0,520.5,519.99,123.0,36.75999999999999,False,36.75999999999999,2.3833333333333333,71.5,15.42377622377622,2025-07-01,Descuento Ya,Hard Discount,Centro,Bogotá y Sabana,Bogotá,Discounter,PARMESANO RALLADO ORO LECHE 250G,0.25,UND,TIPO PARMESANO,RALLADOS,QUESO PARMESANO,regular,ORO LECHE,MAQUILA,2025-07
C002,120101,2025-07-31,116,29.0,0.0,0.0,0.0,8.0,2.0,82320.0,1863.0,1839.0,465.75,457.75,140.0,37.0,False,37.0,2.425,72.75,15.257731958762887,2025-07-01,SuperAhorro,Grandes Superficies,Antioquia,Valle de Aburrá,Medellín,Supermercado,MOZZARELLA TAJADA CAMPOCLARO 250G,0.25,UND,MOZZARELLA,QUESOS TAJADOS,QUESOS FRESCOS,regular,CAMPOCLARO,NACIONAL,2025-07
C003,120104,2025-07-31,86,17.2,65.0,13.0,391290.0,4.0,0.8,31960.0,1015.0,1014.0,193.4,199.944,87.0,10.656000000000006,False,10.656000000000006,1.0533333333333335,31.6,10.116455696202536,2025-07-01,MaxiCompra Caribe,Grandes Superficies,Caribe,Costa Norte,Barranquilla,Supermercado,MOZZARELLA LIGHT CAMPOCLARO 200G,0.2,UND,MOZZARELLA,QUESOS TAJADOS,QUESOS FRESCOS,regular,CAMPOCLARO,NACIONAL,2025-07
C014,300101,2025-07-31,90,20.7,0.0,0.0,0.0,5.0,1.15,45930.0,1271.0,1289.0,292.33,286.94,72.0,26.089999999999975,False,26.089999999999975,1.3876666666666668,41.63,18.80134518376169,2025-07-01,Plaza Hogar,Grandes Superficies,Occidente,Valle del Cauca,Cali,Hipermercado,JAMON DE CERDO FINAS LONCHAS SIERRA CARNES 230G,0.23,UND,JAMON CERDO,LONCHAS,CARNES FRIAS,regular,SIERRA CARNES,NACIONAL,2025-07
C012,190101,2025-07-31,7,2.8,0.0,0.0,0.0,0.0,0.0,0.0,0.0,1.0,0.0,0.4,6.0,2.4,False,2.4,0.0,0.0,,2025-07-01,Delimarket Gourmet,Tiendas Especializadas,Centro,Bogotá y Sabana,Bogotá,Especialidad,TABLA APERITIVO NAVIDEÑA MONTE AZUL 400G,0.4,UND,MIXTO QUESOS,TEMPORADA,QUESOS MADURADOS,temporada,MONTE AZUL,IMPORTADO,2025-07
C003,900101,2025-07-31,53,4.24,0.0,0.0,0.0,3.0,0.24,30820.0,742.0,760.0,59.36,59.235,35.0,4.365000000000002,False,4.365000000000002,0.29866666666666664,8.959999999999999,14.614955357142865,2025-07-01,MaxiCompra Caribe,Grandes Superficies,Caribe,Costa Norte,Barranquilla,Supermercado,SALAMI TAJADO CASA IBERIA 80G,0.08,UND,SALAMI,CHARCUTERIA,CARNES MADURADAS,regular,CASA IBERIA,IMPORTADO,2025-07
C013,190101,2025-07-31,4,1.6,0.0,0.0,0.0,0.0,0.0,0.0,0.0,4.0,0.0,1.6,0.0,0.0,False,0.0,0.0,0.0,,2025-07-01,La Mesa Premium,Tiendas Especializadas,Occidente,,Cali,Especialidad,TABLA APERITIVO NAVIDEÑA MONTE AZUL 400G,0.4,UND,MIXTO QUESOS,TEMPORADA,QUESOS MADURADOS,temporada,MONTE AZUL,IMPORTADO,2025-07
C016,190101,2025-07-31,16,6.4,0.0,0.0,0.0,0.0,0.0,0.0,0.0,3.0,0.0,1.2000000000000002,13.0,5.2,False,5.2,0.013333333333333334,0.4,390.0,2025-07-01,Canasta Familiar,Grandes Superficies,Santanderes,Bucaramanga Metropolitana,Bucaramanga,Supermercado,TABLA APERITIVO NAVIDEÑA MONTE AZUL 400G,0.4,UND,MIXTO QUESOS,TEMPORADA,QUESOS MADURADOS,temporada,MONTE AZUL,IMPORTADO,2025-07
C004,300102,2025-07-31,99,22.77,0.0,0.0,0.0,11.0,2.53,97290.0,2058.0,2112.0,473.34,477.02,45.0,19.089999999999975,False,19.089999999999975,2.3766666666666665,71.3,8.03225806451612,2025-07-01,Descuento Ya,Hard Discount,Centro,Bogotá y Sabana,Bogotá,Discounter,JAMON DE PAVO FINAS LONCHAS SIERRA CARNES 230G,0.23,UND,JAMON PAVO,LONCHAS,CARNES FRIAS,regular,SIERRA CARNES,NACIONAL,2025-07
C001,190102,2025-07-31,26,13.0,0.0,0.0,0.0,0.0,0.0,0.0,0.0,5.0,0.0,2.0,21.0,11.0,False,11.0,0.016666666666666666,0.5,660.0,2025-07-01,HiperMax Nacional,Grandes Superficies,Centro,Bogotá y Sabana,Bogotá,Hipermercado,DUO FESTIVO QUESOS Y CARNES 500G,0.5,UND,MIXTO QUESOS-CARNES,TEMPORADA,QUESOS MADURADOS,temporada,MONTE AZUL,MAQUILA,2025-07
C002,130103,2025-07-31,124,35.712,0.0,0.0,0.0,11.0,3.168,91320.0,1655.0,1661.0,429.696,459.245,118.0,6.163000000000011,False,6.163000000000011,2.2464,67.392,2.743500712250717,2025-07-01,SuperAhorro,Grandes Superficies,Antioquia,Valle de Aburrá,Medellín,Supermercado,LONCHAS AMERICANAS DELILAT 288G,0.288,UND,CHEDDAR ANALOGO,LONCHITAS,QUESOS ANALOGOS,regular,DELILAT,MAQUILA,2025-07
C012,900102,2025-07-31,24,1.92,0.0,0.0,0.0,0.0,0.0,0.0,256.0,258.0,20.48,20.48,22.0,1.9199999999999982,False,1.9199999999999982,0.096,2.88,19.99999999999998,2025-07-01,Delimarket Gourmet,Tiendas Especializadas,Centro,Bogotá y Sabana,Bogotá,Especialidad,PEPPERONI TAJADO CASA IBERIA 80G,0.08,UND,PEPPERONI,CHARCUTERIA,CARNES MADURADAS,regular,CASA IBERIA,IMPORTADO,2025-07
C013,900101,2025-07-31,19,1.52,0.0,0.0,0.0,0.0,0.0,0.0,172.0,178.0,13.76,14.24,13.0,1.0399999999999991,False,1.0399999999999991,0.07200000000000001,2.16,14.44444444444443,2025-07-01,La Mesa Premium,Tiendas Especializadas,Occidente,,Cali,Especialidad,SALAMI TAJADO CASA IBERIA 80G,0.08,UND,SALAMI,CHARCUTERIA,CARNES MADURADAS,regular,CASA IBERIA,IMPORTADO,2025-07
C002,300101,2025-07-31,76,17.48,61.0,14.03,414110.0,5.0,1.15,44530.0,1122.0,1104.0,258.06,250.185,94.0,25.355000000000018,False,25.355000000000018,1.2726666666666664,38.17999999999999,19.922734415924587,2025-07-01,SuperAhorro,Grandes Superficies,Antioquia,Valle de Aburrá,Medellín,Supermercado,JAMON DE CERDO FINAS LONCHAS SIERRA CARNES 230G,0.23,UND,JAMON CERDO,LONCHAS,CARNES FRIAS,regular,SIERRA CARNES,NACIONAL,2025-07
C001,300102,2025-07-31,84,19.32,63.0,14.49,461610.0,5.0,1.15,46570.0,1374.0,1348.0,300.84,299.846,110.0,20.313999999999965,False,20.313999999999965,1.5026666666666666,45.08,13.518633540372647,2025-07-01,HiperMax Nacional,Grandes Superficies,Centro,Bogotá y Sabana,Bogotá,Hipermercado,JAMON DE PAVO FINAS LONCHAS SIERRA CARNES 230G,0.23,UND,JAMON PAVO,LONCHAS,CARNES FRIAS,regular,SIERRA CARNES,NACIONAL,2025-07
C015,300102,2025-07-31,18,4.14,0.0,0.0,0.0,1.0,0.23,9460.0,286.0,286.0,65.78,65.09,18.0,4.829999999999998,False,4.829999999999998,0.299,8.969999999999999,16.15384615384615,2025-07-01,Abarrotes Norte,Tradicional Modernizado,Caribe,Costa Norte,Barranquilla,Supermercado Regional,JAMON DE PAVO FINAS LONCHAS SIERRA CARNES 230G,0.23,UND,JAMON PAVO,LONCHAS,CARNES FRIAS,regular,SIERRA CARNES,NACIONAL,2025-07
C017,900102,2025-07-31,6,0.48,0.0,0.0,0.0,0.0,0.0,0.0,113.0,114.0,8.8,9.119,5.0,0.16100000000000136,False,0.16100000000000136,0.04533333333333333,1.3599999999999999,3.5514705882353246,2025-07-01,RapiExpress,E-commerce,Centro,Bogotá y Sabana,Bogotá,Quick Commerce,PEPPERONI TAJADO CASA IBERIA 80G,0.08,UND,PEPPERONI,CHARCUTERIA,CARNES MADURADAS,regular,CASA IBERIA,IMPORTADO,2025-07
C003,110113,2025-07-31,58,14.5,0.0,0.0,0.0,3.0,0.75,46100.0,948.0,942.0,221.75,230.75,64.0,5.5,False,5.5,1.075,32.25,5.116279069767442,2025-07-01,MaxiCompra Caribe,Grandes Superficies,Caribe,Costa Norte,Barranquilla,Supermercado,PARMESANO RALLADO ORO LECHE 250G,0.25,UND,TIPO PARMESANO,RALLADOS,QUESO PARMESANO,regular,ORO LECHE,MAQUILA,2025-07
C014,300102,2025-07-31,61,14.03,0.0,0.0,0.0,4.0,0.92,38640.0,951.0,972.0,204.7,216.927,40.0,1.8029999999999973,False,1.8029999999999973,0.9046666666666667,27.14,1.992999263080321,2025-07-01,Plaza Hogar,Grandes Superficies,Occidente,Valle del Cauca,Cali,Hipermercado,JAMON DE PAVO FINAS LONCHAS SIERRA CARNES 230G,0.23,UND,JAMON PAVO,LONCHAS,CARNES FRIAS,regular,SIERRA CARNES,NACIONAL,2025-07
C012,110115,2025-07-31,18,4.5,0.0,0.0,0.0,1.0,0.25,27760.0,236.0,235.0,56.65,56.77,19.0,4.3799999999999955,False,4.3799999999999955,0.3,9.0,14.599999999999985,2025-07-01,Delimarket Gourmet,Tiendas Especializadas,Centro,Bogotá y Sabana,Bogotá,Especialidad,FETA CUBOS CASA SIERRA 250G,0.25,UND,FETA,ESPECIALES,QUESOS MADURADOS,regular,CASA SIERRA,IMPORTADO,2025-07
C003,110115,2025-07-31,50,12.5,0.0,0.0,0.0,3.0,0.75,76720.0,755.0,766.0,188.75,190.29,39.0,10.960000000000008,False,10.960000000000008,0.9166666666666666,27.5,11.956363636363646,2025-07-01,MaxiCompra Caribe,Grandes Superficies,Caribe,Costa Norte,Barranquilla,Supermercado,FETA CUBOS CASA SIERRA 250G,0.25,UND,FETA,ESPECIALES,QUESOS MADURADOS,regular,CASA SIERRA,IMPORTADO,2025-07
C016,900101,2025-07-31,52,4.16,39.0,3.12,294480.0,2.0,0.16,20230.0,738.0,732.0,55.68,58.32,58.0,1.5200000000000031,False,1.5200000000000031,0.28800000000000003,8.64,5.277777777777788,2025-07-01,Canasta Familiar,Grandes Superficies,Santanderes,Bucaramanga Metropolitana,Bucaramanga,Supermercado,SALAMI TAJADO CASA IBERIA 80G,0.08,UND,SALAMI,CHARCUTERIA,CARNES MADURADAS,regular,CASA IBERIA,IMPORTADO,2025-07
C001,110112,2025-07-31,239,23.9,135.0,13.5,706540.0,12.0,1.2,82020.0,2655.0,2674.0,265.5,265.324,220.0,24.075999999999965,False,24.075999999999965,1.4033333333333333,42.1,17.15629453681708,2025-07-01,HiperMax Nacional,Grandes Superficies,Centro,Bogotá y Sabana,Bogotá,Hipermercado,PARMESANO RALLADO ORO LECHE 100G,0.1,UND,TIPO PARMESANO,RALLADOS,QUESO PARMESANO,regular,ORO LECHE,MAQUILA,2025-07
C014,110115,2025-07-31,41,10.25,0.0,0.0,0.0,5.0,1.25,124910.0,628.0,638.0,157.0,155.01,31.0,12.240000000000009,False,12.240000000000009,0.6333333333333333,19.0,19.3263157894737,2025-07-01,Plaza Hogar,Grandes Superficies,Occidente,Valle del Cauca,Cali,Hipermercado,FETA CUBOS CASA SIERRA 250G,0.25,UND,FETA,ESPECIALES,QUESOS MADURADOS,regular,CASA SIERRA,IMPORTADO,2025-07
C002,110110,2025-07-31,31,11.16,20.0,7.2,511960.0,2.0,0.72,67510.0,406.0,402.0,146.16,142.531,35.0,14.788999999999987,False,14.788999999999987,0.924,27.720000000000002,16.00541125541124,2025-07-01,SuperAhorro,Grandes Superficies,Antioquia,Valle de Aburrá,Medellín,Supermercado,MIX QUESOS PREMIUM MONTE AZUL 360G,0.36,UND,MIXTO QUESOS,MEZCLAS PREMIUM,QUESOS MADURADOS,regular,MONTE AZUL,IMPORTADO,2025-07
C015,300101,2025-07-31,15,3.45,0.0,0.0,0.0,1.0,0.23,8920.0,269.0,265.0,61.594,60.012,19.0,5.0319999999999965,False,5.0319999999999965,0.253,7.59,19.88932806324109,2025-07-01,Abarrotes Norte,Tradicional Modernizado,Caribe,Costa Norte,Barranquilla,Supermercado Regional,JAMON DE CERDO FINAS LONCHAS SIERRA CARNES 230G,0.23,UND,JAMON CERDO,LONCHAS,CARNES FRIAS,regular,SIERRA CARNES,NACIONAL,2025-07
C003,190103,2025-07-31,19,11.4,0.0,0.0,0.0,0.0,0.0,0.0,0.0,3.0,0.0,1.7999999999999998,16.0,9.600000000000001,False,9.600000000000001,0.02,0.6,480.00000000000006,2025-07-01,MaxiCompra Caribe,Grandes Superficies,Caribe,Costa Norte,Barranquilla,Supermercado,RACLETTE CELEBRACION LOMA DORADA 600G,0.6,UND,MIXTO QUESOS,TEMPORADA,QUESOS MADURADOS,temporada,LOMA DORADA,IMPORTADO,2025-07
C001,190101,2025-07-31,25,10.0,0.0,0.0,0.0,0.0,0.0,0.0,0.0,8.0,0.0,3.2,17.0,6.8,False,6.8,0.0,0.0,,2025-07-01,HiperMax Nacional,Grandes Superficies,Centro,Bogotá y Sabana,Bogotá,Hipermercado,TABLA APERITIVO NAVIDEÑA MONTE AZUL 400G,0.4,UND,MIXTO QUESOS,TEMPORADA,QUESOS MADURADOS,temporada,MONTE AZUL,IMPORTADO,2025-07
C016,900102,2025-07-31,72,5.76,0.0,0.0,0.0,6.0,0.48,58410.0,781.0,806.0,62.480000000000004,62.301,47.0,5.939000000000007,False,5.939000000000007,0.3226666666666667,9.680000000000001,18.40599173553721,2025-07-01,Canasta Familiar,Grandes Superficies,Santanderes,Bucaramanga Metropolitana,Bucaramanga,Supermercado,PEPPERONI TAJADO CASA IBERIA 80G,0.08,UND,PEPPERONI,CHARCUTERIA,CARNES MADURADAS,regular,CASA IBERIA,IMPORTADO,2025-07
C014,130101,2025-07-31,100,15.0,77.0,11.55,334240.0,12.0,1.8,69360.0,1657.0,1620.0,248.55,243.0,137.0,20.55000000000001,False,20.55000000000001,1.1600000000000001,34.800000000000004,17.715517241379317,2025-07-01,Plaza Hogar,Grandes Superficies,Occidente,Valle del Cauca,Cali,Hipermercado,CHEDDAR ESTILO AMERICANO DELILAT 150G,0.15,UND,CHEDDAR ANALOGO,LONCHAS,QUESOS ANALOGOS,regular,DELILAT,MAQUILA,2025-07
C012,110114,2025-07-31,20,5.0,0.0,0.0,0.0,3.0,0.75,80940.0,200.0,204.0,50.0,49.81,16.0,5.189999999999998,False,5.189999999999998,0.2916666666666667,8.75,17.794285714285706,2025-07-01,Delimarket Gourmet,Tiendas Especializadas,Centro,Bogotá y Sabana,Bogotá,Especialidad,GOUDA NATURAL CUÑA LOMA DORADA 250G,0.25,UND,GOUDA NATURAL,CUÑAS,QUESOS MADURADOS,regular,LOMA DORADA,IMPORTADO,2025-07
C003,900102,2025-07-31,85,6.8,0.0,0.0,0.0,4.0,0.32,39810.0,973.0,988.0,73.52,78.0,70.0,2.319999999999993,False,2.319999999999993,0.42933333333333334,12.88,5.403726708074518,2025-07-01,MaxiCompra Caribe,Grandes Superficies,Caribe,Costa Norte,Barranquilla,Supermercado,PEPPERONI TAJADO CASA IBERIA 80G,0.08,UND,PEPPERONI,CHARCUTERIA,CARNES MADURADAS,regular,CASA IBERIA,IMPORTADO,2025-07
C006,110113,2025-07-31,95,23.75,0.0,0.0,0.0,7.0,1.75,98830.0,1248.0,1267.0,312.0,314.12,76.0,21.629999999999995,False,21.629999999999995,1.4333333333333333,43.0,15.090697674418601,2025-07-01,PuntoMenos Caribe,Hard Discount,Caribe,Costa Norte,Cartagena,Discounter,PARMESANO RALLADO ORO LECHE 250G,0.25,UND,TIPO PARMESANO,RALLADOS,QUESO PARMESANO,regular,ORO LECHE,MAQUILA,2025-07
C013,900102,2025-07-31,19,1.52,0.0,0.0,0.0,0.0,0.0,0.0,237.0,234.0,17.44,18.333,22.0,0.6270000000000024,False,0.6270000000000024,0.056,1.68,11.196428571428616,2025-07-01,La Mesa Premium,Tiendas Especializadas,Occidente,,Cali,Especialidad,PEPPERONI TAJADO CASA IBERIA 80G,0.08,UND,PEPPERONI,CHARCUTERIA,CARNES MADURADAS,regular,CASA IBERIA,IMPORTADO,2025-07
C018,110113,2025-07-31,114,28.5,0.0,0.0,0.0,9.0,2.25,125480.0,1539.0,1611.0,384.75,397.74,42.0,15.509999999999991,False,15.509999999999991,1.8416666666666666,55.25,8.42171945701357,2025-07-01,Cadena Uno,Hard Discount,Occidente,Valle del Cauca,Cali,Discounter,PARMESANO RALLADO ORO LECHE 250G,0.25,UND,TIPO PARMESANO,RALLADOS,QUESO PARMESANO,regular,ORO LECHE,MAQUILA,2025-07
C014,120101,2025-07-31,115,28.75,0.0,0.0,0.0,8.0,2.0,79160.0,1930.0,1914.0,458.5,474.13,131.0,13.120000000000005,False,13.120000000000005,2.408333333333333,72.25,5.447750865051905,2025-07-01,Plaza Hogar,Grandes Superficies,Occidente,Valle del Cauca,Cali,Hipermercado,MOZZARELLA TAJADA CAMPOCLARO 250G,0.25,UND,MOZZARELLA,QUESOS TAJADOS,QUESOS FRESCOS,regular,CAMPOCLARO,NACIONAL,2025-07
C014,110110,2025-07-31,33,11.88,0.0,0.0,0.0,2.0,0.72,68920.0,433.0,441.0,155.88,156.24,25.0,11.519999999999982,False,11.519999999999982,0.804,24.12,14.3283582089552,2025-07-01,Plaza Hogar,Grandes Superficies,Occidente,Valle del Cauca,Cali,Hipermercado,MIX QUESOS PREMIUM MONTE AZUL 360G,0.36,UND,MIXTO QUESOS,MEZCLAS PREMIUM,QUESOS MADURADOS,regular,MONTE AZUL,IMPORTADO,2025-07
C001,300101,2025-07-31,170,39.1,0.0,0.0,0.0,10.0,2.3,89850.0,1819.0,1868.0,420.371,427.34,121.0,32.13100000000003,False,32.13100000000003,1.9856666666666665,59.56999999999999,16.181467181467198,2025-07-01,HiperMax Nacional,Grandes Superficies,Centro,Bogotá y Sabana,Bogotá,Hipermercado,JAMON DE CERDO FINAS LONCHAS SIERRA CARNES 230G,0.23,UND,JAMON CERDO,LONCHAS,CARNES FRIAS,regular,SIERRA CARNES,NACIONAL,2025-07
C012,190103,2025-07-31,5,3.0,0.0,0.0,0.0,0.0,0.0,0.0,0.0,2.0,0.0,1.2,3.0,1.8,False,1.8,0.0,0.0,,2025-07-01,Delimarket Gourmet,Tiendas Especializadas,Centro,Bogotá y Sabana,Bogotá,Especialidad,RACLETTE CELEBRACION LOMA DORADA 600G,0.6,UND,MIXTO QUESOS,TEMPORADA,QUESOS MADURADOS,temporada,LOMA DORADA,IMPORTADO,2025-07
C016,190103,2025-07-31,18,10.8,0.0,0.0,0.0,0.0,0.0,0.0,0.0,6.0,0.0,3.5999999999999996,12.0,7.200000000000001,False,7.200000000000001,0.039999999999999994,1.1999999999999997,180.00000000000006,2025-07-01,Canasta Familiar,Grandes Superficies,Santanderes,Bucaramanga Metropolitana,Bucaramanga,Supermercado,RACLETTE CELEBRACION LOMA DORADA 600G,0.6,UND,MIXTO QUESOS,TEMPORADA,QUESOS MADURADOS,temporada,LOMA DORADA,IMPORTADO,2025-07
C003,300101,2025-07-31,69,15.87,51.0,11.73,349020.0,5.0,1.15,45620.0,1188.0,1167.0,273.24,263.35,90.0,25.75999999999999,False,25.75999999999999,1.3339999999999999,40.019999999999996,19.310344827586203,2025-07-01,MaxiCompra Caribe,Grandes Superficies,Caribe,Costa Norte,Barranquilla,Supermercado,JAMON DE CERDO FINAS LONCHAS SIERRA CARNES 230G,0.23,UND,JAMON CERDO,LONCHAS,CARNES FRIAS,regular,SIERRA CARNES,NACIONAL,2025-07
C002,110112,2025-07-31,158,15.8,103.0,10.3,525440.0,10.0,1.0,70290.0,1814.0,1812.0,181.4,180.1,160.0,17.100000000000023,False,17.100000000000023,0.8466666666666668,25.400000000000002,20.19685039370081,2025-07-01,SuperAhorro,Grandes Superficies,Antioquia,Valle de Aburrá,Medellín,Supermercado,PARMESANO RALLADO ORO LECHE 100G,0.1,UND,TIPO PARMESANO,RALLADOS,QUESO PARMESANO,regular,ORO LECHE,MAQUILA,2025-07
C012,900101,2025-07-31,24,1.92,0.0,0.0,0.0,3.0,0.24,32750.0,300.0,301.0,24.0,23.28,23.0,2.6400000000000006,False,2.6400000000000006,0.12000000000000001,3.6,22.000000000000004,2025-07-01,Delimarket Gourmet,Tiendas Especializadas,Centro,Bogotá y Sabana,Bogotá,Especialidad,SALAMI TAJADO CASA IBERIA 80G,0.08,UND,SALAMI,CHARCUTERIA,CARNES MADURADAS,regular,CASA IBERIA,IMPORTADO,2025-07
C015,900102,2025-07-31,12,0.96,0.0,0.0,0.0,0.0,0.0,0.0,170.0,175.0,13.120000000000001,13.92,7.0,0.16000000000000192,False,0.16000000000000192,0.06666666666666667,2.0,2.4000000000000288,2025-07-01,Abarrotes Norte,Tradicional Modernizado,Caribe,Costa Norte,Barranquilla,Supermercado Regional,PEPPERONI TAJADO CASA IBERIA 80G,0.08,UND,PEPPERONI,CHARCUTERIA,CARNES MADURADAS,regular,CASA IBERIA,IMPORTADO,2025-07
C003,110114,2025-07-31,60,15.0,0.0,0.0,0.0,3.0,0.75,72960.0,793.0,791.0,198.25,193.94,62.0,19.310000000000002,False,19.310000000000002,0.9833333333333333,29.5,19.637288135593224,2025-07-01,MaxiCompra Caribe,Grandes Superficies,Caribe,Costa Norte,Barranquilla,Supermercado,GOUDA NATURAL CUÑA LOMA DORADA 250G,0.25,UND,GOUDA NATURAL,CUÑAS,QUESOS MADURADOS,regular,LOMA DORADA,IMPORTADO,2025-07
C003,300102,2025-07-31,79,18.17,0.0,0.0,0.0,5.0,1.15,48420.0,930.0,972.0,202.4,219.65,37.0,0.9199999999999875,False,0.9199999999999875,0.9123333333333333,27.37,1.008403361344524,2025-07-01,MaxiCompra Caribe,Grandes Superficies,Caribe,Costa Norte,Barranquilla,Supermercado,JAMON DE PAVO FINAS LONCHAS SIERRA CARNES 230G,0.23,UND,JAMON PAVO,LONCHAS,CARNES FRIAS,regular,SIERRA CARNES,NACIONAL,2025-07
C001,110103,2025-07-31,102,15.3,0.0,0.0,0.0,5.0,0.75,74260.0,1227.0,1277.0,184.05,191.49,52.0,7.860000000000014,False,7.860000000000014,0.9400000000000001,28.200000000000003,8.361702127659589,2025-07-01,HiperMax Nacional,Grandes Superficies,Centro,Bogotá y Sabana,Bogotá,Hipermercado,MUENSTER TAJADO LOMA DORADA 150G,0.15,UND,MUENSTER,QUESOS TAJADOS PREMIUM,QUESOS MADURADOS,regular,LOMA DORADA,IMPORTADO,2025-07
C004,130104,2025-07-31,245,36.75,0.0,0.0,0.0,15.0,0.0,79910.0,3463.0,3496.0,492.0,516.276,212.0,12.474000000000046,False,12.474000000000046,2.625,78.75,4.7520000000000175,2025-07-01,Descuento Ya,Hard Discount,Centro,Bogotá y Sabana,Bogotá,Discounter,PIZZA MIX RALLADO DELILAT 150G,0.15,UND,MIXTO QUESOS,RALLADOS,QUESOS ANALOGOS,regular,DELILAT,MAQUILA,2025-07
C002,900101,2025-07-31,77,6.16,0.0,0.0,0.0,4.0,0.32,39910.0,921.0,948.0,73.68,73.635,50.0,6.204999999999998,False,6.204999999999998,0.3466666666666667,10.4,17.899038461538456,2025-07-01,SuperAhorro,Grandes Superficies,Antioquia,Valle de Aburrá,Medellín,Supermercado,SALAMI TAJADO CASA IBERIA 80G,0.08,UND,SALAMI,CHARCUTERIA,CARNES MADURADAS,regular,CASA IBERIA,IMPORTADO,2025-07
C002,110113,2025-07-31,61,15.25,0.0,0.0,0.0,1.0,0.25,15310.0,868.0,887.0,217.0,221.75,42.0,10.5,False,10.5,1.05,31.5,10.0,2025-07-01,SuperAhorro,Grandes Superficies,Antioquia,Valle de Aburrá,Medellín,Supermercado,PARMESANO RALLADO ORO LECHE 250G,0.25,UND,TIPO PARMESANO,RALLADOS,QUESO PARMESANO,regular,ORO LECHE,MAQUILA,2025-07
C005,130103,2025-07-31,213,61.344,0.0,0.0,0.0,17.0,4.896,130230.0,3511.0,3583.0,1011.168,1032.157,141.0,40.35500000000002,False,40.35500000000002,5.568,167.04,7.247665229885062,2025-07-01,PrecioListo,Hard Discount,Antioquia,Valle de Aburrá,Medellín,Discounter,LONCHAS AMERICANAS DELILAT 288G,0.288,UND,CHEDDAR ANALOGO,LONCHITAS,QUESOS ANALOGOS,regular,DELILAT,MAQUILA,2025-07
C001,190103,2025-07-31,29,17.4,0.0,0.0,0.0,0.0,0.0,0.0,0.0,2.0,0.0,1.2,27.0,16.2,False,16.2,0.0,0.0,,2025-07-01,HiperMax Nacional,Grandes Superficies,Centro,Bogotá y Sabana,Bogotá,Hipermercado,RACLETTE CELEBRACION LOMA DORADA 600G,0.6,UND,MIXTO QUESOS,TEMPORADA,QUESOS MADURADOS,temporada,LOMA DORADA,IMPORTADO,2025-07
C006,120104,2025-07-31,92,18.4,0.0,0.0,0.0,10.0,2.0,72540.0,1673.0,1698.0,334.6,335.672,67.0,17.327999999999975,False,17.327999999999975,1.646666666666667,49.400000000000006,10.523076923076905,2025-07-01,PuntoMenos Caribe,Hard Discount,Caribe,Costa Norte,Cartagena,Discounter,MOZZARELLA LIGHT CAMPOCLARO 200G,0.2,UND,MOZZARELLA,QUESOS TAJADOS,QUESOS FRESCOS,regular,CAMPOCLARO,NACIONAL,2025-07
C012,190102,2025-07-31,7,3.5,0.0,0.0,0.0,0.0,0.0,0.0,0.0,2.0,0.0,1.0,5.0,2.5,False,2.5,0.016666666666666666,0.5,150.0,2025-07-01,Delimarket Gourmet,Tiendas Especializadas,Centro,Bogotá y Sabana,Bogotá,Especialidad,DUO FESTIVO QUESOS Y CARNES 500G,0.5,UND,MIXTO QUESOS-CARNES,TEMPORADA,QUESOS MADURADOS,temporada,MONTE AZUL,MAQUILA,2025-07
C013,190103,2025-07-31,5,3.0,0.0,0.0,0.0,0.0,0.0,0.0,0.0,3.0,0.0,1.7999999999999998,2.0,1.2000000000000002,False,1.2000000000000002,0.0,0.0,,2025-07-01,La Mesa Premium,Tiendas Especializadas,Occidente,,Cali,Especialidad,RACLETTE CELEBRACION LOMA DORADA 600G,0.6,UND,MIXTO QUESOS,TEMPORADA,QUESOS MADURADOS,temporada,LOMA DORADA,IMPORTADO,2025-07
C016,190102,2025-07-31,20,10.0,0.0,0.0,0.0,0.0,0.0,0.0,0.0,3.0,0.0,1.5,17.0,8.5,False,8.5,0.016666666666666666,0.5,510.0,2025-07-01,Canasta Familiar,Grandes Superficies,Santanderes,Bucaramanga Metropolitana,Bucaramanga,Supermercado,DUO FESTIVO QUESOS Y CARNES 500G,0.5,UND,MIXTO QUESOS-CARNES,TEMPORADA,QUESOS MADURADOS,temporada,MONTE AZUL,MAQUILA,2025-07
C015,900101,2025-07-31,15,1.2,0.0,0.0,0.0,1.0,0.08,9840.0,228.0,229.0,18.24,18.326,14.0,1.1139999999999972,False,1.1139999999999972,0.112,3.36,9.946428571428546,2025-07-01,Abarrotes Norte,Tradicional Modernizado,Caribe,Costa Norte,Barranquilla,Supermercado Regional,SALAMI TAJADO CASA IBERIA 80G,0.08,UND,SALAMI,CHARCUTERIA,CARNES MADURADAS,regular,CASA IBERIA,IMPORTADO,2025-07
C016,300101,2025-07-31,88,20.24,0.0,0.0,0.0,4.0,0.92,35430.0,977.0,1014.0,212.75,231.279,51.0,1.7110000000000127,False,1.7110000000000127,1.0273333333333334,30.82,1.665476963011044,2025-07-01,Canasta Familiar,Grandes Superficies,Santanderes,Bucaramanga Metropolitana,Bucaramanga,Supermercado,JAMON DE CERDO FINAS LONCHAS SIERRA CARNES 230G,0.23,UND,JAMON CERDO,LONCHAS,CARNES FRIAS,regular,SIERRA CARNES,NACIONAL,2025-07
C016,300102,2025-07-31,55,12.65,0.0,0.0,0.0,3.0,0.69,28430.0,763.0,783.0,175.49,178.71,35.0,9.430000000000007,False,9.430000000000007,0.9583333333333334,28.75,9.840000000000007,2025-07-01,Canasta Familiar,Grandes Superficies,Santanderes,Bucaramanga Metropolitana,Bucaramanga,Supermercado,JAMON DE PAVO FINAS LONCHAS SIERRA CARNES 230G,0.23,UND,JAMON PAVO,LONCHAS,CARNES FRIAS,regular,SIERRA CARNES,NACIONAL,2025-07
C016,110101,2025-07-31,52,7.8,0.0,0.0,0.0,1.0,0.15,14880.0,637.0,654.0,95.55,96.24,35.0,7.109999999999999,False,7.109999999999999,0.445,13.35,15.977528089887638,2025-07-01,Canasta Familiar,Grandes Superficies,Santanderes,Bucaramanga Metropolitana,Bucaramanga,Supermercado,GOUDA AHUMADO TAJADO LOMA DORADA 150G,0.15,UND,GOUDA AHUMADO,QUESOS TAJADOS PREMIUM,QUESOS MADURADOS,regular,LOMA DORADA,IMPORTADO,2025-07
C005,110113,2025-07-31,105,26.25,0.0,0.0,0.0,5.0,1.25,71080.0,1700.0,1707.0,386.5,420.64,98.0,-7.889999999999986,True,0.0,2.091666666666667,62.75,0.0,2025-07-01,PrecioListo,Hard Discount,Antioquia,Valle de Aburrá,Medellín,Discounter,PARMESANO RALLADO ORO LECHE 250G,0.25,UND,TIPO PARMESANO,RALLADOS,QUESO PARMESANO,regular,ORO LECHE,MAQUILA,2025-07
C005,130104,2025-07-31,185,27.75,0.0,0.0,0.0,16.0,2.4,87850.0,3568.0,3557.0,535.2,530.85,196.0,32.10000000000002,False,32.10000000000002,2.6899999999999995,80.69999999999999,11.933085501858747,2025-07-01,PrecioListo,Hard Discount,Antioquia,Valle de Aburrá,Medellín,Discounter,PIZZA MIX RALLADO DELILAT 150G,0.15,UND,MIXTO QUESOS,RALLADOS,QUESOS ANALOGOS,regular,DELILAT,MAQUILA,2025-07
C014,130103,2025-07-31,91,26.208,0.0,0.0,0.0,8.0,2.304,65370.0,1505.0,1517.0,433.44,425.814,79.0,33.834,False,33.834,2.1024,63.071999999999996,16.09303652968037,2025-07-01,Plaza Hogar,Grandes Superficies,Occidente,Valle del Cauca,Cali,Hipermercado,LONCHAS AMERICANAS DELILAT 288G,0.288,UND,CHEDDAR ANALOGO,LONCHITAS,QUESOS ANALOGOS,regular,DELILAT,MAQUILA,2025-07
C002,900104,2025-07-31,92,7.36,0.0,0.0,0.0,7.0,0.56,63700.0,980.0,1005.0,78.4,79.879,67.0,5.881,False,5.881,0.4266666666666667,12.8,13.78359375,2025-07-01,SuperAhorro,Grandes Superficies,Antioquia,Valle de Aburrá,Medellín,Supermercado,CHORIZO TAJADO CASA IBERIA 80G,0.08,UND,CHORIZO,CHARCUTERIA,CARNES MADURADAS,regular,CASA IBERIA,IMPORTADO,2025-07
C018,130104,2025-07-31,188,28.2,0.0,0.0,0.0,9.0,1.35,49510.0,2597.0,2668.0,389.55,391.50600000000003,117.0,26.24399999999997,False,26.24399999999997,1.845,55.35,14.224390243902423,2025-07-01,Cadena Uno,Hard Discount,Occidente,Valle del Cauca,Cali,Discounter,PIZZA MIX RALLADO DELILAT 150G,0.15,UND,MIXTO QUESOS,RALLADOS,QUESOS ANALOGOS,regular,DELILAT,MAQUILA,2025-07
C012,900103,2025-07-31,29,2.32,0.0,0.0,0.0,0.0,0.0,0.0,391.0,385.0,29.984,30.16,35.0,2.144000000000002,False,2.144000000000002,0.12000000000000001,3.6,17.86666666666668,2025-07-01,Delimarket Gourmet,Tiendas Especializadas,Centro,Bogotá y Sabana,Bogotá,Especialidad,JAMON SERRANO TAJADO CASA IBERIA 80G,0.08,UND,JAMON SERRANO,CHARCUTERIA,CARNES MADURADAS,regular,CASA IBERIA,IMPORTADO,2025-07
C002,190103,2025-07-31,22,0.0,0.0,0.0,0.0,0.0,0.0,0.0,0.0,4.0,0.0,2.4,18.0,-2.4,True,0.0,0.04,1.2,0.0,2025-07-01,SuperAhorro,Grandes Superficies,Antioquia,Valle de Aburrá,Medellín,Supermercado,RACLETTE CELEBRACION LOMA DORADA 600G,0.6,UND,MIXTO QUESOS,TEMPORADA,QUESOS MADURADOS,temporada,LOMA DORADA,IMPORTADO,2025-07
C001,110102,2025-07-31,87,13.05,0.0,0.0,0.0,9.0,1.35,132560.0,1315.0,1335.0,197.25,195.876,67.0,14.424000000000007,False,14.424000000000007,0.99,29.7,14.569696969696977,2025-07-01,HiperMax Nacional,Grandes Superficies,Centro,Bogotá y Sabana,Bogotá,Hipermercado,HOLANDES TAJADO LOMA DORADA 150G,0.15,UND,HOLANDES,QUESOS TAJADOS PREMIUM,QUESOS MADURADOS,regular,LOMA DORADA,IMPORTADO,2025-07
C003,110112,2025-07-31,120,12.0,0.0,0.0,0.0,10.0,1.0,68490.0,3828.0,3794.0,382.8,374.8,154.0,20.0,False,20.0,0.8166666666666667,24.5,24.489795918367346,2025-07-01,MaxiCompra Caribe,Grandes Superficies,Caribe,Costa Norte,Barranquilla,Supermercado,PARMESANO RALLADO ORO LECHE 100G,0.1,UND,TIPO PARMESANO,RALLADOS,QUESO PARMESANO,regular,ORO LECHE,MAQUILA,2025-07
C017,900103,2025-07-31,3,0.24,0.0,0.0,0.0,1.0,0.08,11680.0,105.0,105.0,8.0,8.24,3.0,0.0,False,0.0,0.04533333333333334,1.36,0.0,2025-07-01,RapiExpress,E-commerce,Centro,Bogotá y Sabana,Bogotá,Quick Commerce,JAMON SERRANO TAJADO CASA IBERIA 80G,0.08,UND,JAMON SERRANO,CHARCUTERIA,CARNES MADURADAS,regular,CASA IBERIA,IMPORTADO,2025-07
C014,110107,2025-07-31,58,7.25,0.0,0.0,0.0,4.0,0.5,52140.0,677.0,700.0,79.625,85.97,35.0,0.9050000000000011,False,0.9050000000000011,0.49166666666666664,14.75,1.8406779661016974,2025-07-01,Plaza Hogar,Grandes Superficies,Occidente,Valle del Cauca,Cali,Hipermercado,CAMEMBERT CUÑA MONTE AZUL 125G,0.125,UND,CAMEMBERT,QUESOS BLANDOS,QUESOS MADURADOS,regular,MONTE AZUL,IMPORTADO,2025-07
C017,110108,2025-07-31,3,0.45,0.0,0.0,0.0,0.0,0.0,0.0,79.0,79.0,11.85,11.85,3.0,0.4499999999999993,False,0.4499999999999993,0.05,1.5,8.999999999999986,2025-07-01,RapiExpress,E-commerce,Centro,Bogotá y Sabana,Bogotá,Quick Commerce,MANCHEGO CUÑA MONTE AZUL 150G,0.15,UND,MANCHEGO,CUÑAS PREMIUM,QUESOS MADURADOS,regular,MONTE AZUL,IMPORTADO,2025-07
C016,120104,2025-07-31,81,16.2,0.0,0.0,0.0,7.0,1.4,57750.0,998.0,1032.0,186.8,206.32,47.0,-3.319999999999993,True,0.0,0.9666666666666667,29.0,0.0,2025-07-01,Canasta Familiar,Grandes Superficies,Santanderes,Bucaramanga Metropolitana,Bucaramanga,Supermercado,MOZZARELLA LIGHT CAMPOCLARO 200G,0.2,UND,MOZZARELLA,QUESOS TAJADOS,QUESOS FRESCOS,regular,CAMPOCLARO,NACIONAL,2025-07
C013,110101,2025-07-31,19,2.85,0.0,0.0,0.0,0.0,0.0,0.0,182.0,188.0,27.3,26.849999999999998,13.0,3.3000000000000043,False,3.3000000000000043,0.11499999999999999,3.4499999999999997,28.695652173913082,2025-07-01,La Mesa Premium,Tiendas Especializadas,Occidente,,Cali,Especialidad,GOUDA AHUMADO TAJADO LOMA DORADA 150G,0.15,UND,GOUDA AHUMADO,QUESOS TAJADOS PREMIUM,QUESOS MADURADOS,regular,LOMA DORADA,IMPORTADO,2025-07
C012,110108,2025-07-31,16,2.4,0.0,0.0,0.0,2.0,0.3,34860.0,209.0,211.0,31.35,31.349999999999998,14.0,2.400000000000002,False,2.400000000000002,0.185,5.55,12.972972972972984,2025-07-01,Delimarket Gourmet,Tiendas Especializadas,Centro,Bogotá y Sabana,Bogotá,Especialidad,MANCHEGO CUÑA MONTE AZUL 150G,0.15,UND,MANCHEGO,CUÑAS PREMIUM,QUESOS MADURADOS,regular,MONTE AZUL,IMPORTADO,2025-07
C003,900104,2025-07-31,92,7.36,49.0,3.92,338620.0,6.0,0.48,55040.0,1031.0,1038.0,82.48,81.011,85.0,8.829000000000008,False,8.829000000000008,0.36266666666666664,10.879999999999999,24.344669117647083,2025-07-01,MaxiCompra Caribe,Grandes Superficies,Caribe,Costa Norte,Barranquilla,Supermercado,CHORIZO TAJADO CASA IBERIA 80G,0.08,UND,CHORIZO,CHARCUTERIA,CARNES MADURADAS,regular,CASA IBERIA,IMPORTADO,2025-07
C013,110114,2025-07-31,14,3.5,0.0,0.0,0.0,0.0,0.0,0.0,177.0,180.0,44.25,44.29,11.0,3.460000000000001,False,3.460000000000001,0.23333333333333334,7.0,14.828571428571433,2025-07-01,La Mesa Premium,Tiendas Especializadas,Occidente,,Cali,Especialidad,GOUDA NATURAL CUÑA LOMA DORADA 250G,0.25,UND,GOUDA NATURAL,CUÑAS,QUESOS MADURADOS,regular,LOMA DORADA,IMPORTADO,2025-07
C005,110112,2025-07-31,205,20.5,0.0,0.0,0.0,24.0,2.4,153030.0,2934.0,2984.0,293.4,295.92,155.0,17.97999999999996,False,17.97999999999996,1.5766666666666667,47.3,11.403805496828728,2025-07-01,PrecioListo,Hard Discount,Antioquia,Valle de Aburrá,Medellín,Discounter,PARMESANO RALLADO ORO LECHE 100G,0.1,UND,TIPO PARMESANO,RALLADOS,QUESO PARMESANO,regular,ORO LECHE,MAQUILA,2025-07
C013,900104,2025-07-31,21,1.68,0.0,0.0,0.0,1.0,0.08,10150.0,187.0,189.0,14.96,15.046,19.0,1.5940000000000012,False,1.5940000000000012,0.07466666666666667,2.24,21.3482142857143,2025-07-01,La Mesa Premium,Tiendas Especializadas,Occidente,,Cali,Especialidad,CHORIZO TAJADO CASA IBERIA 80G,0.08,UND,CHORIZO,CHARCUTERIA,CARNES MADURADAS,regular,CASA IBERIA,IMPORTADO,2025-07
C017,900101,2025-07-31,4,0.32,0.0,0.0,0.0,1.0,0.08,10520.0,108.0,109.0,8.4,8.652,3.0,0.06800000000000139,False,0.06800000000000139,0.048,1.44,1.4166666666666956,2025-07-01,RapiExpress,E-commerce,Centro,Bogotá y Sabana,Bogotá,Quick Commerce,SALAMI TAJADO CASA IBERIA 80G,0.08,UND,SALAMI,CHARCUTERIA,CARNES MADURADAS,regular,CASA IBERIA,IMPORTADO,2025-07
C018,300101,2025-07-31,111,25.53,0.0,0.0,0.0,5.0,1.15,41860.0,1973.0,2029.0,453.78999999999996,461.711,55.0,17.608999999999924,False,17.608999999999924,2.0163333333333333,60.49,8.73317903785746,2025-07-01,Cadena Uno,Hard Discount,Occidente,Valle del Cauca,Cali,Discounter,JAMON DE CERDO FINAS LONCHAS SIERRA CARNES 230G,0.23,UND,JAMON CERDO,LONCHAS,CARNES FRIAS,regular,SIERRA CARNES,NACIONAL,2025-07
C013,190102,2025-07-31,4,2.0,0.0,0.0,0.0,0.0,0.0,0.0,0.0,3.0,0.0,1.5,1.0,0.5,False,0.5,0.0,0.0,,2025-07-01,La Mesa Premium,Tiendas Especializadas,Occidente,,Cali,Especialidad,DUO FESTIVO QUESOS Y CARNES 500G,0.5,UND,MIXTO QUESOS-CARNES,TEMPORADA,QUESOS MADURADOS,temporada,MONTE AZUL,MAQUILA,2025-07
C018,120104,2025-07-31,104,20.8,0.0,0.0,0.0,15.0,3.0,110170.0,1888.0,1924.0,377.6,374.192,68.0,24.208000000000027,False,24.208000000000027,2.0066666666666664,60.199999999999996,12.063787375415297,2025-07-01,Cadena Uno,Hard Discount,Occidente,Valle del Cauca,Cali,Discounter,MOZZARELLA LIGHT CAMPOCLARO 200G,0.2,UND,MOZZARELLA,QUESOS TAJADOS,QUESOS FRESCOS,regular,CAMPOCLARO,NACIONAL,2025-07
C001,130101,2025-07-31,202,30.3,0.0,0.0,0.0,10.0,1.5,57100.0,2247.0,2358.0,339.06,350.556,91.0,18.80400000000003,False,18.80400000000003,1.68,50.4,11.19285714285716,2025-07-01,HiperMax Nacional,Grandes Superficies,Centro,Bogotá y Sabana,Bogotá,Hipermercado,CHEDDAR ESTILO AMERICANO DELILAT 150G,0.15,UND,CHEDDAR ANALOGO,LONCHAS,QUESOS ANALOGOS,regular,DELILAT,MAQUILA,2025-07
C017,110112,2025-07-31,7,0.7,0.0,0.0,0.0,2.0,0.2,14670.0,137.0,139.0,13.7,13.5,5.0,0.8999999999999986,False,0.8999999999999986,0.07,2.1,12.857142857142836,2025-07-01,RapiExpress,E-commerce,Centro,Bogotá y Sabana,Bogotá,Quick Commerce,PARMESANO RALLADO ORO LECHE 100G,0.1,UND,TIPO PARMESANO,RALLADOS,QUESO PARMESANO,regular,ORO LECHE,MAQUILA,2025-07
C005,300102,2025-07-31,105,24.15,0.0,0.0,0.0,11.0,2.53,96000.0,1481.0,1556.0,340.63,355.34999999999997,30.0,9.430000000000007,False,9.430000000000007,1.8323333333333331,54.96999999999999,5.146443514644356,2025-07-01,PrecioListo,Hard Discount,Antioquia,Valle de Aburrá,Medellín,Discounter,JAMON DE PAVO FINAS LONCHAS SIERRA CARNES 230G,0.23,UND,JAMON PAVO,LONCHAS,CARNES FRIAS,regular,SIERRA CARNES,NACIONAL,2025-07
C014,190101,2025-07-31,23,9.2,0.0,0.0,0.0,0.0,0.0,0.0,0.0,4.0,0.0,1.6,19.0,7.6,False,7.6,0.013333333333333334,0.4,569.9999999999999,2025-07-01,Plaza Hogar,Grandes Superficies,Occidente,Valle del Cauca,Cali,Hipermercado,TABLA APERITIVO NAVIDEÑA MONTE AZUL 400G,0.4,UND,MIXTO QUESOS,TEMPORADA,QUESOS MADURADOS,temporada,MONTE AZUL,IMPORTADO,2025-07
C016,110103,2025-07-31,45,6.75,0.0,0.0,0.0,1.0,0.15,14790.0,663.0,673.0,99.45,100.068,35.0,6.132000000000005,False,6.132000000000005,0.445,13.35,13.779775280898887,2025-07-01,Canasta Familiar,Grandes Superficies,Santanderes,Bucaramanga Metropolitana,Bucaramanga,Supermercado,MUENSTER TAJADO LOMA DORADA 150G,0.15,UND,MUENSTER,QUESOS TAJADOS PREMIUM,QUESOS MADURADOS,regular,LOMA DORADA,IMPORTADO,2025-07
C012,110107,2025-07-31,16,2.0,0.0,0.0,0.0,0.0,0.0,0.0,226.0,223.0,28.25,27.5,19.0,2.75,False,2.75,0.15,4.5,18.333333333333336,2025-07-01,Delimarket Gourmet,Tiendas Especializadas,Centro,Bogotá y Sabana,Bogotá,Especialidad,CAMEMBERT CUÑA MONTE AZUL 125G,0.125,UND,CAMEMBERT,QUESOS BLANDOS,QUESOS MADURADOS,regular,MONTE AZUL,IMPORTADO,2025-07
C015,120101,2025-07-31,35,8.75,0.0,0.0,0.0,2.0,0.5,19320.0,417.0,421.0,104.25,103.94,31.0,9.060000000000002,False,9.060000000000002,0.5166666666666667,15.5,17.535483870967745,2025-07-01,Abarrotes Norte,Tradicional Modernizado,Caribe,Costa Norte,Barranquilla,Supermercado Regional,MOZZARELLA TAJADA CAMPOCLARO 250G,0.25,UND,MOZZARELLA,QUESOS TAJADOS,QUESOS FRESCOS,regular,CAMPOCLARO,NACIONAL,2025-07
C004,110112,2025-07-31,222,22.2,0.0,0.0,0.0,20.0,2.0,126930.0,3806.0,3947.0,380.6,388.072,81.0,14.728000000000009,False,14.728000000000009,1.8666666666666667,56.0,7.890000000000004,2025-07-01,Descuento Ya,Hard Discount,Centro,Bogotá y Sabana,Bogotá,Discounter,PARMESANO RALLADO ORO LECHE 100G,0.1,UND,TIPO PARMESANO,RALLADOS,QUESO PARMESANO,regular,ORO LECHE,MAQUILA,2025-07
C014,110101,2025-07-31,70,10.5,46.0,6.9,506660.0,13.0,1.95,185570.0,971.0,965.0,138.3,142.65,76.0,6.150000000000006,False,6.150000000000006,0.805,24.150000000000002,7.639751552795038,2025-07-01,Plaza Hogar,Grandes Superficies,Occidente,Valle del Cauca,Cali,Hipermercado,GOUDA AHUMADO TAJADO LOMA DORADA 150G,0.15,UND,GOUDA AHUMADO,QUESOS TAJADOS PREMIUM,QUESOS MADURADOS,regular,LOMA DORADA,IMPORTADO,2025-07
C003,190101,2025-07-31,14,5.6,0.0,0.0,0.0,0.0,0.0,0.0,0.0,7.0,0.0,2.8000000000000003,7.0,2.7999999999999994,False,2.7999999999999994,0.013333333333333334,0.4,209.99999999999994,2025-07-01,MaxiCompra Caribe,Grandes Superficies,Caribe,Costa Norte,Barranquilla,Supermercado,TABLA APERITIVO NAVIDEÑA MONTE AZUL 400G,0.4,UND,MIXTO QUESOS,TEMPORADA,QUESOS MADURADOS,temporada,MONTE AZUL,IMPORTADO,2025-07
C001,120104,2025-07-31,143,28.6,0.0,0.0,0.0,10.0,2.0,81110.0,1569.0,1603.0,313.8,315.416,109.0,26.984000000000037,False,26.984000000000037,1.6,48.0,16.865000000000023,2025-07-01,HiperMax Nacional,Grandes Superficies,Centro,Bogotá y Sabana,Bogotá,Hipermercado,MOZZARELLA LIGHT CAMPOCLARO 200G,0.2,UND,MOZZARELLA,QUESOS TAJADOS,QUESOS FRESCOS,regular,CAMPOCLARO,NACIONAL,2025-07
C014,120104,2025-07-31,96,19.2,0.0,0.0,0.0,3.0,0.6,24600.0,1151.0,1170.0,230.2,233.048,77.0,16.351999999999975,False,16.351999999999975,1.32,39.6,12.387878787878769,2025-07-01,Plaza Hogar,Grandes Superficies,Occidente,Valle del Cauca,Cali,Hipermercado,MOZZARELLA LIGHT CAMPOCLARO 200G,0.2,UND,MOZZARELLA,QUESOS TAJADOS,QUESOS FRESCOS,regular,CAMPOCLARO,NACIONAL,2025-07
C015,120103,2025-07-31,22,4.4,0.0,0.0,0.0,2.0,0.4,19980.0,292.0,296.0,58.4,59.184000000000005,18.0,3.6159999999999926,False,3.6159999999999926,0.21333333333333335,6.4,16.949999999999964,2025-07-01,Abarrotes Norte,Tradicional Modernizado,Caribe,Costa Norte,Barranquilla,Supermercado Regional,QUESO CREMA CAMPOCLARO 200G,0.2,UND,CREMAS,UNTABLES,QUESOS FRESCOS,regular,CAMPOCLARO,NACIONAL,2025-07
C006,120103,2025-07-31,114,22.8,0.0,0.0,0.0,7.0,1.4,65390.0,1654.0,1715.0,330.8,335.92,53.0,17.680000000000007,False,17.680000000000007,1.7466666666666666,52.4,10.122137404580156,2025-07-01,PuntoMenos Caribe,Hard Discount,Caribe,Costa Norte,Cartagena,Discounter,QUESO CREMA CAMPOCLARO 200G,0.2,UND,CREMAS,UNTABLES,QUESOS FRESCOS,regular,CAMPOCLARO,NACIONAL,2025-07
C016,130101,2025-07-31,125,18.75,72.0,10.8,305940.0,9.0,1.35,51560.0,1540.0,1534.0,231.0,225.0,131.0,24.75,False,24.75,1.155,34.65,21.428571428571427,2025-07-01,Canasta Familiar,Grandes Superficies,Santanderes,Bucaramanga Metropolitana,Bucaramanga,Supermercado,CHEDDAR ESTILO AMERICANO DELILAT 150G,0.15,UND,CHEDDAR ANALOGO,LONCHAS,QUESOS ANALOGOS,regular,DELILAT,MAQUILA,2025-07
C002,110103,2025-07-31,59,8.85,49.0,7.35,549010.0,5.0,0.75,72700.0,924.0,906.0,138.6,134.466,77.0,12.98399999999998,False,12.98399999999998,0.6799999999999999,20.4,19.094117647058795,2025-07-01,SuperAhorro,Grandes Superficies,Antioquia,Valle de Aburrá,Medellín,Supermercado,MUENSTER TAJADO LOMA DORADA 150G,0.15,UND,MUENSTER,QUESOS TAJADOS PREMIUM,QUESOS MADURADOS,regular,LOMA DORADA,IMPORTADO,2025-07
C016,130103,2025-07-31,88,25.344,0.0,0.0,0.0,8.0,2.304,67300.0,1109.0,1121.0,319.392,318.459,76.0,26.276999999999987,False,26.276999999999987,1.7375999999999998,52.12799999999999,15.12258287292817,2025-07-01,Canasta Familiar,Grandes Superficies,Santanderes,Bucaramanga Metropolitana,Bucaramanga,Supermercado,LONCHAS AMERICANAS DELILAT 288G,0.288,UND,CHEDDAR ANALOGO,LONCHITAS,QUESOS ANALOGOS,regular,DELILAT,MAQUILA,2025-07
C001,900101,2025-07-31,80,6.4,0.0,0.0,0.0,6.0,0.48,60640.0,1325.0,1314.0,106.0,102.96000000000001,91.0,9.439999999999998,False,9.439999999999998,0.5146666666666666,15.44,18.341968911917096,2025-07-01,HiperMax Nacional,Grandes Superficies,Centro,Bogotá y Sabana,Bogotá,Hipermercado,SALAMI TAJADO CASA IBERIA 80G,0.08,UND,SALAMI,CHARCUTERIA,CARNES MADURADAS,regular,CASA IBERIA,IMPORTADO,2025-07
C016,900103,2025-07-31,66,5.28,40.0,3.2,323550.0,9.0,0.72,96260.0,740.0,740.0,55.76,58.4,66.0,2.6400000000000006,False,2.6400000000000006,0.304,9.12,8.684210526315791,2025-07-01,Canasta Familiar,Grandes Superficies,Santanderes,Bucaramanga Metropolitana,Bucaramanga,Supermercado,JAMON SERRANO TAJADO CASA IBERIA 80G,0.08,UND,JAMON SERRANO,CHARCUTERIA,CARNES MADURADAS,regular,CASA IBERIA,IMPORTADO,2025-07
C016,110102,2025-07-31,56,8.4,0.0,0.0,0.0,5.0,0.75,74310.0,642.0,654.0,96.3,97.362,44.0,7.338000000000008,False,7.338000000000008,0.5599999999999999,16.799999999999997,13.103571428571444,2025-07-01,Canasta Familiar,Grandes Superficies,Santanderes,Bucaramanga Metropolitana,Bucaramanga,Supermercado,HOLANDES TAJADO LOMA DORADA 150G,0.15,UND,HOLANDES,QUESOS TAJADOS PREMIUM,QUESOS MADURADOS,regular,LOMA DORADA,IMPORTADO,2025-07
C001,110110,2025-07-31,45,16.2,0.0,0.0,0.0,3.0,1.08,102410.0,689.0,705.0,235.08,244.642,29.0,6.638000000000005,False,6.638000000000005,1.26,37.8,5.268253968253973,2025-07-01,HiperMax Nacional,Grandes Superficies,Centro,Bogotá y Sabana,Bogotá,Hipermercado,MIX QUESOS PREMIUM MONTE AZUL 360G,0.36,UND,MIXTO QUESOS,MEZCLAS PREMIUM,QUESOS MADURADOS,regular,MONTE AZUL,IMPORTADO,2025-07
C018,130103,2025-07-31,144,41.472,0.0,0.0,0.0,14.0,4.032,103830.0,3165.0,3139.0,911.52,896.532,170.0,56.45999999999992,False,56.45999999999992,4.435199999999999,133.05599999999998,12.72997835497834,2025-07-01,Cadena Uno,Hard Discount,Occidente,Valle del Cauca,Cali,Discounter,LONCHAS AMERICANAS DELILAT 288G,0.288,UND,CHEDDAR ANALOGO,LONCHITAS,QUESOS ANALOGOS,regular,DELILAT,MAQUILA,2025-07
C002,110114,2025-07-31,66,16.5,0.0,0.0,0.0,1.0,0.25,24970.0,728.0,732.0,182.0,182.02,62.0,16.47999999999999,False,16.47999999999999,0.8583333333333333,25.75,19.19999999999999,2025-07-01,SuperAhorro,Grandes Superficies,Antioquia,Valle de Aburrá,Medellín,Supermercado,GOUDA NATURAL CUÑA LOMA DORADA 250G,0.25,UND,GOUDA NATURAL,CUÑAS,QUESOS MADURADOS,regular,LOMA DORADA,IMPORTADO,2025-07
C013,110115,2025-07-31,11,2.75,0.0,0.0,0.0,1.0,0.25,26880.0,164.0,167.0,41.0,41.19,8.0,2.5600000000000023,False,2.5600000000000023,0.13333333333333333,4.0,19.200000000000017,2025-07-01,La Mesa Premium,Tiendas Especializadas,Occidente,,Cali,Especialidad,FETA CUBOS CASA SIERRA 250G,0.25,UND,FETA,ESPECIALES,QUESOS MADURADOS,regular,CASA SIERRA,IMPORTADO,2025-07
C004,130103,2025-07-31,336,96.768,0.0,0.0,0.0,23.0,6.624,169150.0,4700.0,4851.0,1353.6,1383.667,185.0,66.70100000000002,False,66.70100000000002,6.864,205.92,9.71751165501166,2025-07-01,Descuento Ya,Hard Discount,Centro,Bogotá y Sabana,Bogotá,Discounter,LONCHAS AMERICANAS DELILAT 288G,0.288,UND,CHEDDAR ANALOGO,LONCHITAS,QUESOS ANALOGOS,regular,DELILAT,MAQUILA,2025-07
C006,130101,2025-07-31,242,36.3,0.0,0.0,0.0,24.0,3.6,127210.0,4144.0,4152.0,621.6,613.872,234.0,44.02800000000002,False,44.02800000000002,2.925,87.75,15.0523076923077,2025-07-01,PuntoMenos Caribe,Hard Discount,Caribe,Costa Norte,Cartagena,Discounter,CHEDDAR ESTILO AMERICANO DELILAT 150G,0.15,UND,CHEDDAR ANALOGO,LONCHAS,QUESOS ANALOGOS,regular,DELILAT,MAQUILA,2025-07
C015,130101,2025-07-31,29,4.35,0.0,0.0,0.0,6.0,0.9,33780.0,429.0,446.0,60.9,65.676,12.0,-0.42600000000000193,True,0.0,0.325,9.75,0.0,2025-07-01,Abarrotes Norte,Tradicional Modernizado,Caribe,Costa Norte,Barranquilla,Supermercado Regional,CHEDDAR ESTILO AMERICANO DELILAT 150G,0.15,UND,CHEDDAR ANALOGO,LONCHAS,QUESOS ANALOGOS,regular,DELILAT,MAQUILA,2025-07
C012,110110,2025-07-31,8,2.88,0.0,0.0,0.0,0.0,0.0,0.0,112.0,112.0,40.32,38.879999999999995,8.0,4.320000000000007,False,4.320000000000007,0.204,6.119999999999999,21.176470588235333,2025-07-01,Delimarket Gourmet,Tiendas Especializadas,Centro,Bogotá y Sabana,Bogotá,Especialidad,MIX QUESOS PREMIUM MONTE AZUL 360G,0.36,UND,MIXTO QUESOS,MEZCLAS PREMIUM,QUESOS MADURADOS,regular,MONTE AZUL,IMPORTADO,2025-07
C018,130101,2025-07-31,262,39.3,0.0,0.0,0.0,21.0,3.15,110340.0,5402.0,5466.0,746.25,820.248,198.0,-34.69800000000009,True,0.0,4.05,121.5,0.0,2025-07-01,Cadena Uno,Hard Discount,Occidente,Valle del Cauca,Cali,Discounter,CHEDDAR ESTILO AMERICANO DELILAT 150G,0.15,UND,CHEDDAR ANALOGO,LONCHAS,QUESOS ANALOGOS,regular,DELILAT,MAQUILA,2025-07
C003,190102,2025-07-31,28,14.0,0.0,0.0,0.0,0.0,0.0,0.0,0.0,6.0,0.0,3.0,22.0,11.0,False,11.0,0.03333333333333333,1.0,330.0,2025-07-01,MaxiCompra Caribe,Grandes Superficies,Caribe,Costa Norte,Barranquilla,Supermercado,DUO FESTIVO QUESOS Y CARNES 500G,0.5,UND,MIXTO QUESOS-CARNES,TEMPORADA,QUESOS MADURADOS,temporada,MONTE AZUL,MAQUILA,2025-07
C012,900104,2025-07-31,26,2.08,0.0,0.0,0.0,2.0,0.16,20370.0,240.0,250.0,19.2,19.92,16.0,1.3599999999999994,False,1.3599999999999994,0.08533333333333333,2.56,15.937499999999995,2025-07-01,Delimarket Gourmet,Tiendas Especializadas,Centro,Bogotá y Sabana,Bogotá,Especialidad,CHORIZO TAJADO CASA IBERIA 80G,0.08,UND,CHORIZO,CHARCUTERIA,CARNES MADURADAS,regular,CASA IBERIA,IMPORTADO,2025-07
C014,900101,2025-07-31,67,0.0,0.0,0.0,0.0,6.0,0.48,59190.0,924.0,949.0,69.12,75.706,42.0,-6.5859999999999985,True,0.0,0.41333333333333333,12.4,0.0,2025-07-01,Plaza Hogar,Grandes Superficies,Occidente,Valle del Cauca,Cali,Hipermercado,SALAMI TAJADO CASA IBERIA 80G,0.08,UND,SALAMI,CHARCUTERIA,CARNES MADURADAS,regular,CASA IBERIA,IMPORTADO,2025-07
C005,300101,2025-07-31,108,24.84,0.0,0.0,0.0,11.0,2.53,88200.0,2160.0,2227.0,496.8,499.947,41.0,21.692999999999984,False,21.692999999999984,2.323,69.69,9.338355574687897,2025-07-01,PrecioListo,Hard Discount,Antioquia,Valle de Aburrá,Medellín,Discounter,JAMON DE CERDO FINAS LONCHAS SIERRA CARNES 230G,0.23,UND,JAMON CERDO,LONCHAS,CARNES FRIAS,regular,SIERRA CARNES,NACIONAL,2025-07
C003,900103,2025-07-31,54,4.32,0.0,0.0,0.0,1.0,0.08,10740.0,751.0,747.0,53.12,58.861000000000004,58.0,-1.4210000000000065,True,0.0,0.25066666666666665,7.52,0.0,2025-07-01,MaxiCompra Caribe,Grandes Superficies,Caribe,Costa Norte,Barranquilla,Supermercado,JAMON SERRANO TAJADO CASA IBERIA 80G,0.08,UND,JAMON SERRANO,CHARCUTERIA,CARNES MADURADAS,regular,CASA IBERIA,IMPORTADO,2025-07
C005,130101,2025-07-31,356,53.4,0.0,0.0,0.0,41.0,6.15,213560.0,6173.0,6190.0,876.45,921.45,339.0,8.399999999999977,False,8.399999999999977,4.9,147.0,1.7142857142857095,2025-07-01,PrecioListo,Hard Discount,Antioquia,Valle de Aburrá,Medellín,Discounter,CHEDDAR ESTILO AMERICANO DELILAT 150G,0.15,UND,CHEDDAR ANALOGO,LONCHAS,QUESOS ANALOGOS,regular,DELILAT,MAQUILA,2025-07
C005,120101,2025-07-31,240,60.0,0.0,0.0,0.0,25.0,6.25,233370.0,3379.0,3426.0,848.0,836.55,193.0,71.45000000000005,False,71.45000000000005,4.2,126.0,17.011904761904773,2025-07-01,PrecioListo,Hard Discount,Antioquia,Valle de Aburrá,Medellín,Discounter,MOZZARELLA TAJADA CAMPOCLARO 250G,0.25,UND,MOZZARELLA,QUESOS TAJADOS,QUESOS FRESCOS,regular,CAMPOCLARO,NACIONAL,2025-07
C018,900102,2025-07-31,93,7.44,0.0,0.0,0.0,4.0,0.32,35020.0,1424.0,1453.0,108.72,116.0,64.0,0.1599999999999966,False,0.1599999999999966,0.5946666666666668,17.840000000000003,0.2690582959641198,2025-07-01,Cadena Uno,Hard Discount,Occidente,Valle del Cauca,Cali,Discounter,PEPPERONI TAJADO CASA IBERIA 80G,0.08,UND,PEPPERONI,CHARCUTERIA,CARNES MADURADAS,regular,CASA IBERIA,IMPORTADO,2025-07
C013,900103,2025-07-31,18,1.44,0.0,0.0,0.0,0.0,0.0,0.0,283.0,288.0,22.64,22.88,13.0,1.2000000000000028,False,1.2000000000000028,0.128,3.8400000000000003,9.375000000000021,2025-07-01,La Mesa Premium,Tiendas Especializadas,Occidente,,Cali,Especialidad,JAMON SERRANO TAJADO CASA IBERIA 80G,0.08,UND,JAMON SERRANO,CHARCUTERIA,CARNES MADURADAS,regular,CASA IBERIA,IMPORTADO,2025-07
C014,110113,2025-07-31,68,17.0,0.0,0.0,0.0,6.0,1.5,94290.0,889.0,899.0,222.25,221.67,58.0,17.580000000000013,False,17.580000000000013,1.0833333333333333,32.5,16.22769230769232,2025-07-01,Plaza Hogar,Grandes Superficies,Occidente,Valle del Cauca,Cali,Hipermercado,PARMESANO RALLADO ORO LECHE 250G,0.25,UND,TIPO PARMESANO,RALLADOS,QUESO PARMESANO,regular,ORO LECHE,MAQUILA,2025-07
C001,130103,2025-07-31,158,45.504,0.0,0.0,0.0,15.0,4.32,126410.0,2106.0,2127.0,606.528,599.328,137.0,52.704000000000065,False,52.704000000000065,3.1872,95.616,16.536144578313273,2025-07-01,HiperMax Nacional,Grandes Superficies,Centro,Bogotá y Sabana,Bogotá,Hipermercado,LONCHAS AMERICANAS DELILAT 288G,0.288,UND,CHEDDAR ANALOGO,LONCHITAS,QUESOS ANALOGOS,regular,DELILAT,MAQUILA,2025-07
C001,110104,2025-07-31,84,12.6,0.0,0.0,0.0,7.0,1.05,100470.0,1304.0,1297.0,194.61,192.246,91.0,14.963999999999999,False,14.963999999999999,0.9150000000000001,27.450000000000003,16.354098360655733,2025-07-01,HiperMax Nacional,Grandes Superficies,Centro,Bogotá y Sabana,Bogotá,Hipermercado,COLBY JACK TAJADO LOMA DORADA 150G,0.15,UND,COLBY JACK,QUESOS TAJADOS PREMIUM,QUESOS MADURADOS,regular,LOMA DORADA,IMPORTADO,2025-07
C012,110109,2025-07-31,14,2.1,0.0,0.0,0.0,2.0,0.3,33780.0,214.0,221.0,29.505,31.8,7.0,-0.19500000000000028,True,0.0,0.14,4.2,0.0,2025-07-01,Delimarket Gourmet,Tiendas Especializadas,Centro,Bogotá y Sabana,Bogotá,Especialidad,IBERICO CUÑA MONTE AZUL 150G,0.15,UND,IBERICO,CUÑAS PREMIUM,QUESOS MADURADOS,regular,MONTE AZUL,IMPORTADO,2025-07
C016,900104,2025-07-31,54,4.32,37.0,2.96,258680.0,4.0,0.32,36420.0,823.0,811.0,65.84,63.738,66.0,6.421999999999997,False,6.421999999999997,0.304,9.12,21.12499999999999,2025-07-01,Canasta Familiar,Grandes Superficies,Santanderes,Bucaramanga Metropolitana,Bucaramanga,Supermercado,CHORIZO TAJADO CASA IBERIA 80G,0.08,UND,CHORIZO,CHARCUTERIA,CARNES MADURADAS,regular,CASA IBERIA,IMPORTADO,2025-07
C003,120101,2025-07-31,113,28.25,0.0,0.0,0.0,10.0,2.5,100000.0,1318.0,1336.0,309.5,328.72,95.0,9.029999999999973,False,9.029999999999973,1.65,49.5,5.472727272727257,2025-07-01,MaxiCompra Caribe,Grandes Superficies,Caribe,Costa Norte,Barranquilla,Supermercado,MOZZARELLA TAJADA CAMPOCLARO 250G,0.25,UND,MOZZARELLA,QUESOS TAJADOS,QUESOS FRESCOS,regular,CAMPOCLARO,NACIONAL,2025-07
C002,110115,2025-07-31,68,17.0,0.0,0.0,0.0,0.0,0.0,0.0,883.0,888.0,220.75,215.37,63.0,22.379999999999995,False,22.379999999999995,1.15,34.5,19.46086956521739,2025-07-01,SuperAhorro,Grandes Superficies,Antioquia,Valle de Aburrá,Medellín,Supermercado,FETA CUBOS CASA SIERRA 250G,0.25,UND,FETA,ESPECIALES,QUESOS MADURADOS,regular,CASA SIERRA,IMPORTADO,2025-07
C012,110106,2025-07-31,15,1.875,0.0,0.0,0.0,0.0,0.0,0.0,196.0,193.0,24.5,24.0,18.0,2.375,False,2.375,0.17083333333333334,5.125,13.902439024390244,2025-07-01,Delimarket Gourmet,Tiendas Especializadas,Centro,Bogotá y Sabana,Bogotá,Especialidad,BRIE CUÑA MONTE AZUL 125G,0.125,UND,BRIE,QUESOS BLANDOS,QUESOS MADURADOS,regular,MONTE AZUL,IMPORTADO,2025-07
C014,110103,2025-07-31,64,9.6,0.0,0.0,0.0,5.0,0.75,72360.0,998.0,1018.0,149.7,150.0,44.0,9.299999999999983,False,9.299999999999983,0.795,23.85,11.698113207547149,2025-07-01,Plaza Hogar,Grandes Superficies,Occidente,Valle del Cauca,Cali,Hipermercado,MUENSTER TAJADO LOMA DORADA 150G,0.15,UND,MUENSTER,QUESOS TAJADOS PREMIUM,QUESOS MADURADOS,regular,LOMA DORADA,IMPORTADO,2025-07
C001,900102,2025-07-31,121,9.68,0.0,0.0,0.0,7.0,0.56,70400.0,1297.0,1326.0,103.76,104.56,92.0,8.879999999999995,False,8.879999999999995,0.5093333333333333,15.28,17.43455497382198,2025-07-01,HiperMax Nacional,Grandes Superficies,Centro,Bogotá y Sabana,Bogotá,Hipermercado,PEPPERONI TAJADO CASA IBERIA 80G,0.08,UND,PEPPERONI,CHARCUTERIA,CARNES MADURADAS,regular,CASA IBERIA,IMPORTADO,2025-07
C004,300101,2025-07-31,151,34.73,0.0,0.0,0.0,11.0,2.53,90270.0,2481.0,2575.0,570.63,589.95,57.0,15.409999999999968,False,15.409999999999968,2.898,86.94,5.317460317460307,2025-07-01,Descuento Ya,Hard Discount,Centro,Bogotá y Sabana,Bogotá,Discounter,JAMON DE CERDO FINAS LONCHAS SIERRA CARNES 230G,0.23,UND,JAMON CERDO,LONCHAS,CARNES FRIAS,regular,SIERRA CARNES,NACIONAL,2025-07
C015,110112,2025-07-31,32,3.2,0.0,0.0,0.0,3.0,0.3,20340.0,462.0,471.0,43.4,46.476,23.0,0.12400000000000233,False,0.12400000000000233,0.23333333333333334,7.0,0.5314285714285814,2025-07-01,Abarrotes Norte,Tradicional Modernizado,Caribe,Costa Norte,Barranquilla,Supermercado Regional,PARMESANO RALLADO ORO LECHE 100G,0.1,UND,TIPO PARMESANO,RALLADOS,QUESO PARMESANO,regular,ORO LECHE,MAQUILA,2025-07
C013,110106,2025-07-31,10,1.25,0.0,0.0,0.0,0.0,0.0,0.0,133.0,136.0,16.625,16.865,7.0,1.0100000000000016,False,1.0100000000000016,0.0625,1.875,16.160000000000025,2025-07-01,La Mesa Premium,Tiendas Especializadas,Occidente,,Cali,Especialidad,BRIE CUÑA MONTE AZUL 125G,0.125,UND,BRIE,QUESOS BLANDOS,QUESOS MADURADOS,regular,MONTE AZUL,IMPORTADO,2025-07
C002,110101,2025-07-31,73,10.95,0.0,0.0,0.0,6.0,0.0,87010.0,820.0,838.0,123.63,120.9,55.0,13.679999999999978,False,13.679999999999978,0.62,18.6,22.064516129032224,2025-07-01,SuperAhorro,Grandes Superficies,Antioquia,Valle de Aburrá,Medellín,Supermercado,GOUDA AHUMADO TAJADO LOMA DORADA 150G,0.15,UND,GOUDA AHUMADO,QUESOS TAJADOS PREMIUM,QUESOS MADURADOS,regular,LOMA DORADA,IMPORTADO,2025-07
C014,900104,2025-07-31,74,5.92,0.0,0.0,0.0,3.0,0.24,27600.0,967.0,970.0,76.856,75.517,71.0,7.259,False,7.259,0.3173333333333333,9.52,22.875000000000004,2025-07-01,Plaza Hogar,Grandes Superficies,Occidente,Valle del Cauca,Cali,Hipermercado,CHORIZO TAJADO CASA IBERIA 80G,0.08,UND,CHORIZO,CHARCUTERIA,CARNES MADURADAS,regular,CASA IBERIA,IMPORTADO,2025-07
C014,110105,2025-07-31,60,9.0,0.0,0.0,0.0,2.0,0.3,29430.0,758.0,779.0,113.7,115.062,39.0,7.638000000000005,False,7.638000000000005,0.53,15.9,14.411320754716991,2025-07-01,Plaza Hogar,Grandes Superficies,Occidente,Valle del Cauca,Cali,Hipermercado,PROVOLONE TAJADO LOMA DORADA 150G,0.15,UND,PROVOLONE,QUESOS TAJADOS PREMIUM,QUESOS MADURADOS,regular,LOMA DORADA,IMPORTADO,2025-07
C018,120103,2025-07-31,112,22.4,0.0,0.0,0.0,12.0,2.4,110620.0,2081.0,2069.0,416.2,410.0,124.0,28.599999999999966,False,28.599999999999966,2.1333333333333333,64.0,13.406249999999984,2025-07-01,Cadena Uno,Hard Discount,Occidente,Valle del Cauca,Cali,Discounter,QUESO CREMA CAMPOCLARO 200G,0.2,UND,CREMAS,UNTABLES,QUESOS FRESCOS,regular,CAMPOCLARO,NACIONAL,2025-07
C006,130104,2025-07-31,112,16.8,0.0,0.0,0.0,9.0,1.35,49840.0,2063.0,2091.0,309.45,302.568,84.0,23.682000000000016,False,23.682000000000016,1.475,44.25,16.05559322033899,2025-07-01,PuntoMenos Caribe,Hard Discount,Caribe,Costa Norte,Cartagena,Discounter,PIZZA MIX RALLADO DELILAT 150G,0.15,UND,MIXTO QUESOS,RALLADOS,QUESOS ANALOGOS,regular,DELILAT,MAQUILA,2025-07
C004,130101,2025-07-31,424,63.6,0.0,0.0,0.0,31.0,4.65,162930.0,7632.0,7627.0,1089.27,1120.95,429.0,31.919999999999845,False,31.919999999999845,5.784999999999999,173.54999999999998,5.517718236819334,2025-07-01,Descuento Ya,Hard Discount,Centro,Bogotá y Sabana,Bogotá,Discounter,CHEDDAR ESTILO AMERICANO DELILAT 150G,0.15,UND,CHEDDAR ANALOGO,LONCHAS,QUESOS ANALOGOS,regular,DELILAT,MAQUILA,2025-07
C016,110113,2025-07-31,46,11.5,0.0,0.0,0.0,5.0,1.25,79500.0,693.0,709.0,163.0,175.86,30.0,-1.3600000000000136,True,0.0,0.825,24.75,0.0,2025-07-01,Canasta Familiar,Grandes Superficies,Santanderes,Bucaramanga Metropolitana,Bucaramanga,Supermercado,PARMESANO RALLADO ORO LECHE 250G,0.25,UND,TIPO PARMESANO,RALLADOS,QUESO PARMESANO,regular,ORO LECHE,MAQUILA,2025-07
C002,190101,2025-07-31,18,7.2,0.0,0.0,0.0,0.0,0.0,0.0,0.0,7.0,0.0,2.8000000000000003,11.0,4.4,False,4.4,0.013333333333333334,0.4,330.0,2025-07-01,SuperAhorro,Grandes Superficies,Antioquia,Valle de Aburrá,Medellín,Supermercado,TABLA APERITIVO NAVIDEÑA MONTE AZUL 400G,0.4,UND,MIXTO QUESOS,TEMPORADA,QUESOS MADURADOS,temporada,MONTE AZUL,IMPORTADO,2025-07
C001,110115,2025-07-31,84,21.0,0.0,0.0,0.0,9.0,2.25,225910.0,1153.0,1157.0,288.25,283.35,80.0,25.899999999999977,False,25.899999999999977,1.4666666666666666,44.0,17.659090909090896,2025-07-01,HiperMax Nacional,Grandes Superficies,Centro,Bogotá y Sabana,Bogotá,Hipermercado,FETA CUBOS CASA SIERRA 250G,0.25,UND,FETA,ESPECIALES,QUESOS MADURADOS,regular,CASA SIERRA,IMPORTADO,2025-07
C012,110101,2025-07-31,18,2.7,0.0,0.0,0.0,1.0,0.15,15850.0,237.0,243.0,35.55,35.838,12.0,2.411999999999999,False,2.411999999999999,0.21,6.3,11.485714285714282,2025-07-01,Delimarket Gourmet,Tiendas Especializadas,Centro,Bogotá y Sabana,Bogotá,Especialidad,GOUDA AHUMADO TAJADO LOMA DORADA 150G,0.15,UND,GOUDA AHUMADO,QUESOS TAJADOS PREMIUM,QUESOS MADURADOS,regular,LOMA DORADA,IMPORTADO,2025-07
C017,130101,2025-07-31,6,0.9,0.0,0.0,0.0,1.0,0.15,6170.0,161.0,162.0,24.15,24.276,5.0,0.7739999999999974,False,0.7739999999999974,0.11999999999999998,3.5999999999999996,6.449999999999979,2025-07-01,RapiExpress,E-commerce,Centro,Bogotá y Sabana,Bogotá,Quick Commerce,CHEDDAR ESTILO AMERICANO DELILAT 150G,0.15,UND,CHEDDAR ANALOGO,LONCHAS,QUESOS ANALOGOS,regular,DELILAT,MAQUILA,2025-07
C006,120101,2025-07-31,133,33.25,0.0,0.0,0.0,18.0,4.5,164780.0,2409.0,2410.0,602.25,592.09,132.0,43.40999999999997,False,43.40999999999997,3.2583333333333333,97.75,13.322762148337587,2025-07-01,PuntoMenos Caribe,Hard Discount,Caribe,Costa Norte,Cartagena,Discounter,MOZZARELLA TAJADA CAMPOCLARO 250G,0.25,UND,MOZZARELLA,QUESOS TAJADOS,QUESOS FRESCOS,regular,CAMPOCLARO,NACIONAL,2025-07
C001,110113,2025-07-31,116,29.0,0.0,0.0,0.0,7.0,1.75,111480.0,1272.0,1314.0,300.25,322.25,74.0,7.0,False,7.0,1.5166666666666666,45.5,4.615384615384616,2025-07-01,HiperMax Nacional,Grandes Superficies,Centro,Bogotá y Sabana,Bogotá,Hipermercado,PARMESANO RALLADO ORO LECHE 250G,0.25,UND,TIPO PARMESANO,RALLADOS,QUESO PARMESANO,regular,ORO LECHE,MAQUILA,2025-07
C001,110114,2025-07-31,96,24.0,0.0,0.0,0.0,9.0,2.25,219510.0,1058.0,1099.0,249.75,271.12,55.0,2.6299999999999955,False,2.6299999999999955,1.4916666666666667,44.75,1.7631284916201087,2025-07-01,HiperMax Nacional,Grandes Superficies,Centro,Bogotá y Sabana,Bogotá,Hipermercado,GOUDA NATURAL CUÑA LOMA DORADA 250G,0.25,UND,GOUDA NATURAL,CUÑAS,QUESOS MADURADOS,regular,LOMA DORADA,IMPORTADO,2025-07
C001,110101,2025-07-31,97,14.55,57.0,8.55,622790.0,9.0,1.35,131720.0,1225.0,1220.0,183.75,180.954,102.0,17.346000000000004,False,17.346000000000004,0.93,27.900000000000002,18.65161290322581,2025-07-01,HiperMax Nacional,Grandes Superficies,Centro,Bogotá y Sabana,Bogotá,Hipermercado,GOUDA AHUMADO TAJADO LOMA DORADA 150G,0.15,UND,GOUDA AHUMADO,QUESOS TAJADOS PREMIUM,QUESOS MADURADOS,regular,LOMA DORADA,IMPORTADO,2025-07
C016,110114,2025-07-31,55,13.75,0.0,0.0,0.0,4.0,1.0,99460.0,738.0,762.0,175.5,188.25,31.0,1.0,False,1.0,0.8166666666666667,24.5,1.2244897959183674,2025-07-01,Canasta Familiar,Grandes Superficies,Santanderes,Bucaramanga Metropolitana,Bucaramanga,Supermercado,GOUDA NATURAL CUÑA LOMA DORADA 250G,0.25,UND,GOUDA NATURAL,CUÑAS,QUESOS MADURADOS,regular,LOMA DORADA,IMPORTADO,2025-07
C013,110108,2025-07-31,15,2.25,0.0,0.0,0.0,0.0,0.0,0.0,204.0,202.0,30.6,29.262,17.0,3.588000000000001,False,3.588000000000001,0.11999999999999998,3.5999999999999996,29.900000000000013,2025-07-01,La Mesa Premium,Tiendas Especializadas,Occidente,,Cali,Especialidad,MANCHEGO CUÑA MONTE AZUL 150G,0.15,UND,MANCHEGO,CUÑAS PREMIUM,QUESOS MADURADOS,regular,MONTE AZUL,IMPORTADO,2025-07
C013,110107,2025-07-31,12,1.5,0.0,0.0,0.0,0.0,0.0,0.0,135.0,133.0,16.875,16.635,14.0,1.7399999999999984,False,1.7399999999999984,0.08333333333333333,2.5,20.87999999999998,2025-07-01,La Mesa Premium,Tiendas Especializadas,Occidente,,Cali,Especialidad,CAMEMBERT CUÑA MONTE AZUL 125G,0.125,UND,CAMEMBERT,QUESOS BLANDOS,QUESOS MADURADOS,regular,MONTE AZUL,IMPORTADO,2025-07
C016,110115,2025-07-31,46,11.5,0.0,0.0,0.0,5.0,1.25,128220.0,565.0,589.0,141.25,147.17,22.0,5.5800000000000125,False,5.5800000000000125,0.7916666666666666,23.75,7.048421052631595,2025-07-01,Canasta Familiar,Grandes Superficies,Santanderes,Bucaramanga Metropolitana,Bucaramanga,Supermercado,FETA CUBOS CASA SIERRA 250G,0.25,UND,FETA,ESPECIALES,QUESOS MADURADOS,regular,CASA SIERRA,IMPORTADO,2025-07
C018,120101,2025-07-31,174,43.5,0.0,0.0,0.0,9.0,2.25,82810.0,2758.0,2852.0,689.5,698.75,80.0,34.25,False,34.25,3.3833333333333333,101.5,10.123152709359607,2025-07-01,Cadena Uno,Hard Discount,Occidente,Valle del Cauca,Cali,Discounter,MOZZARELLA TAJADA CAMPOCLARO 250G,0.25,UND,MOZZARELLA,QUESOS TAJADOS,QUESOS FRESCOS,regular,CAMPOCLARO,NACIONAL,2025-07
C006,110112,2025-07-31,125,12.5,0.0,0.0,0.0,12.0,1.2,73820.0,2155.0,2184.0,215.5,217.504,96.0,10.49600000000001,False,10.49600000000001,1.0633333333333332,31.9,9.870846394984335,2025-07-01,PuntoMenos Caribe,Hard Discount,Caribe,Costa Norte,Cartagena,Discounter,PARMESANO RALLADO ORO LECHE 100G,0.1,UND,TIPO PARMESANO,RALLADOS,QUESO PARMESANO,regular,ORO LECHE,MAQUILA,2025-07
C013,110109,2025-07-31,13,1.95,0.0,0.0,0.0,1.0,0.15,17390.0,203.0,199.0,30.45,29.238,17.0,3.161999999999999,False,3.161999999999999,0.20500000000000002,6.15,15.424390243902433,2025-07-01,La Mesa Premium,Tiendas Especializadas,Occidente,,Cali,Especialidad,IBERICO CUÑA MONTE AZUL 150G,0.15,UND,IBERICO,CUÑAS PREMIUM,QUESOS MADURADOS,regular,MONTE AZUL,IMPORTADO,2025-07
C005,120103,2025-07-31,132,26.4,0.0,0.0,0.0,11.0,2.2,102160.0,2251.0,2304.0,450.2,453.056,79.0,23.543999999999983,False,23.543999999999983,2.3466666666666662,70.39999999999999,10.03295454545454,2025-07-01,PrecioListo,Hard Discount,Antioquia,Valle de Aburrá,Medellín,Discounter,QUESO CREMA CAMPOCLARO 200G,0.2,UND,CREMAS,UNTABLES,QUESOS FRESCOS,regular,CAMPOCLARO,NACIONAL,2025-07
C002,190102,2025-07-31,22,11.0,0.0,0.0,0.0,0.0,0.0,0.0,0.0,2.0,0.0,1.0,20.0,10.0,False,10.0,0.016666666666666666,0.5,600.0,2025-07-01,SuperAhorro,Grandes Superficies,Antioquia,Valle de Aburrá,Medellín,Supermercado,DUO FESTIVO QUESOS Y CARNES 500G,0.5,UND,MIXTO QUESOS-CARNES,TEMPORADA,QUESOS MADURADOS,temporada,MONTE AZUL,MAQUILA,2025-07
C014,110106,2025-07-31,51,6.375,42.0,5.25,404240.0,4.0,0.5,50720.0,754.0,743.0,94.25,92.405,62.0,8.219999999999999,False,8.219999999999999,0.4791666666666667,14.375,17.154782608695648,2025-07-01,Plaza Hogar,Grandes Superficies,Occidente,Valle del Cauca,Cali,Hipermercado,BRIE CUÑA MONTE AZUL 125G,0.125,UND,BRIE,QUESOS BLANDOS,QUESOS MADURADOS,regular,MONTE AZUL,IMPORTADO,2025-07
C014,900102,2025-07-31,76,6.08,0.0,0.0,0.0,3.0,0.24,29980.0,910.0,926.0,69.03999999999999,72.739,60.0,2.380999999999986,False,2.380999999999986,0.37866666666666665,11.36,6.28785211267602,2025-07-01,Plaza Hogar,Grandes Superficies,Occidente,Valle del Cauca,Cali,Hipermercado,PEPPERONI TAJADO CASA IBERIA 80G,0.08,UND,PEPPERONI,CHARCUTERIA,CARNES MADURADAS,regular,CASA IBERIA,IMPORTADO,2025-07
C017,190102,2025-07-31,2,1.0,0.0,0.0,0.0,0.0,0.0,0.0,0.0,2.0,0.0,1.0,0.0,0.0,False,0.0,0.0,0.0,,2025-07-01,RapiExpress,E-commerce,Centro,Bogotá y Sabana,Bogotá,Quick Commerce,DUO FESTIVO QUESOS Y CARNES 500G,0.5,UND,MIXTO QUESOS-CARNES,TEMPORADA,QUESOS MADURADOS,temporada,MONTE AZUL,MAQUILA,2025-07
C001,900104,2025-07-31,106,8.48,72.0,5.76,507480.0,3.0,0.24,28410.0,1505.0,1487.0,120.4,116.742,124.0,12.137999999999991,False,12.137999999999991,0.6026666666666667,18.080000000000002,20.140486725663703,2025-07-01,HiperMax Nacional,Grandes Superficies,Centro,Bogotá y Sabana,Bogotá,Hipermercado,CHORIZO TAJADO CASA IBERIA 80G,0.08,UND,CHORIZO,CHARCUTERIA,CARNES MADURADAS,regular,CASA IBERIA,IMPORTADO,2025-07
C006,300102,2025-07-31,97,22.31,0.0,0.0,0.0,6.0,1.38,52620.0,1310.0,1362.0,301.3,309.81,45.0,13.800000000000011,False,13.800000000000011,1.4796666666666667,44.39,9.32642487046633,2025-07-01,PuntoMenos Caribe,Hard Discount,Caribe,Costa Norte,Cartagena,Discounter,JAMON DE PAVO FINAS LONCHAS SIERRA CARNES 230G,0.23,UND,JAMON PAVO,LONCHAS,CARNES FRIAS,regular,SIERRA CARNES,NACIONAL,2025-07
C005,120104,2025-07-31,145,29.0,0.0,0.0,0.0,10.0,2.0,73790.0,2246.0,2301.0,449.2,451.0,90.0,27.19999999999999,False,27.19999999999999,2.3266666666666667,69.8,11.690544412607444,2025-07-01,PrecioListo,Hard Discount,Antioquia,Valle de Aburrá,Medellín,Discounter,MOZZARELLA LIGHT CAMPOCLARO 200G,0.2,UND,MOZZARELLA,QUESOS TAJADOS,QUESOS FRESCOS,regular,CAMPOCLARO,NACIONAL,2025-07
C002,120104,2025-07-31,82,16.4,65.0,13.0,391840.0,3.0,0.6,23620.0,1228.0,1207.0,245.6,239.504,103.0,22.49600000000001,False,22.49600000000001,1.0799999999999998,32.4,20.82962962962964,2025-07-01,SuperAhorro,Grandes Superficies,Antioquia,Valle de Aburrá,Medellín,Supermercado,MOZZARELLA LIGHT CAMPOCLARO 200G,0.2,UND,MOZZARELLA,QUESOS TAJADOS,QUESOS FRESCOS,regular,CAMPOCLARO,NACIONAL,2025-07
C002,120103,2025-07-31,97,19.4,0.0,0.0,0.0,7.0,1.4,68890.0,1314.0,1317.0,247.0,259.6,94.0,6.7999999999999545,False,6.7999999999999545,1.38,41.4,4.927536231884026,2025-07-01,SuperAhorro,Grandes Superficies,Antioquia,Valle de Aburrá,Medellín,Supermercado,QUESO CREMA CAMPOCLARO 200G,0.2,UND,CREMAS,UNTABLES,QUESOS FRESCOS,regular,CAMPOCLARO,NACIONAL,2025-07
C003,130101,2025-07-31,98,14.7,0.0,0.0,0.0,8.0,1.2,45220.0,1612.0,1624.0,241.8,240.756,86.0,15.744,False,15.744,1.1649999999999998,34.949999999999996,13.514163090128758,2025-07-01,MaxiCompra Caribe,Grandes Superficies,Caribe,Costa Norte,Barranquilla,Supermercado,CHEDDAR ESTILO AMERICANO DELILAT 150G,0.15,UND,CHEDDAR ANALOGO,LONCHAS,QUESOS ANALOGOS,regular,DELILAT,MAQUILA,2025-07
C017,190101,2025-07-31,1,0.4,0.0,0.0,0.0,0.0,0.0,0.0,0.0,1.0,0.0,0.4,0.0,0.0,False,0.0,0.0,0.0,,2025-07-01,RapiExpress,E-commerce,Centro,Bogotá y Sabana,Bogotá,Quick Commerce,TABLA APERITIVO NAVIDEÑA MONTE AZUL 400G,0.4,UND,MIXTO QUESOS,TEMPORADA,QUESOS MADURADOS,temporada,MONTE AZUL,IMPORTADO,2025-07
C001,110106,2025-07-31,71,8.875,58.0,7.25,564540.0,8.0,1.0,105080.0,1043.0,1031.0,130.375,127.0,83.0,12.25,False,12.25,0.6166666666666667,18.5,19.864864864864863,2025-07-01,HiperMax Nacional,Grandes Superficies,Centro,Bogotá y Sabana,Bogotá,Hipermercado,BRIE CUÑA MONTE AZUL 125G,0.125,UND,BRIE,QUESOS BLANDOS,QUESOS MADURADOS,regular,MONTE AZUL,IMPORTADO,2025-07
C004,120103,2025-07-31,174,34.8,0.0,0.0,0.0,17.0,3.4,155740.0,3014.0,3133.0,602.8,622.144,55.0,15.455999999999904,False,15.455999999999904,3.2,96.0,4.82999999999997,2025-07-01,Descuento Ya,Hard Discount,Centro,Bogotá y Sabana,Bogotá,Discounter,QUESO CREMA CAMPOCLARO 200G,0.2,UND,CREMAS,UNTABLES,QUESOS FRESCOS,regular,CAMPOCLARO,NACIONAL,2025-07
C002,900102,2025-07-31,86,6.88,0.0,0.0,0.0,5.0,0.4,48940.0,2038.0,2081.0,163.04,165.252,43.0,4.667999999999978,False,4.667999999999978,0.34400000000000003,10.32,13.5697674418604,2025-07-01,SuperAhorro,Grandes Superficies,Antioquia,Valle de Aburrá,Medellín,Supermercado,PEPPERONI TAJADO CASA IBERIA 80G,0.08,UND,PEPPERONI,CHARCUTERIA,CARNES MADURADAS,regular,CASA IBERIA,IMPORTADO,2025-07
C004,120104,2025-07-31,177,35.4,0.0,0.0,0.0,19.0,3.8,139600.0,2850.0,2947.0,570.0,580.288,80.0,25.111999999999966,False,25.111999999999966,2.933333333333333,88.0,8.56090909090908,2025-07-01,Descuento Ya,Hard Discount,Centro,Bogotá y Sabana,Bogotá,Discounter,MOZZARELLA LIGHT CAMPOCLARO 200G,0.2,UND,MOZZARELLA,QUESOS TAJADOS,QUESOS FRESCOS,regular,CAMPOCLARO,NACIONAL,2025-07
C014,900103,2025-07-31,71,5.68,0.0,0.0,0.0,3.0,0.24,32170.0,915.0,945.0,73.2,74.518,41.0,4.361999999999995,False,4.361999999999995,0.39466666666666667,11.84,11.052364864864852,2025-07-01,Plaza Hogar,Grandes Superficies,Occidente,Valle del Cauca,Cali,Hipermercado,JAMON SERRANO TAJADO CASA IBERIA 80G,0.08,UND,JAMON SERRANO,CHARCUTERIA,CARNES MADURADAS,regular,CASA IBERIA,IMPORTADO,2025-07
C006,900102,2025-07-31,75,6.0,0.0,0.0,0.0,2.0,0.16,17860.0,995.0,1020.0,76.32,80.0,50.0,2.319999999999993,False,2.319999999999993,0.37333333333333335,11.200000000000001,6.214285714285696,2025-07-01,PuntoMenos Caribe,Hard Discount,Caribe,Costa Norte,Cartagena,Discounter,PEPPERONI TAJADO CASA IBERIA 80G,0.08,UND,PEPPERONI,CHARCUTERIA,CARNES MADURADAS,regular,CASA IBERIA,IMPORTADO,2025-07
C006,300101,2025-07-31,100,23.0,0.0,0.0,0.0,5.0,1.15,41970.0,1380.0,1435.0,317.4,321.521,45.0,18.878999999999962,False,18.878999999999962,1.5869999999999997,47.60999999999999,11.89603024574667,2025-07-01,PuntoMenos Caribe,Hard Discount,Caribe,Costa Norte,Cartagena,Discounter,JAMON DE CERDO FINAS LONCHAS SIERRA CARNES 230G,0.23,UND,JAMON CERDO,LONCHAS,CARNES FRIAS,regular,SIERRA CARNES,NACIONAL,2025-07
C017,300101,2025-07-31,6,1.38,0.0,0.0,0.0,2.0,0.46,19260.0,144.0,146.0,33.12,32.43,4.0,2.0700000000000003,False,2.0700000000000003,0.17633333333333334,5.29,11.73913043478261,2025-07-01,RapiExpress,E-commerce,Centro,Bogotá y Sabana,Bogotá,Quick Commerce,JAMON DE CERDO FINAS LONCHAS SIERRA CARNES 230G,0.23,UND,JAMON CERDO,LONCHAS,CARNES FRIAS,regular,SIERRA CARNES,NACIONAL,2025-07
C016,110112,2025-07-31,136,13.6,84.0,8.4,445390.0,11.0,1.1,74300.0,1460.0,1472.0,146.0,145.516,124.0,14.084000000000003,False,14.084000000000003,0.78,23.400000000000002,18.05641025641026,2025-07-01,Canasta Familiar,Grandes Superficies,Santanderes,Bucaramanga Metropolitana,Bucaramanga,Supermercado,PARMESANO RALLADO ORO LECHE 100G,0.1,UND,TIPO PARMESANO,RALLADOS,QUESO PARMESANO,regular,ORO LECHE,MAQUILA,2025-07
C014,110104,2025-07-31,57,8.55,0.0,0.0,0.0,4.0,0.6,57210.0,960.0,952.0,144.0,139.788,65.0,12.762,False,12.762,0.7,21.0,18.231428571428573,2025-07-01,Plaza Hogar,Grandes Superficies,Occidente,Valle del Cauca,Cali,Hipermercado,COLBY JACK TAJADO LOMA DORADA 150G,0.15,UND,COLBY JACK,QUESOS TAJADOS PREMIUM,QUESOS MADURADOS,regular,LOMA DORADA,IMPORTADO,2025-07
C002,300102,2025-07-31,97,22.31,0.0,0.0,0.0,5.0,1.15,48140.0,1031.0,1074.0,237.13,244.26,54.0,15.180000000000007,False,15.180000000000007,1.3416666666666666,40.25,11.31428571428572,2025-07-01,SuperAhorro,Grandes Superficies,Antioquia,Valle de Aburrá,Medellín,Supermercado,JAMON DE PAVO FINAS LONCHAS SIERRA CARNES 230G,0.23,UND,JAMON PAVO,LONCHAS,CARNES FRIAS,regular,SIERRA CARNES,NACIONAL,2025-07
C014,190102,2025-07-31,26,13.0,0.0,0.0,0.0,0.0,0.0,0.0,0.0,7.0,0.0,3.5,19.0,9.5,False,9.5,0.016666666666666666,0.5,570.0,2025-07-01,Plaza Hogar,Grandes Superficies,Occidente,Valle del Cauca,Cali,Hipermercado,DUO FESTIVO QUESOS Y CARNES 500G,0.5,UND,MIXTO QUESOS-CARNES,TEMPORADA,QUESOS MADURADOS,temporada,MONTE AZUL,MAQUILA,2025-07
C003,110102,2025-07-31,54,8.1,0.0,0.0,0.0,2.0,0.3,29800.0,756.0,768.0,113.4,114.246,42.0,7.254000000000005,False,7.254000000000005,0.59,17.7,12.294915254237297,2025-07-01,MaxiCompra Caribe,Grandes Superficies,Caribe,Costa Norte,Barranquilla,Supermercado,HOLANDES TAJADO LOMA DORADA 150G,0.15,UND,HOLANDES,QUESOS TAJADOS PREMIUM,QUESOS MADURADOS,regular,LOMA DORADA,IMPORTADO,2025-07
C004,300101,2025-08-31,151,34.73,0.0,0.0,0.0,10.0,2.3,83600.0,2951.0,2951.0,678.73,676.43,151.0,37.030000000000086,False,37.030000000000086,2.783,83.49,13.305785123966974,2025-08-01,Descuento Ya,Hard Discount,Centro,Bogotá y Sabana,Bogotá,Discounter,JAMON DE CERDO FINAS LONCHAS SIERRA CARNES 230G,0.23,UND,JAMON CERDO,LONCHAS,CARNES FRIAS,regular,SIERRA CARNES,NACIONAL,2025-08
C002,900103,2025-08-31,58,4.64,0.0,0.0,0.0,4.0,0.32,44290.0,1103.0,1105.0,88.24,87.293,56.0,5.586999999999989,False,5.586999999999989,0.40800000000000003,12.24,13.693627450980365,2025-08-01,SuperAhorro,Grandes Superficies,Antioquia,Valle de Aburrá,Medellín,Supermercado,JAMON SERRANO TAJADO CASA IBERIA 80G,0.08,UND,JAMON SERRANO,CHARCUTERIA,CARNES MADURADAS,regular,CASA IBERIA,IMPORTADO,2025-08
C001,110113,2025-08-31,116,29.0,0.0,0.0,0.0,6.0,1.5,93130.0,1513.0,1556.0,360.5,381.0,73.0,8.5,False,8.5,1.8666666666666667,56.0,4.553571428571429,2025-08-01,HiperMax Nacional,Grandes Superficies,Centro,Bogotá y Sabana,Bogotá,Hipermercado,PARMESANO RALLADO ORO LECHE 250G,0.25,UND,TIPO PARMESANO,RALLADOS,QUESO PARMESANO,regular,ORO LECHE,MAQUILA,2025-08
C004,120104,2025-08-31,177,35.4,0.0,0.0,0.0,11.0,0.0,78930.0,3389.0,3386.0,677.8,662.888,180.0,50.3119999999999,False,50.3119999999999,2.68,80.4,18.77313432835817,2025-08-01,Descuento Ya,Hard Discount,Centro,Bogotá y Sabana,Bogotá,Discounter,MOZZARELLA LIGHT CAMPOCLARO 200G,0.2,UND,MOZZARELLA,QUESOS TAJADOS,QUESOS FRESCOS,regular,CAMPOCLARO,NACIONAL,2025-08
C003,130101,2025-08-31,98,14.7,0.0,0.0,0.0,7.0,1.05,39920.0,1864.0,1863.0,279.6,276.606,99.0,17.694000000000017,False,17.694000000000017,1.1400000000000001,34.2,15.52105263157896,2025-08-01,MaxiCompra Caribe,Grandes Superficies,Caribe,Costa Norte,Barranquilla,Supermercado,CHEDDAR ESTILO AMERICANO DELILAT 150G,0.15,UND,CHEDDAR ANALOGO,LONCHAS,QUESOS ANALOGOS,regular,DELILAT,MAQUILA,2025-08
C014,110104,2025-08-31,57,8.55,0.0,0.0,0.0,2.0,0.3,29540.0,1069.0,1082.0,160.35,158.388,44.0,10.512,False,10.512,0.5850000000000001,17.55,17.96923076923077,2025-08-01,Plaza Hogar,Grandes Superficies,Occidente,Valle del Cauca,Cali,Hipermercado,COLBY JACK TAJADO LOMA DORADA 150G,0.15,UND,COLBY JACK,QUESOS TAJADOS PREMIUM,QUESOS MADURADOS,regular,LOMA DORADA,IMPORTADO,2025-08
C003,120104,2025-08-31,86,17.2,0.0,0.0,0.0,5.0,1.0,41100.0,1122.0,1150.0,214.8,227.144,58.0,4.8559999999999945,False,4.8559999999999945,0.8866666666666667,26.6,5.476691729323302,2025-08-01,MaxiCompra Caribe,Grandes Superficies,Caribe,Costa Norte,Barranquilla,Supermercado,MOZZARELLA LIGHT CAMPOCLARO 200G,0.2,UND,MOZZARELLA,QUESOS TAJADOS,QUESOS FRESCOS,regular,CAMPOCLARO,NACIONAL,2025-08
C016,110113,2025-08-31,46,11.5,0.0,0.0,0.0,3.0,0.75,46730.0,816.0,828.0,193.75,205.36,34.0,-0.11000000000001364,True,0.0,0.9333333333333333,28.0,0.0,2025-08-01,Canasta Familiar,Grandes Superficies,Santanderes,Bucaramanga Metropolitana,Bucaramanga,Supermercado,PARMESANO RALLADO ORO LECHE 250G,0.25,UND,TIPO PARMESANO,RALLADOS,QUESO PARMESANO,regular,ORO LECHE,MAQUILA,2025-08
C004,120103,2025-08-31,174,34.8,0.0,0.0,0.0,9.0,1.8,83570.0,3604.0,3630.0,720.8,717.744,148.0,37.85599999999988,False,37.85599999999988,3.0466666666666664,91.39999999999999,12.425382932166263,2025-08-01,Descuento Ya,Hard Discount,Centro,Bogotá y Sabana,Bogotá,Discounter,QUESO CREMA CAMPOCLARO 200G,0.2,UND,CREMAS,UNTABLES,QUESOS FRESCOS,regular,CAMPOCLARO,NACIONAL,2025-08
C014,900102,2025-08-31,76,6.08,0.0,0.0,0.0,3.0,0.24,29420.0,1052.0,1069.0,80.4,83.379,59.0,3.100999999999999,False,3.100999999999999,0.34933333333333333,10.48,8.876908396946563,2025-08-01,Plaza Hogar,Grandes Superficies,Occidente,Valle del Cauca,Cali,Hipermercado,PEPPERONI TAJADO CASA IBERIA 80G,0.08,UND,PEPPERONI,CHARCUTERIA,CARNES MADURADAS,regular,CASA IBERIA,IMPORTADO,2025-08
C013,110110,2025-08-31,10,3.6,0.0,0.0,0.0,0.0,0.0,0.0,108.0,116.0,37.08,39.902,2.0,0.7779999999999987,False,0.7779999999999987,0.156,4.68,4.987179487179479,2025-08-01,La Mesa Premium,Tiendas Especializadas,Occidente,,Cali,Especialidad,MIX QUESOS PREMIUM MONTE AZUL 360G,0.36,UND,MIXTO QUESOS,MEZCLAS PREMIUM,QUESOS MADURADOS,regular,MONTE AZUL,IMPORTADO,2025-08
C013,110109,2025-08-31,13,1.95,0.0,0.0,0.0,0.0,0.0,0.0,230.0,227.0,34.5,33.438,16.0,3.0120000000000005,False,3.0120000000000005,0.13999999999999999,4.199999999999999,21.51428571428572,2025-08-01,La Mesa Premium,Tiendas Especializadas,Occidente,,Cali,Especialidad,IBERICO CUÑA MONTE AZUL 150G,0.15,UND,IBERICO,CUÑAS PREMIUM,QUESOS MADURADOS,regular,MONTE AZUL,IMPORTADO,2025-08
C004,300102,2025-08-31,99,22.77,0.0,0.0,0.0,7.0,1.61,61320.0,2427.0,2407.0,558.21,544.87,119.0,36.110000000000014,False,36.110000000000014,2.177333333333333,65.32,16.58450704225353,2025-08-01,Descuento Ya,Hard Discount,Centro,Bogotá y Sabana,Bogotá,Discounter,JAMON DE PAVO FINAS LONCHAS SIERRA CARNES 230G,0.23,UND,JAMON PAVO,LONCHAS,CARNES FRIAS,regular,SIERRA CARNES,NACIONAL,2025-08
C016,110110,2025-08-31,24,8.64,0.0,0.0,0.0,3.0,1.08,102780.0,361.0,367.0,129.96,131.76,18.0,6.840000000000032,False,6.840000000000032,0.756,22.68,9.04761904761909,2025-08-01,Canasta Familiar,Grandes Superficies,Santanderes,Bucaramanga Metropolitana,Bucaramanga,Supermercado,MIX QUESOS PREMIUM MONTE AZUL 360G,0.36,UND,MIXTO QUESOS,MEZCLAS PREMIUM,QUESOS MADURADOS,regular,MONTE AZUL,IMPORTADO,2025-08
C018,300102,2025-08-31,96,22.08,0.0,0.0,0.0,6.0,1.38,52320.0,1903.0,1930.0,437.69,439.74199999999996,69.0,20.02800000000002,False,20.02800000000002,1.7710000000000001,53.13,11.308865047995493,2025-08-01,Cadena Uno,Hard Discount,Occidente,Valle del Cauca,Cali,Discounter,JAMON DE PAVO FINAS LONCHAS SIERRA CARNES 230G,0.23,UND,JAMON PAVO,LONCHAS,CARNES FRIAS,regular,SIERRA CARNES,NACIONAL,2025-08
C006,130103,2025-08-31,124,35.712,0.0,0.0,0.0,6.0,1.728,44360.0,2614.0,2649.0,752.832,742.81,89.0,45.73400000000004,False,45.73400000000004,3.1968000000000005,95.90400000000001,14.30618118118119,2025-08-01,PuntoMenos Caribe,Hard Discount,Caribe,Costa Norte,Cartagena,Discounter,LONCHAS AMERICANAS DELILAT 288G,0.288,UND,CHEDDAR ANALOGO,LONCHITAS,QUESOS ANALOGOS,regular,DELILAT,MAQUILA,2025-08
C001,110115,2025-08-31,84,21.0,0.0,0.0,0.0,6.0,1.5,149760.0,1361.0,1358.0,340.25,333.6,87.0,27.649999999999977,False,27.649999999999977,1.6166666666666667,48.5,17.10309278350514,2025-08-01,HiperMax Nacional,Grandes Superficies,Centro,Bogotá y Sabana,Bogotá,Hipermercado,FETA CUBOS CASA SIERRA 250G,0.25,UND,FETA,ESPECIALES,QUESOS MADURADOS,regular,CASA SIERRA,IMPORTADO,2025-08
C013,110106,2025-08-31,10,1.25,0.0,0.0,0.0,3.0,0.375,43500.0,157.0,160.0,19.625,19.865,7.0,1.0100000000000016,False,1.0100000000000016,0.09583333333333334,2.875,10.539130434782624,2025-08-01,La Mesa Premium,Tiendas Especializadas,Occidente,,Cali,Especialidad,BRIE CUÑA MONTE AZUL 125G,0.125,UND,BRIE,QUESOS BLANDOS,QUESOS MADURADOS,regular,MONTE AZUL,IMPORTADO,2025-08
C017,300101,2025-08-31,6,1.38,0.0,0.0,0.0,1.0,0.23,9400.0,172.0,174.0,39.559999999999995,38.870000000000005,4.0,2.069999999999993,False,2.069999999999993,0.207,6.21,9.999999999999968,2025-08-01,RapiExpress,E-commerce,Centro,Bogotá y Sabana,Bogotá,Quick Commerce,JAMON DE CERDO FINAS LONCHAS SIERRA CARNES 230G,0.23,UND,JAMON CERDO,LONCHAS,CARNES FRIAS,regular,SIERRA CARNES,NACIONAL,2025-08
C018,110112,2025-08-31,136,13.6,0.0,0.0,0.0,11.0,1.1,67380.0,2728.0,2729.0,264.3,268.384,135.0,9.51600000000002,False,9.51600000000002,1.1833333333333333,35.5,8.041690140845088,2025-08-01,Cadena Uno,Hard Discount,Occidente,Valle del Cauca,Cali,Discounter,PARMESANO RALLADO ORO LECHE 100G,0.1,UND,TIPO PARMESANO,RALLADOS,QUESO PARMESANO,regular,ORO LECHE,MAQUILA,2025-08
C001,120101,2025-08-31,269,67.25,0.0,0.0,0.0,8.0,2.0,80780.0,4289.0,3618.0,1072.25,895.03,940.0,244.47000000000003,False,244.47000000000003,3.3916666666666666,101.75,72.07960687960689,2025-08-01,HiperMax Nacional,Grandes Superficies,Centro,Bogotá y Sabana,Bogotá,Hipermercado,MOZZARELLA TAJADA CAMPOCLARO 250G,0.25,UND,MOZZARELLA,QUESOS TAJADOS,QUESOS FRESCOS,regular,CAMPOCLARO,NACIONAL,2025-08
C014,110112,2025-08-31,98,9.8,0.0,0.0,0.0,4.0,0.4,27310.0,1779.0,1791.0,178.84,177.056,86.0,11.584000000000003,False,11.584000000000003,0.7866666666666667,23.6,14.725423728813562,2025-08-01,Plaza Hogar,Grandes Superficies,Occidente,Valle del Cauca,Cali,Hipermercado,PARMESANO RALLADO ORO LECHE 100G,0.1,UND,TIPO PARMESANO,RALLADOS,QUESO PARMESANO,regular,ORO LECHE,MAQUILA,2025-08
C002,110102,2025-08-31,77,11.55,0.0,0.0,0.0,3.0,0.45,44220.0,1009.0,1037.0,151.35,152.55,49.0,10.349999999999994,False,10.349999999999994,0.695,20.849999999999998,14.892086330935244,2025-08-01,SuperAhorro,Grandes Superficies,Antioquia,Valle de Aburrá,Medellín,Supermercado,HOLANDES TAJADO LOMA DORADA 150G,0.15,UND,HOLANDES,QUESOS TAJADOS PREMIUM,QUESOS MADURADOS,regular,LOMA DORADA,IMPORTADO,2025-08
C003,110103,2025-08-31,72,10.8,0.0,0.0,0.0,6.0,0.9,87210.0,1056.0,1076.0,158.4,159.648,52.0,9.552000000000021,False,9.552000000000021,0.73,21.9,13.084931506849344,2025-08-01,MaxiCompra Caribe,Grandes Superficies,Caribe,Costa Norte,Barranquilla,Supermercado,MUENSTER TAJADO LOMA DORADA 150G,0.15,UND,MUENSTER,QUESOS TAJADOS PREMIUM,QUESOS MADURADOS,regular,LOMA DORADA,IMPORTADO,2025-08
C017,900103,2025-08-31,3,0.24,0.0,0.0,0.0,0.0,0.0,0.0,118.0,117.0,9.040000000000001,9.200000000000001,4.0,0.08000000000000007,False,0.08000000000000007,0.024,0.72,3.333333333333336,2025-08-01,RapiExpress,E-commerce,Centro,Bogotá y Sabana,Bogotá,Quick Commerce,JAMON SERRANO TAJADO CASA IBERIA 80G,0.08,UND,JAMON SERRANO,CHARCUTERIA,CARNES MADURADAS,regular,CASA IBERIA,IMPORTADO,2025-08
C018,300101,2025-08-31,111,25.53,0.0,0.0,0.0,7.0,1.61,58300.0,2252.0,2308.0,517.96,525.881,55.0,17.609000000000037,False,17.609000000000037,2.062333333333333,61.87,8.538386940358835,2025-08-01,Cadena Uno,Hard Discount,Occidente,Valle del Cauca,Cali,Discounter,JAMON DE CERDO FINAS LONCHAS SIERRA CARNES 230G,0.23,UND,JAMON CERDO,LONCHAS,CARNES FRIAS,regular,SIERRA CARNES,NACIONAL,2025-08
C018,120101,2025-08-31,174,43.5,0.0,0.0,0.0,9.0,2.25,80480.0,3293.0,3292.0,823.25,808.75,175.0,58.0,False,58.0,3.533333333333333,106.0,16.41509433962264,2025-08-01,Cadena Uno,Hard Discount,Occidente,Valle del Cauca,Cali,Discounter,MOZZARELLA TAJADA CAMPOCLARO 250G,0.25,UND,MOZZARELLA,QUESOS TAJADOS,QUESOS FRESCOS,regular,CAMPOCLARO,NACIONAL,2025-08
C016,110115,2025-08-31,46,11.5,0.0,0.0,0.0,1.0,0.25,25410.0,663.0,686.0,165.75,168.92,23.0,8.330000000000013,False,8.330000000000013,0.7083333333333334,21.25,11.760000000000018,2025-08-01,Canasta Familiar,Grandes Superficies,Santanderes,Bucaramanga Metropolitana,Bucaramanga,Supermercado,FETA CUBOS CASA SIERRA 250G,0.25,UND,FETA,ESPECIALES,QUESOS MADURADOS,regular,CASA SIERRA,IMPORTADO,2025-08
C017,190102,2025-08-31,2,1.0,0.0,0.0,0.0,0.0,0.0,0.0,0.0,2.0,0.0,1.0,0.0,0.0,False,0.0,0.0,0.0,,2025-08-01,RapiExpress,E-commerce,Centro,Bogotá y Sabana,Bogotá,Quick Commerce,DUO FESTIVO QUESOS Y CARNES 500G,0.5,UND,MIXTO QUESOS-CARNES,TEMPORADA,QUESOS MADURADOS,temporada,MONTE AZUL,MAQUILA,2025-08
C003,130103,2025-08-31,87,25.056,0.0,0.0,0.0,3.0,0.864,25210.0,1628.0,1626.0,452.448,463.83,89.0,13.673999999999978,False,13.673999999999978,1.8816,56.448,7.267219387755091,2025-08-01,MaxiCompra Caribe,Grandes Superficies,Caribe,Costa Norte,Barranquilla,Supermercado,LONCHAS AMERICANAS DELILAT 288G,0.288,UND,CHEDDAR ANALOGO,LONCHITAS,QUESOS ANALOGOS,regular,DELILAT,MAQUILA,2025-08
C014,120103,2025-08-31,87,17.4,0.0,0.0,0.0,2.0,0.4,19960.0,1405.0,1440.0,282.34,278.104,52.0,21.635999999999967,False,21.635999999999967,1.1066666666666667,33.2,19.550602409638525,2025-08-01,Plaza Hogar,Grandes Superficies,Occidente,Valle del Cauca,Cali,Hipermercado,QUESO CREMA CAMPOCLARO 200G,0.2,UND,CREMAS,UNTABLES,QUESOS FRESCOS,regular,CAMPOCLARO,NACIONAL,2025-08
C001,110114,2025-08-31,96,24.0,0.0,0.0,0.0,4.0,1.0,97030.0,1242.0,1274.0,295.75,313.12,64.0,6.6299999999999955,False,6.6299999999999955,1.3666666666666667,41.0,4.851219512195119,2025-08-01,HiperMax Nacional,Grandes Superficies,Centro,Bogotá y Sabana,Bogotá,Hipermercado,GOUDA NATURAL CUÑA LOMA DORADA 250G,0.25,UND,GOUDA NATURAL,CUÑAS,QUESOS MADURADOS,regular,LOMA DORADA,IMPORTADO,2025-08
C006,300101,2025-08-31,100,23.0,0.0,0.0,0.0,3.0,0.69,24640.0,1608.0,1649.0,369.84,370.741,59.0,22.09899999999999,False,22.09899999999999,1.5946666666666665,47.839999999999996,13.858068561872905,2025-08-01,PuntoMenos Caribe,Hard Discount,Caribe,Costa Norte,Cartagena,Discounter,JAMON DE CERDO FINAS LONCHAS SIERRA CARNES 230G,0.23,UND,JAMON CERDO,LONCHAS,CARNES FRIAS,regular,SIERRA CARNES,NACIONAL,2025-08
C005,900102,2025-08-31,101,8.08,0.0,0.0,0.0,8.0,0.64,72200.0,1764.0,1830.0,141.816,144.48,35.0,5.416000000000025,False,5.416000000000025,0.6853333333333335,20.560000000000002,7.902723735408595,2025-08-01,PrecioListo,Hard Discount,Antioquia,Valle de Aburrá,Medellín,Discounter,PEPPERONI TAJADO CASA IBERIA 80G,0.08,UND,PEPPERONI,CHARCUTERIA,CARNES MADURADAS,regular,CASA IBERIA,IMPORTADO,2025-08
C018,120103,2025-08-31,112,22.4,0.0,0.0,0.0,15.0,3.0,137500.0,2428.0,2420.0,485.6,475.6,120.0,32.39999999999998,False,32.39999999999998,2.1199999999999997,63.599999999999994,15.28301886792452,2025-08-01,Cadena Uno,Hard Discount,Occidente,Valle del Cauca,Cali,Discounter,QUESO CREMA CAMPOCLARO 200G,0.2,UND,CREMAS,UNTABLES,QUESOS FRESCOS,regular,CAMPOCLARO,NACIONAL,2025-08
C006,110112,2025-08-31,125,12.5,0.0,0.0,0.0,3.0,0.3,18860.0,2491.0,2515.0,249.1,250.604,101.0,10.99600000000001,False,10.99600000000001,1.07,32.1,10.2766355140187,2025-08-01,PuntoMenos Caribe,Hard Discount,Caribe,Costa Norte,Cartagena,Discounter,PARMESANO RALLADO ORO LECHE 100G,0.1,UND,TIPO PARMESANO,RALLADOS,QUESO PARMESANO,regular,ORO LECHE,MAQUILA,2025-08
C004,130101,2025-08-31,424,63.6,0.0,0.0,0.0,27.0,4.05,137090.0,8793.0,8769.0,1263.42,1292.25,448.0,34.76999999999998,False,34.76999999999998,5.515000000000001,165.45000000000002,6.304623753399815,2025-08-01,Descuento Ya,Hard Discount,Centro,Bogotá y Sabana,Bogotá,Discounter,CHEDDAR ESTILO AMERICANO DELILAT 150G,0.15,UND,CHEDDAR ANALOGO,LONCHAS,QUESOS ANALOGOS,regular,DELILAT,MAQUILA,2025-08
C014,190102,2025-08-31,26,13.0,0.0,0.0,0.0,0.0,0.0,0.0,0.0,7.0,0.0,3.5,19.0,9.5,False,9.5,0.0,0.0,,2025-08-01,Plaza Hogar,Grandes Superficies,Occidente,Valle del Cauca,Cali,Hipermercado,DUO FESTIVO QUESOS Y CARNES 500G,0.5,UND,MIXTO QUESOS-CARNES,TEMPORADA,QUESOS MADURADOS,temporada,MONTE AZUL,MAQUILA,2025-08
C013,110105,2025-08-31,17,2.55,0.0,0.0,0.0,1.0,0.15,16220.0,171.0,178.0,24.0,26.688,10.0,-0.13799999999999812,True,0.0,0.12999999999999998,3.8999999999999995,0.0,2025-08-01,La Mesa Premium,Tiendas Especializadas,Occidente,,Cali,Especialidad,PROVOLONE TAJADO LOMA DORADA 150G,0.15,UND,PROVOLONE,QUESOS TAJADOS PREMIUM,QUESOS MADURADOS,regular,LOMA DORADA,IMPORTADO,2025-08
C006,130104,2025-08-31,112,16.8,0.0,0.0,0.0,6.0,0.9,32600.0,2381.0,2397.0,357.15,348.468,96.0,25.48199999999997,False,25.48199999999997,1.475,44.25,17.27593220338981,2025-08-01,PuntoMenos Caribe,Hard Discount,Caribe,Costa Norte,Cartagena,Discounter,PIZZA MIX RALLADO DELILAT 150G,0.15,UND,MIXTO QUESOS,RALLADOS,QUESOS ANALOGOS,regular,DELILAT,MAQUILA,2025-08
C005,120103,2025-08-31,132,26.4,0.0,0.0,0.0,9.0,1.8,82500.0,2672.0,2687.0,534.4,529.656,117.0,31.144000000000005,False,31.144000000000005,2.48,74.4,12.558064516129035,2025-08-01,PrecioListo,Hard Discount,Antioquia,Valle de Aburrá,Medellín,Discounter,QUESO CREMA CAMPOCLARO 200G,0.2,UND,CREMAS,UNTABLES,QUESOS FRESCOS,regular,CAMPOCLARO,NACIONAL,2025-08
C002,120103,2025-08-31,97,19.4,0.0,0.0,0.0,5.0,1.0,50180.0,1534.0,1537.0,291.0,303.6,94.0,6.7999999999999545,False,6.7999999999999545,1.4,42.0,4.857142857142825,2025-08-01,SuperAhorro,Grandes Superficies,Antioquia,Valle de Aburrá,Medellín,Supermercado,QUESO CREMA CAMPOCLARO 200G,0.2,UND,CREMAS,UNTABLES,QUESOS FRESCOS,regular,CAMPOCLARO,NACIONAL,2025-08
C003,120103,2025-08-31,88,17.6,0.0,0.0,0.0,7.0,1.4,68950.0,1214.0,1226.0,242.8,242.0,76.0,18.400000000000034,False,18.400000000000034,1.0466666666666666,31.4,17.579617834394938,2025-08-01,MaxiCompra Caribe,Grandes Superficies,Caribe,Costa Norte,Barranquilla,Supermercado,QUESO CREMA CAMPOCLARO 200G,0.2,UND,CREMAS,UNTABLES,QUESOS FRESCOS,regular,CAMPOCLARO,NACIONAL,2025-08
C002,110101,2025-08-31,73,10.95,0.0,0.0,0.0,2.0,0.3,28990.0,917.0,967.0,138.18,139.35,23.0,9.780000000000001,False,9.780000000000001,0.6,18.0,16.300000000000004,2025-08-01,SuperAhorro,Grandes Superficies,Antioquia,Valle de Aburrá,Medellín,Supermercado,GOUDA AHUMADO TAJADO LOMA DORADA 150G,0.15,UND,GOUDA AHUMADO,QUESOS TAJADOS PREMIUM,QUESOS MADURADOS,regular,LOMA DORADA,IMPORTADO,2025-08
C017,130101,2025-08-31,6,0.9,0.0,0.0,0.0,1.0,0.15,6140.0,177.0,182.0,26.55,27.276,1.0,0.1739999999999995,False,0.1739999999999995,0.09499999999999999,2.8499999999999996,1.8315789473684159,2025-08-01,RapiExpress,E-commerce,Centro,Bogotá y Sabana,Bogotá,Quick Commerce,CHEDDAR ESTILO AMERICANO DELILAT 150G,0.15,UND,CHEDDAR ANALOGO,LONCHAS,QUESOS ANALOGOS,regular,DELILAT,MAQUILA,2025-08
C001,110101,2025-08-31,97,14.55,0.0,0.0,0.0,8.0,1.2,116640.0,1362.0,1409.0,204.3,208.554,50.0,10.29600000000002,False,10.29600000000002,0.86,25.8,11.972093023255837,2025-08-01,HiperMax Nacional,Grandes Superficies,Centro,Bogotá y Sabana,Bogotá,Hipermercado,GOUDA AHUMADO TAJADO LOMA DORADA 150G,0.15,UND,GOUDA AHUMADO,QUESOS TAJADOS PREMIUM,QUESOS MADURADOS,regular,LOMA DORADA,IMPORTADO,2025-08
C014,900104,2025-08-31,74,5.92,0.0,0.0,0.0,5.0,0.4,46520.0,1066.0,1119.0,84.776,87.437,21.0,3.2590000000000003,False,3.2590000000000003,0.3893333333333333,11.68,8.370719178082194,2025-08-01,Plaza Hogar,Grandes Superficies,Occidente,Valle del Cauca,Cali,Hipermercado,CHORIZO TAJADO CASA IBERIA 80G,0.08,UND,CHORIZO,CHARCUTERIA,CARNES MADURADAS,regular,CASA IBERIA,IMPORTADO,2025-08
C001,900104,2025-08-31,106,8.48,0.0,0.0,0.0,6.0,0.48,56810.0,1674.0,1721.0,133.92,135.46200000000002,59.0,6.93799999999996,False,6.93799999999996,0.608,18.24,11.41118421052625,2025-08-01,HiperMax Nacional,Grandes Superficies,Centro,Bogotá y Sabana,Bogotá,Hipermercado,CHORIZO TAJADO CASA IBERIA 80G,0.08,UND,CHORIZO,CHARCUTERIA,CARNES MADURADAS,regular,CASA IBERIA,IMPORTADO,2025-08
C016,120101,2025-08-31,92,0.0,0.0,0.0,0.0,6.0,1.5,61570.0,1328.0,1381.0,332.0,335.5,39.0,-3.5,True,0.0,1.2916666666666667,38.75,0.0,2025-08-01,Canasta Familiar,Grandes Superficies,Santanderes,Bucaramanga Metropolitana,Bucaramanga,Supermercado,MOZZARELLA TAJADA CAMPOCLARO 250G,0.25,UND,MOZZARELLA,QUESOS TAJADOS,QUESOS FRESCOS,regular,CAMPOCLARO,NACIONAL,2025-08
C004,120101,2025-08-31,269,67.25,0.0,0.0,0.0,21.0,5.25,193160.0,4558.0,4733.0,1139.5,1166.44,94.0,40.309999999999945,False,40.309999999999945,4.916666666666667,147.5,8.198644067796598,2025-08-01,Descuento Ya,Hard Discount,Centro,Bogotá y Sabana,Bogotá,Discounter,MOZZARELLA TAJADA CAMPOCLARO 250G,0.25,UND,MOZZARELLA,QUESOS TAJADOS,QUESOS FRESCOS,regular,CAMPOCLARO,NACIONAL,2025-08
C006,300102,2025-08-31,97,22.31,0.0,0.0,0.0,5.0,1.15,43300.0,1523.0,1565.0,350.29,356.5,55.0,16.100000000000023,False,16.100000000000023,1.4873333333333332,44.62,10.824742268041254,2025-08-01,PuntoMenos Caribe,Hard Discount,Caribe,Costa Norte,Cartagena,Discounter,JAMON DE PAVO FINAS LONCHAS SIERRA CARNES 230G,0.23,UND,JAMON PAVO,LONCHAS,CARNES FRIAS,regular,SIERRA CARNES,NACIONAL,2025-08
C001,900103,2025-08-31,112,8.96,0.0,0.0,0.0,8.0,0.64,85190.0,1420.0,1494.0,102.4,118.24000000000001,38.0,-6.8799999999999955,True,0.0,0.5146666666666666,15.44,0.0,2025-08-01,HiperMax Nacional,Grandes Superficies,Centro,Bogotá y Sabana,Bogotá,Hipermercado,JAMON SERRANO TAJADO CASA IBERIA 80G,0.08,UND,JAMON SERRANO,CHARCUTERIA,CARNES MADURADAS,regular,CASA IBERIA,IMPORTADO,2025-08
C014,110103,2025-08-31,64,9.6,0.0,0.0,0.0,2.0,0.3,29580.0,1125.0,1158.0,168.75,171.0,31.0,7.349999999999994,False,7.349999999999994,0.67,20.1,10.970149253731334,2025-08-01,Plaza Hogar,Grandes Superficies,Occidente,Valle del Cauca,Cali,Hipermercado,MUENSTER TAJADO LOMA DORADA 150G,0.15,UND,MUENSTER,QUESOS TAJADOS PREMIUM,QUESOS MADURADOS,regular,LOMA DORADA,IMPORTADO,2025-08
C013,110108,2025-08-31,15,2.25,0.0,0.0,0.0,1.0,0.15,17130.0,230.0,232.0,34.5,33.762,13.0,2.9879999999999995,False,2.9879999999999995,0.15,4.5,19.919999999999998,2025-08-01,La Mesa Premium,Tiendas Especializadas,Occidente,,Cali,Especialidad,MANCHEGO CUÑA MONTE AZUL 150G,0.15,UND,MANCHEGO,CUÑAS PREMIUM,QUESOS MADURADOS,regular,MONTE AZUL,IMPORTADO,2025-08
C012,110101,2025-08-31,18,2.7,0.0,0.0,0.0,0.0,0.0,0.0,272.0,280.0,40.8,40.638,10.0,2.862000000000002,False,2.862000000000002,0.15499999999999997,4.6499999999999995,18.464516129032273,2025-08-01,Delimarket Gourmet,Tiendas Especializadas,Centro,Bogotá y Sabana,Bogotá,Especialidad,GOUDA AHUMADO TAJADO LOMA DORADA 150G,0.15,UND,GOUDA AHUMADO,QUESOS TAJADOS PREMIUM,QUESOS MADURADOS,regular,LOMA DORADA,IMPORTADO,2025-08
C001,110107,2025-08-31,61,7.625,0.0,0.0,0.0,6.0,0.75,79690.0,1161.0,1153.0,145.125,142.2,69.0,10.550000000000011,False,10.550000000000011,0.5958333333333333,17.875,17.706293706293724,2025-08-01,HiperMax Nacional,Grandes Superficies,Centro,Bogotá y Sabana,Bogotá,Hipermercado,CAMEMBERT CUÑA MONTE AZUL 125G,0.125,UND,CAMEMBERT,QUESOS BLANDOS,QUESOS MADURADOS,regular,MONTE AZUL,IMPORTADO,2025-08
C003,110102,2025-08-31,54,8.1,0.0,0.0,0.0,0.0,0.0,0.0,885.0,884.0,132.75,131.346,55.0,9.50399999999999,False,9.50399999999999,0.5549999999999999,16.65,17.12432432432431,2025-08-01,MaxiCompra Caribe,Grandes Superficies,Caribe,Costa Norte,Barranquilla,Supermercado,HOLANDES TAJADO LOMA DORADA 150G,0.15,UND,HOLANDES,QUESOS TAJADOS PREMIUM,QUESOS MADURADOS,regular,LOMA DORADA,IMPORTADO,2025-08
C014,900103,2025-08-31,71,5.68,0.0,0.0,0.0,6.0,0.48,63870.0,1032.0,1091.0,82.56,86.19800000000001,12.0,2.0420000000000016,False,2.0420000000000016,0.3733333333333333,11.2,5.469642857142862,2025-08-01,Plaza Hogar,Grandes Superficies,Occidente,Valle del Cauca,Cali,Hipermercado,JAMON SERRANO TAJADO CASA IBERIA 80G,0.08,UND,JAMON SERRANO,CHARCUTERIA,CARNES MADURADAS,regular,CASA IBERIA,IMPORTADO,2025-08
C002,120104,2025-08-31,82,16.4,0.0,0.0,0.0,3.0,0.6,24760.0,1378.0,1398.0,275.6,277.104,62.0,14.896000000000015,False,14.896000000000015,1.2466666666666666,37.4,11.948663101604291,2025-08-01,SuperAhorro,Grandes Superficies,Antioquia,Valle de Aburrá,Medellín,Supermercado,MOZZARELLA LIGHT CAMPOCLARO 200G,0.2,UND,MOZZARELLA,QUESOS TAJADOS,QUESOS FRESCOS,regular,CAMPOCLARO,NACIONAL,2025-08
C014,110106,2025-08-31,51,6.375,0.0,0.0,0.0,4.0,0.5,53080.0,834.0,843.0,104.25,104.28,42.0,6.344999999999999,False,6.344999999999999,0.3958333333333333,11.875,16.029473684210526,2025-08-01,Plaza Hogar,Grandes Superficies,Occidente,Valle del Cauca,Cali,Hipermercado,BRIE CUÑA MONTE AZUL 125G,0.125,UND,BRIE,QUESOS BLANDOS,QUESOS MADURADOS,regular,MONTE AZUL,IMPORTADO,2025-08
C006,120101,2025-08-31,133,33.25,0.0,0.0,0.0,6.0,1.5,55200.0,2839.0,2823.0,709.75,695.34,149.0,47.65999999999997,False,47.65999999999997,3.316666666666667,99.5,14.369849246231146,2025-08-01,PuntoMenos Caribe,Hard Discount,Caribe,Costa Norte,Cartagena,Discounter,MOZZARELLA TAJADA CAMPOCLARO 250G,0.25,UND,MOZZARELLA,QUESOS TAJADOS,QUESOS FRESCOS,regular,CAMPOCLARO,NACIONAL,2025-08
C016,110114,2025-08-31,55,13.75,0.0,0.0,0.0,2.0,0.5,48650.0,825.0,854.0,197.25,211.25,26.0,-0.25,True,0.0,0.75,22.5,0.0,2025-08-01,Canasta Familiar,Grandes Superficies,Santanderes,Bucaramanga Metropolitana,Bucaramanga,Supermercado,GOUDA NATURAL CUÑA LOMA DORADA 250G,0.25,UND,GOUDA NATURAL,CUÑAS,QUESOS MADURADOS,regular,LOMA DORADA,IMPORTADO,2025-08
C002,300102,2025-08-31,97,22.31,0.0,0.0,0.0,2.0,0.46,18790.0,1224.0,1253.0,281.52,285.43,68.0,18.399999999999977,False,18.399999999999977,1.3416666666666666,40.25,13.714285714285698,2025-08-01,SuperAhorro,Grandes Superficies,Antioquia,Valle de Aburrá,Medellín,Supermercado,JAMON DE PAVO FINAS LONCHAS SIERRA CARNES 230G,0.23,UND,JAMON PAVO,LONCHAS,CARNES FRIAS,regular,SIERRA CARNES,NACIONAL,2025-08
C013,110107,2025-08-31,12,1.5,0.0,0.0,0.0,1.0,0.125,14170.0,159.0,162.0,18.25,20.26,9.0,-0.5100000000000016,True,0.0,0.12083333333333333,3.625,0.0,2025-08-01,La Mesa Premium,Tiendas Especializadas,Occidente,,Cali,Especialidad,CAMEMBERT CUÑA MONTE AZUL 125G,0.125,UND,CAMEMBERT,QUESOS BLANDOS,QUESOS MADURADOS,regular,MONTE AZUL,IMPORTADO,2025-08
C006,900102,2025-08-31,75,6.0,0.0,0.0,0.0,6.0,0.48,54250.0,1135.0,1166.0,83.6,91.68,44.0,-2.0800000000000125,True,0.0,0.36800000000000005,11.040000000000001,0.0,2025-08-01,PuntoMenos Caribe,Hard Discount,Caribe,Costa Norte,Cartagena,Discounter,PEPPERONI TAJADO CASA IBERIA 80G,0.08,UND,PEPPERONI,CHARCUTERIA,CARNES MADURADAS,regular,CASA IBERIA,IMPORTADO,2025-08
C017,190101,2025-08-31,1,0.4,0.0,0.0,0.0,0.0,0.0,0.0,0.0,1.0,0.0,0.4,0.0,0.0,False,0.0,0.0,0.0,,2025-08-01,RapiExpress,E-commerce,Centro,Bogotá y Sabana,Bogotá,Quick Commerce,TABLA APERITIVO NAVIDEÑA MONTE AZUL 400G,0.4,UND,MIXTO QUESOS,TEMPORADA,QUESOS MADURADOS,temporada,MONTE AZUL,IMPORTADO,2025-08
C014,110105,2025-08-31,60,9.0,0.0,0.0,0.0,5.0,0.75,72210.0,900.0,920.0,135.0,136.212,40.0,7.788000000000011,False,7.788000000000011,0.6649999999999999,19.95,11.71127819548874,2025-08-01,Plaza Hogar,Grandes Superficies,Occidente,Valle del Cauca,Cali,Hipermercado,PROVOLONE TAJADO LOMA DORADA 150G,0.15,UND,PROVOLONE,QUESOS TAJADOS PREMIUM,QUESOS MADURADOS,regular,LOMA DORADA,IMPORTADO,2025-08
C005,120104,2025-08-31,145,29.0,0.0,0.0,0.0,8.0,1.6,58400.0,2681.0,2693.0,536.2,529.4,133.0,35.80000000000007,False,35.80000000000007,2.5,75.0,14.320000000000027,2025-08-01,PrecioListo,Hard Discount,Antioquia,Valle de Aburrá,Medellín,Discounter,MOZZARELLA LIGHT CAMPOCLARO 200G,0.2,UND,MOZZARELLA,QUESOS TAJADOS,QUESOS FRESCOS,regular,CAMPOCLARO,NACIONAL,2025-08
C016,110112,2025-08-31,136,13.6,0.0,0.0,0.0,7.0,0.7,48060.0,1624.0,1710.0,162.4,169.316,50.0,6.6839999999999975,False,6.6839999999999975,0.7666666666666665,22.999999999999996,8.718260869565215,2025-08-01,Canasta Familiar,Grandes Superficies,Santanderes,Bucaramanga Metropolitana,Bucaramanga,Supermercado,PARMESANO RALLADO ORO LECHE 100G,0.1,UND,TIPO PARMESANO,RALLADOS,QUESO PARMESANO,regular,ORO LECHE,MAQUILA,2025-08
C003,110101,2025-08-31,51,7.65,0.0,0.0,0.0,3.0,0.45,43040.0,929.0,950.0,132.9,142.512,30.0,-1.961999999999989,True,0.0,0.61,18.3,0.0,2025-08-01,MaxiCompra Caribe,Grandes Superficies,Caribe,Costa Norte,Barranquilla,Supermercado,GOUDA AHUMADO TAJADO LOMA DORADA 150G,0.15,UND,GOUDA AHUMADO,QUESOS TAJADOS PREMIUM,QUESOS MADURADOS,regular,LOMA DORADA,IMPORTADO,2025-08
C002,900102,2025-08-31,86,6.88,0.0,0.0,0.0,4.0,0.32,38440.0,2362.0,2396.0,188.96,190.452,52.0,5.388000000000005,False,5.388000000000005,0.43733333333333335,13.120000000000001,12.320121951219523,2025-08-01,SuperAhorro,Grandes Superficies,Antioquia,Valle de Aburrá,Medellín,Supermercado,PEPPERONI TAJADO CASA IBERIA 80G,0.08,UND,PEPPERONI,CHARCUTERIA,CARNES MADURADAS,regular,CASA IBERIA,IMPORTADO,2025-08
C012,900104,2025-08-31,26,2.08,0.0,0.0,0.0,0.0,0.0,0.0,279.0,286.0,22.32,22.8,19.0,1.5999999999999979,False,1.5999999999999979,0.09066666666666666,2.7199999999999998,17.647058823529388,2025-08-01,Delimarket Gourmet,Tiendas Especializadas,Centro,Bogotá y Sabana,Bogotá,Especialidad,CHORIZO TAJADO CASA IBERIA 80G,0.08,UND,CHORIZO,CHARCUTERIA,CARNES MADURADAS,regular,CASA IBERIA,IMPORTADO,2025-08
C004,900102,2025-08-31,149,11.92,0.0,0.0,0.0,6.0,0.48,52460.0,2376.0,2395.0,171.44,184.425,130.0,-1.0650000000000261,True,0.0,0.888,26.64,0.0,2025-08-01,Descuento Ya,Hard Discount,Centro,Bogotá y Sabana,Bogotá,Discounter,PEPPERONI TAJADO CASA IBERIA 80G,0.08,UND,PEPPERONI,CHARCUTERIA,CARNES MADURADAS,regular,CASA IBERIA,IMPORTADO,2025-08
C013,900103,2025-08-31,18,1.44,0.0,0.0,0.0,0.0,0.0,0.0,347.0,342.0,27.76,27.04,23.0,2.1600000000000037,False,2.1600000000000037,0.128,3.8400000000000003,16.87500000000003,2025-08-01,La Mesa Premium,Tiendas Especializadas,Occidente,,Cali,Especialidad,JAMON SERRANO TAJADO CASA IBERIA 80G,0.08,UND,JAMON SERRANO,CHARCUTERIA,CARNES MADURADAS,regular,CASA IBERIA,IMPORTADO,2025-08
C016,190102,2025-08-31,20,10.0,0.0,0.0,0.0,0.0,0.0,0.0,0.0,3.0,0.0,1.5,17.0,8.5,False,8.5,0.0,0.0,,2025-08-01,Canasta Familiar,Grandes Superficies,Santanderes,Bucaramanga Metropolitana,Bucaramanga,Supermercado,DUO FESTIVO QUESOS Y CARNES 500G,0.5,UND,MIXTO QUESOS-CARNES,TEMPORADA,QUESOS MADURADOS,temporada,MONTE AZUL,MAQUILA,2025-08
C001,110102,2025-08-31,87,13.05,0.0,0.0,0.0,11.0,1.65,158350.0,1540.0,1556.0,231.0,229.026,71.0,15.024000000000001,False,15.024000000000001,1.07,32.1,14.041121495327102,2025-08-01,HiperMax Nacional,Grandes Superficies,Centro,Bogotá y Sabana,Bogotá,Hipermercado,HOLANDES TAJADO LOMA DORADA 150G,0.15,UND,HOLANDES,QUESOS TAJADOS PREMIUM,QUESOS MADURADOS,regular,LOMA DORADA,IMPORTADO,2025-08
C018,130104,2025-08-31,188,28.2,0.0,0.0,0.0,15.0,2.25,83170.0,3005.0,3074.0,450.75,450.006,119.0,28.944000000000017,False,28.944000000000017,1.95,58.5,14.843076923076932,2025-08-01,Cadena Uno,Hard Discount,Occidente,Valle del Cauca,Cali,Discounter,PIZZA MIX RALLADO DELILAT 150G,0.15,UND,MIXTO QUESOS,RALLADOS,QUESOS ANALOGOS,regular,DELILAT,MAQUILA,2025-08
C003,900103,2025-08-31,54,4.32,0.0,0.0,0.0,1.0,0.08,11020.0,844.0,854.0,57.12,67.421,44.0,-5.981000000000009,True,0.0,0.2826666666666667,8.48,0.0,2025-08-01,MaxiCompra Caribe,Grandes Superficies,Caribe,Costa Norte,Barranquilla,Supermercado,JAMON SERRANO TAJADO CASA IBERIA 80G,0.08,UND,JAMON SERRANO,CHARCUTERIA,CARNES MADURADAS,regular,CASA IBERIA,IMPORTADO,2025-08
C016,900103,2025-08-31,66,5.28,0.0,0.0,0.0,4.0,0.32,43680.0,823.0,868.0,62.4,68.64,21.0,-0.960000000000008,True,0.0,0.336,10.08,0.0,2025-08-01,Canasta Familiar,Grandes Superficies,Santanderes,Bucaramanga Metropolitana,Bucaramanga,Supermercado,JAMON SERRANO TAJADO CASA IBERIA 80G,0.08,UND,JAMON SERRANO,CHARCUTERIA,CARNES MADURADAS,regular,CASA IBERIA,IMPORTADO,2025-08
C012,900101,2025-08-31,24,1.92,0.0,0.0,0.0,2.0,0.16,22350.0,341.0,360.0,27.28,27.36,5.0,1.8400000000000034,False,1.8400000000000034,0.13333333333333333,4.0,13.800000000000026,2025-08-01,Delimarket Gourmet,Tiendas Especializadas,Centro,Bogotá y Sabana,Bogotá,Especialidad,SALAMI TAJADO CASA IBERIA 80G,0.08,UND,SALAMI,CHARCUTERIA,CARNES MADURADAS,regular,CASA IBERIA,IMPORTADO,2025-08
C014,110110,2025-08-31,33,11.88,0.0,0.0,0.0,4.0,1.44,135330.0,475.0,500.0,171.0,177.48,8.0,5.400000000000006,False,5.400000000000006,0.672,20.16,8.035714285714294,2025-08-01,Plaza Hogar,Grandes Superficies,Occidente,Valle del Cauca,Cali,Hipermercado,MIX QUESOS PREMIUM MONTE AZUL 360G,0.36,UND,MIXTO QUESOS,MEZCLAS PREMIUM,QUESOS MADURADOS,regular,MONTE AZUL,IMPORTADO,2025-08
C003,110112,2025-08-31,120,12.0,0.0,0.0,0.0,6.0,0.6,41300.0,4212.0,4318.0,421.2,427.2,14.0,6.0,False,6.0,0.84,25.2,7.142857142857143,2025-08-01,MaxiCompra Caribe,Grandes Superficies,Caribe,Costa Norte,Barranquilla,Supermercado,PARMESANO RALLADO ORO LECHE 100G,0.1,UND,TIPO PARMESANO,RALLADOS,QUESO PARMESANO,regular,ORO LECHE,MAQUILA,2025-08
C015,900102,2025-08-31,12,0.96,0.0,0.0,0.0,4.0,0.32,37860.0,216.0,219.0,16.8,17.36,9.0,0.40000000000000213,False,0.40000000000000213,0.10666666666666667,3.2,3.7500000000000195,2025-08-01,Abarrotes Norte,Tradicional Modernizado,Caribe,Costa Norte,Barranquilla,Supermercado Regional,PEPPERONI TAJADO CASA IBERIA 80G,0.08,UND,PEPPERONI,CHARCUTERIA,CARNES MADURADAS,regular,CASA IBERIA,IMPORTADO,2025-08
C005,110112,2025-08-31,205,20.5,0.0,0.0,0.0,11.0,1.1,69520.0,3408.0,3437.0,340.8,341.22,176.0,20.079999999999984,False,20.079999999999984,1.4433333333333331,43.3,13.912240184757497,2025-08-01,PrecioListo,Hard Discount,Antioquia,Valle de Aburrá,Medellín,Discounter,PARMESANO RALLADO ORO LECHE 100G,0.1,UND,TIPO PARMESANO,RALLADOS,QUESO PARMESANO,regular,ORO LECHE,MAQUILA,2025-08
C003,110114,2025-08-31,60,15.0,0.0,0.0,0.0,2.0,0.5,48250.0,876.0,909.0,219.0,223.44,27.0,10.560000000000002,False,10.560000000000002,0.9583333333333334,28.75,11.01913043478261,2025-08-01,MaxiCompra Caribe,Grandes Superficies,Caribe,Costa Norte,Barranquilla,Supermercado,GOUDA NATURAL CUÑA LOMA DORADA 250G,0.25,UND,GOUDA NATURAL,CUÑAS,QUESOS MADURADOS,regular,LOMA DORADA,IMPORTADO,2025-08
C015,130101,2025-08-31,29,4.35,0.0,0.0,0.0,0.0,0.0,0.0,499.0,507.0,71.4,74.526,21.0,1.2240000000000038,False,1.2240000000000038,0.29,8.7,4.220689655172427,2025-08-01,Abarrotes Norte,Tradicional Modernizado,Caribe,Costa Norte,Barranquilla,Supermercado Regional,CHEDDAR ESTILO AMERICANO DELILAT 150G,0.15,UND,CHEDDAR ANALOGO,LONCHAS,QUESOS ANALOGOS,regular,DELILAT,MAQUILA,2025-08
C002,110114,2025-08-31,66,16.5,0.0,0.0,0.0,4.0,1.0,96880.0,806.0,841.0,201.5,209.27,31.0,8.72999999999999,False,8.72999999999999,0.875,26.25,9.977142857142846,2025-08-01,SuperAhorro,Grandes Superficies,Antioquia,Valle de Aburrá,Medellín,Supermercado,GOUDA NATURAL CUÑA LOMA DORADA 250G,0.25,UND,GOUDA NATURAL,CUÑAS,QUESOS MADURADOS,regular,LOMA DORADA,IMPORTADO,2025-08
C003,300101,2025-08-31,69,15.87,0.0,0.0,0.0,3.0,0.69,26610.0,1299.0,1337.0,298.77,302.45,31.0,12.189999999999998,False,12.189999999999998,1.2573333333333332,37.72,9.69512195121951,2025-08-01,MaxiCompra Caribe,Grandes Superficies,Caribe,Costa Norte,Barranquilla,Supermercado,JAMON DE CERDO FINAS LONCHAS SIERRA CARNES 230G,0.23,UND,JAMON CERDO,LONCHAS,CARNES FRIAS,regular,SIERRA CARNES,NACIONAL,2025-08
C001,300101,2025-08-31,170,39.1,0.0,0.0,0.0,6.0,0.0,55140.0,2098.0,2147.0,440.151,490.13,121.0,-10.878999999999962,True,0.0,2.024,60.72,0.0,2025-08-01,HiperMax Nacional,Grandes Superficies,Centro,Bogotá y Sabana,Bogotá,Hipermercado,JAMON DE CERDO FINAS LONCHAS SIERRA CARNES 230G,0.23,UND,JAMON CERDO,LONCHAS,CARNES FRIAS,regular,SIERRA CARNES,NACIONAL,2025-08
C001,130103,2025-08-31,158,45.504,0.0,0.0,0.0,9.0,2.592,72730.0,2429.0,2445.0,699.552,690.912,142.0,54.144000000000005,False,54.144000000000005,2.9472000000000005,88.41600000000001,18.37133550488599,2025-08-01,HiperMax Nacional,Grandes Superficies,Centro,Bogotá y Sabana,Bogotá,Hipermercado,LONCHAS AMERICANAS DELILAT 288G,0.288,UND,CHEDDAR ANALOGO,LONCHITAS,QUESOS ANALOGOS,regular,DELILAT,MAQUILA,2025-08
C012,110110,2025-08-31,8,2.88,0.0,0.0,0.0,0.0,0.0,0.0,126.0,126.0,45.36,43.92,8.0,4.32,False,4.32,0.144,4.319999999999999,30.000000000000004,2025-08-01,Delimarket Gourmet,Tiendas Especializadas,Centro,Bogotá y Sabana,Bogotá,Especialidad,MIX QUESOS PREMIUM MONTE AZUL 360G,0.36,UND,MIXTO QUESOS,MEZCLAS PREMIUM,QUESOS MADURADOS,regular,MONTE AZUL,IMPORTADO,2025-08
C016,190101,2025-08-31,16,6.4,0.0,0.0,0.0,0.0,0.0,0.0,0.0,5.0,0.0,2.0,11.0,4.4,False,4.4,0.02666666666666667,0.8,165.0,2025-08-01,Canasta Familiar,Grandes Superficies,Santanderes,Bucaramanga Metropolitana,Bucaramanga,Supermercado,TABLA APERITIVO NAVIDEÑA MONTE AZUL 400G,0.4,UND,MIXTO QUESOS,TEMPORADA,QUESOS MADURADOS,temporada,MONTE AZUL,IMPORTADO,2025-08
C014,110107,2025-08-31,58,7.25,0.0,0.0,0.0,2.0,0.25,26090.0,801.0,811.0,88.375,99.47,48.0,-3.844999999999999,True,0.0,0.44583333333333336,13.375,0.0,2025-08-01,Plaza Hogar,Grandes Superficies,Occidente,Valle del Cauca,Cali,Hipermercado,CAMEMBERT CUÑA MONTE AZUL 125G,0.125,UND,CAMEMBERT,QUESOS BLANDOS,QUESOS MADURADOS,regular,MONTE AZUL,IMPORTADO,2025-08
C014,120101,2025-08-31,115,28.75,0.0,0.0,0.0,8.0,2.0,82400.0,2236.0,2218.0,535.0,550.13,133.0,13.620000000000005,False,13.620000000000005,2.4583333333333335,73.75,5.540338983050849,2025-08-01,Plaza Hogar,Grandes Superficies,Occidente,Valle del Cauca,Cali,Hipermercado,MOZZARELLA TAJADA CAMPOCLARO 250G,0.25,UND,MOZZARELLA,QUESOS TAJADOS,QUESOS FRESCOS,regular,CAMPOCLARO,NACIONAL,2025-08
C012,900102,2025-08-31,24,1.92,0.0,0.0,0.0,0.0,0.0,0.0,300.0,309.0,24.0,24.56,15.0,1.360000000000003,False,1.360000000000003,0.13333333333333333,4.0,10.200000000000022,2025-08-01,Delimarket Gourmet,Tiendas Especializadas,Centro,Bogotá y Sabana,Bogotá,Especialidad,PEPPERONI TAJADO CASA IBERIA 80G,0.08,UND,PEPPERONI,CHARCUTERIA,CARNES MADURADAS,regular,CASA IBERIA,IMPORTADO,2025-08
C018,120104,2025-08-31,104,20.8,0.0,0.0,0.0,4.0,0.8,28850.0,2226.0,2213.0,445.2,431.992,117.0,34.00799999999998,False,34.00799999999998,1.846666666666667,55.400000000000006,18.415884476534284,2025-08-01,Cadena Uno,Hard Discount,Occidente,Valle del Cauca,Cali,Discounter,MOZZARELLA LIGHT CAMPOCLARO 200G,0.2,UND,MOZZARELLA,QUESOS TAJADOS,QUESOS FRESCOS,regular,CAMPOCLARO,NACIONAL,2025-08
C013,900104,2025-08-31,21,1.68,0.0,0.0,0.0,1.0,0.08,10000.0,212.0,226.0,16.96,18.006,7.0,0.6340000000000003,False,0.6340000000000003,0.09866666666666667,2.96,6.425675675675679,2025-08-01,La Mesa Premium,Tiendas Especializadas,Occidente,,Cali,Especialidad,CHORIZO TAJADO CASA IBERIA 80G,0.08,UND,CHORIZO,CHARCUTERIA,CARNES MADURADAS,regular,CASA IBERIA,IMPORTADO,2025-08
C003,900104,2025-08-31,92,7.36,0.0,0.0,0.0,3.0,0.24,27260.0,1154.0,1188.0,92.32,92.611,58.0,7.068999999999988,False,7.068999999999988,0.3706666666666667,11.120000000000001,19.071043165467593,2025-08-01,MaxiCompra Caribe,Grandes Superficies,Caribe,Costa Norte,Barranquilla,Supermercado,CHORIZO TAJADO CASA IBERIA 80G,0.08,UND,CHORIZO,CHARCUTERIA,CARNES MADURADAS,regular,CASA IBERIA,IMPORTADO,2025-08
C003,190103,2025-08-31,19,11.4,0.0,0.0,0.0,0.0,0.0,0.0,0.0,3.0,0.0,1.7999999999999998,16.0,9.600000000000001,False,9.600000000000001,0.0,0.0,,2025-08-01,MaxiCompra Caribe,Grandes Superficies,Caribe,Costa Norte,Barranquilla,Supermercado,RACLETTE CELEBRACION LOMA DORADA 600G,0.6,UND,MIXTO QUESOS,TEMPORADA,QUESOS MADURADOS,temporada,LOMA DORADA,IMPORTADO,2025-08
C006,130101,2025-08-31,242,36.3,0.0,0.0,0.0,11.0,1.65,56070.0,4724.0,4779.0,708.6,707.922,187.0,36.97799999999995,False,36.97799999999995,3.0300000000000002,90.9,12.203960396039587,2025-08-01,PuntoMenos Caribe,Hard Discount,Caribe,Costa Norte,Cartagena,Discounter,CHEDDAR ESTILO AMERICANO DELILAT 150G,0.15,UND,CHEDDAR ANALOGO,LONCHAS,QUESOS ANALOGOS,regular,DELILAT,MAQUILA,2025-08
C012,110108,2025-08-31,16,2.4,0.0,0.0,0.0,1.0,0.15,17560.0,226.0,237.0,33.9,35.25,5.0,1.0499999999999972,False,1.0499999999999972,0.12499999999999999,3.7499999999999996,8.399999999999979,2025-08-01,Delimarket Gourmet,Tiendas Especializadas,Centro,Bogotá y Sabana,Bogotá,Especialidad,MANCHEGO CUÑA MONTE AZUL 150G,0.15,UND,MANCHEGO,CUÑAS PREMIUM,QUESOS MADURADOS,regular,MONTE AZUL,IMPORTADO,2025-08
C015,110112,2025-08-31,32,3.2,0.0,0.0,0.0,1.0,0.1,6830.0,532.0,531.0,50.4,52.476,33.0,1.1240000000000023,False,1.1240000000000023,0.2,6.0,5.620000000000012,2025-08-01,Abarrotes Norte,Tradicional Modernizado,Caribe,Costa Norte,Barranquilla,Supermercado Regional,PARMESANO RALLADO ORO LECHE 100G,0.1,UND,TIPO PARMESANO,RALLADOS,QUESO PARMESANO,regular,ORO LECHE,MAQUILA,2025-08
C001,130101,2025-08-31,202,30.3,0.0,0.0,0.0,17.0,2.55,96950.0,2650.0,2720.0,399.51,403.056,132.0,26.75400000000002,False,26.75400000000002,1.65,49.5,16.214545454545465,2025-08-01,HiperMax Nacional,Grandes Superficies,Centro,Bogotá y Sabana,Bogotá,Hipermercado,CHEDDAR ESTILO AMERICANO DELILAT 150G,0.15,UND,CHEDDAR ANALOGO,LONCHAS,QUESOS ANALOGOS,regular,DELILAT,MAQUILA,2025-08
C013,190101,2025-08-31,4,1.6,0.0,0.0,0.0,0.0,0.0,0.0,0.0,4.0,0.0,1.6,0.0,0.0,False,0.0,0.0,0.0,,2025-08-01,La Mesa Premium,Tiendas Especializadas,Occidente,,Cali,Especialidad,TABLA APERITIVO NAVIDEÑA MONTE AZUL 400G,0.4,UND,MIXTO QUESOS,TEMPORADA,QUESOS MADURADOS,temporada,MONTE AZUL,IMPORTADO,2025-08
C001,110104,2025-08-31,84,12.6,0.0,0.0,0.0,6.0,0.9,87790.0,1505.0,1499.0,224.76,222.546,90.0,14.813999999999993,False,14.813999999999993,0.9450000000000001,28.35,15.676190476190468,2025-08-01,HiperMax Nacional,Grandes Superficies,Centro,Bogotá y Sabana,Bogotá,Hipermercado,COLBY JACK TAJADO LOMA DORADA 150G,0.15,UND,COLBY JACK,QUESOS TAJADOS PREMIUM,QUESOS MADURADOS,regular,LOMA DORADA,IMPORTADO,2025-08
C002,110110,2025-08-31,31,11.16,0.0,0.0,0.0,2.0,0.72,67960.0,456.0,463.0,155.88,163.411,24.0,3.6289999999999907,False,3.6289999999999907,0.6599999999999999,19.799999999999997,5.498484848484835,2025-08-01,SuperAhorro,Grandes Superficies,Antioquia,Valle de Aburrá,Medellín,Supermercado,MIX QUESOS PREMIUM MONTE AZUL 360G,0.36,UND,MIXTO QUESOS,MEZCLAS PREMIUM,QUESOS MADURADOS,regular,MONTE AZUL,IMPORTADO,2025-08
C016,110101,2025-08-31,52,7.8,0.0,0.0,0.0,2.0,0.3,28890.0,755.0,762.0,113.25,112.44,45.0,8.61,False,8.61,0.53,15.9,16.245283018867923,2025-08-01,Canasta Familiar,Grandes Superficies,Santanderes,Bucaramanga Metropolitana,Bucaramanga,Supermercado,GOUDA AHUMADO TAJADO LOMA DORADA 150G,0.15,UND,GOUDA AHUMADO,QUESOS TAJADOS PREMIUM,QUESOS MADURADOS,regular,LOMA DORADA,IMPORTADO,2025-08
C016,900104,2025-08-31,54,4.32,0.0,0.0,0.0,5.0,0.4,47580.0,962.0,968.0,76.96,76.298,48.0,4.981999999999999,False,4.981999999999999,0.3973333333333333,11.92,12.538590604026844,2025-08-01,Canasta Familiar,Grandes Superficies,Santanderes,Bucaramanga Metropolitana,Bucaramanga,Supermercado,CHORIZO TAJADO CASA IBERIA 80G,0.08,UND,CHORIZO,CHARCUTERIA,CARNES MADURADAS,regular,CASA IBERIA,IMPORTADO,2025-08
C002,130103,2025-08-31,124,35.712,0.0,0.0,0.0,6.0,1.728,48660.0,1916.0,1925.0,504.864,532.973,115.0,7.6030000000000655,False,7.6030000000000655,2.3808000000000002,71.424,3.193464381720457,2025-08-01,SuperAhorro,Grandes Superficies,Antioquia,Valle de Aburrá,Medellín,Supermercado,LONCHAS AMERICANAS DELILAT 288G,0.288,UND,CHEDDAR ANALOGO,LONCHITAS,QUESOS ANALOGOS,regular,DELILAT,MAQUILA,2025-08
C012,110109,2025-08-31,14,2.1,0.0,0.0,0.0,1.0,0.15,16870.0,262.0,261.0,36.705,37.8,15.0,1.0050000000000026,False,1.0050000000000026,0.19499999999999998,5.85,5.1538461538461675,2025-08-01,Delimarket Gourmet,Tiendas Especializadas,Centro,Bogotá y Sabana,Bogotá,Especialidad,IBERICO CUÑA MONTE AZUL 150G,0.15,UND,IBERICO,CUÑAS PREMIUM,QUESOS MADURADOS,regular,MONTE AZUL,IMPORTADO,2025-08
C005,300101,2025-08-31,108,24.84,0.0,0.0,0.0,5.0,1.15,41290.0,2553.0,2542.0,587.1899999999999,570.787,119.0,41.24299999999994,False,41.24299999999994,2.254,67.62,18.297692990239547,2025-08-01,PrecioListo,Hard Discount,Antioquia,Valle de Aburrá,Medellín,Discounter,JAMON DE CERDO FINAS LONCHAS SIERRA CARNES 230G,0.23,UND,JAMON CERDO,LONCHAS,CARNES FRIAS,regular,SIERRA CARNES,NACIONAL,2025-08
C018,130101,2025-08-31,262,39.3,0.0,0.0,0.0,30.0,4.5,152850.0,6406.0,6361.0,896.85,954.498,307.0,-18.34800000000007,True,0.0,4.38,131.4,0.0,2025-08-01,Cadena Uno,Hard Discount,Occidente,Valle del Cauca,Cali,Discounter,CHEDDAR ESTILO AMERICANO DELILAT 150G,0.15,UND,CHEDDAR ANALOGO,LONCHAS,QUESOS ANALOGOS,regular,DELILAT,MAQUILA,2025-08
C016,900102,2025-08-31,72,5.76,0.0,0.0,0.0,2.0,0.16,20110.0,906.0,948.0,72.48,73.661,30.0,4.579000000000008,False,4.579000000000008,0.36533333333333334,10.96,12.533759124087613,2025-08-01,Canasta Familiar,Grandes Superficies,Santanderes,Bucaramanga Metropolitana,Bucaramanga,Supermercado,PEPPERONI TAJADO CASA IBERIA 80G,0.08,UND,PEPPERONI,CHARCUTERIA,CARNES MADURADAS,regular,CASA IBERIA,IMPORTADO,2025-08
C013,190102,2025-08-31,4,2.0,0.0,0.0,0.0,1.0,0.5,32720.0,0.0,4.0,0.0,2.0,0.0,0.0,False,0.0,0.016666666666666666,0.5,0.0,2025-08-01,La Mesa Premium,Tiendas Especializadas,Occidente,,Cali,Especialidad,DUO FESTIVO QUESOS Y CARNES 500G,0.5,UND,MIXTO QUESOS-CARNES,TEMPORADA,QUESOS MADURADOS,temporada,MONTE AZUL,MAQUILA,2025-08
C001,110103,2025-08-31,102,15.3,0.0,0.0,0.0,7.0,1.05,102490.0,1460.0,1497.0,219.0,224.49,65.0,9.810000000000002,False,9.810000000000002,1.07,32.1,9.168224299065422,2025-08-01,HiperMax Nacional,Grandes Superficies,Centro,Bogotá y Sabana,Bogotá,Hipermercado,MUENSTER TAJADO LOMA DORADA 150G,0.15,UND,MUENSTER,QUESOS TAJADOS PREMIUM,QUESOS MADURADOS,regular,LOMA DORADA,IMPORTADO,2025-08
C012,190102,2025-08-31,7,3.5,0.0,0.0,0.0,0.0,0.0,0.0,0.0,3.0,0.0,1.5,4.0,2.0,False,2.0,0.016666666666666666,0.5,120.0,2025-08-01,Delimarket Gourmet,Tiendas Especializadas,Centro,Bogotá y Sabana,Bogotá,Especialidad,DUO FESTIVO QUESOS Y CARNES 500G,0.5,UND,MIXTO QUESOS-CARNES,TEMPORADA,QUESOS MADURADOS,temporada,MONTE AZUL,MAQUILA,2025-08
C013,900101,2025-08-31,19,1.52,0.0,0.0,0.0,0.0,0.0,0.0,206.0,209.0,16.48,16.72,16.0,1.2800000000000011,False,1.2800000000000011,0.08,2.4,16.000000000000014,2025-08-01,La Mesa Premium,Tiendas Especializadas,Occidente,,Cali,Especialidad,SALAMI TAJADO CASA IBERIA 80G,0.08,UND,SALAMI,CHARCUTERIA,CARNES MADURADAS,regular,CASA IBERIA,IMPORTADO,2025-08
C014,110115,2025-08-31,41,10.25,0.0,0.0,0.0,1.0,0.25,25310.0,720.0,742.0,180.0,181.01,19.0,9.240000000000009,False,9.240000000000009,0.8166666666666667,24.5,11.314285714285726,2025-08-01,Plaza Hogar,Grandes Superficies,Occidente,Valle del Cauca,Cali,Hipermercado,FETA CUBOS CASA SIERRA 250G,0.25,UND,FETA,ESPECIALES,QUESOS MADURADOS,regular,CASA SIERRA,IMPORTADO,2025-08
C003,300102,2025-08-31,79,18.17,0.0,0.0,0.0,5.0,1.15,47970.0,1100.0,1122.0,241.5,254.15,57.0,5.52000000000001,False,5.52000000000001,1.1116666666666668,33.35,4.965517241379319,2025-08-01,MaxiCompra Caribe,Grandes Superficies,Caribe,Costa Norte,Barranquilla,Supermercado,JAMON DE PAVO FINAS LONCHAS SIERRA CARNES 230G,0.23,UND,JAMON PAVO,LONCHAS,CARNES FRIAS,regular,SIERRA CARNES,NACIONAL,2025-08
C018,110113,2025-08-31,114,28.5,0.0,0.0,0.0,8.0,2.0,112550.0,1826.0,1847.0,456.5,456.74,93.0,28.25999999999999,False,28.25999999999999,1.8666666666666667,56.0,15.139285714285709,2025-08-01,Cadena Uno,Hard Discount,Occidente,Valle del Cauca,Cali,Discounter,PARMESANO RALLADO ORO LECHE 250G,0.25,UND,TIPO PARMESANO,RALLADOS,QUESO PARMESANO,regular,ORO LECHE,MAQUILA,2025-08
C013,190103,2025-08-31,5,3.0,0.0,0.0,0.0,0.0,0.0,0.0,0.0,3.0,0.0,1.7999999999999998,2.0,1.2000000000000002,False,1.2000000000000002,0.0,0.0,,2025-08-01,La Mesa Premium,Tiendas Especializadas,Occidente,,Cali,Especialidad,RACLETTE CELEBRACION LOMA DORADA 600G,0.6,UND,MIXTO QUESOS,TEMPORADA,QUESOS MADURADOS,temporada,LOMA DORADA,IMPORTADO,2025-08
C005,110113,2025-08-31,105,26.25,0.0,0.0,0.0,8.0,2.0,111500.0,1954.0,1968.0,450.0,485.89,91.0,-9.639999999999986,True,0.0,2.1083333333333334,63.25,0.0,2025-08-01,PrecioListo,Hard Discount,Antioquia,Valle de Aburrá,Medellín,Discounter,PARMESANO RALLADO ORO LECHE 250G,0.25,UND,TIPO PARMESANO,RALLADOS,QUESO PARMESANO,regular,ORO LECHE,MAQUILA,2025-08
C001,190102,2025-08-31,26,13.0,0.0,0.0,0.0,0.0,0.0,0.0,0.0,8.0,0.0,3.5,18.0,9.5,False,9.5,0.05,1.5,190.0,2025-08-01,HiperMax Nacional,Grandes Superficies,Centro,Bogotá y Sabana,Bogotá,Hipermercado,DUO FESTIVO QUESOS Y CARNES 500G,0.5,UND,MIXTO QUESOS-CARNES,TEMPORADA,QUESOS MADURADOS,temporada,MONTE AZUL,MAQUILA,2025-08
C002,900104,2025-08-31,92,7.36,0.0,0.0,0.0,6.0,0.48,55330.0,1083.0,1149.0,86.64,90.919,26.0,3.081000000000003,False,3.081000000000003,0.35200000000000004,10.56,8.752840909090917,2025-08-01,SuperAhorro,Grandes Superficies,Antioquia,Valle de Aburrá,Medellín,Supermercado,CHORIZO TAJADO CASA IBERIA 80G,0.08,UND,CHORIZO,CHARCUTERIA,CARNES MADURADAS,regular,CASA IBERIA,IMPORTADO,2025-08
C002,190103,2025-08-31,22,0.0,0.0,0.0,0.0,0.0,0.0,0.0,0.0,4.0,0.0,2.4,18.0,-2.4,True,0.0,0.0,0.0,,2025-08-01,SuperAhorro,Grandes Superficies,Antioquia,Valle de Aburrá,Medellín,Supermercado,RACLETTE CELEBRACION LOMA DORADA 600G,0.6,UND,MIXTO QUESOS,TEMPORADA,QUESOS MADURADOS,temporada,LOMA DORADA,IMPORTADO,2025-08
C016,300101,2025-08-31,88,20.24,0.0,0.0,0.0,3.0,0.69,27200.0,1135.0,1173.0,249.09,267.849,50.0,1.4809999999999945,False,1.4809999999999945,1.1883333333333332,35.65,1.2462833099579198,2025-08-01,Canasta Familiar,Grandes Superficies,Santanderes,Bucaramanga Metropolitana,Bucaramanga,Supermercado,JAMON DE CERDO FINAS LONCHAS SIERRA CARNES 230G,0.23,UND,JAMON CERDO,LONCHAS,CARNES FRIAS,regular,SIERRA CARNES,NACIONAL,2025-08
C014,130103,2025-08-31,91,26.208,0.0,0.0,0.0,4.0,1.152,33550.0,1692.0,1734.0,487.296,488.31,49.0,25.194000000000017,False,25.194000000000017,2.016,60.48,12.497023809523817,2025-08-01,Plaza Hogar,Grandes Superficies,Occidente,Valle del Cauca,Cali,Hipermercado,LONCHAS AMERICANAS DELILAT 288G,0.288,UND,CHEDDAR ANALOGO,LONCHITAS,QUESOS ANALOGOS,regular,DELILAT,MAQUILA,2025-08
C006,120104,2025-08-31,92,18.4,0.0,0.0,0.0,8.0,1.6,58320.0,1939.0,1960.0,387.8,388.072,71.0,18.127999999999986,False,18.127999999999986,1.6733333333333333,50.2,10.833466135458158,2025-08-01,PuntoMenos Caribe,Hard Discount,Caribe,Costa Norte,Cartagena,Discounter,MOZZARELLA LIGHT CAMPOCLARO 200G,0.2,UND,MOZZARELLA,QUESOS TAJADOS,QUESOS FRESCOS,regular,CAMPOCLARO,NACIONAL,2025-08
C003,900101,2025-08-31,53,4.24,0.0,0.0,0.0,2.0,0.16,20200.0,892.0,896.0,71.36,70.115,49.0,5.484999999999999,False,5.484999999999999,0.3413333333333333,10.24,16.0693359375,2025-08-01,MaxiCompra Caribe,Grandes Superficies,Caribe,Costa Norte,Barranquilla,Supermercado,SALAMI TAJADO CASA IBERIA 80G,0.08,UND,SALAMI,CHARCUTERIA,CARNES MADURADAS,regular,CASA IBERIA,IMPORTADO,2025-08
C016,300102,2025-08-31,55,12.65,0.0,0.0,0.0,4.0,0.92,37990.0,890.0,895.0,204.7,203.54999999999998,50.0,13.800000000000011,False,13.800000000000011,0.7973333333333332,23.919999999999998,17.307692307692324,2025-08-01,Canasta Familiar,Grandes Superficies,Santanderes,Bucaramanga Metropolitana,Bucaramanga,Supermercado,JAMON DE PAVO FINAS LONCHAS SIERRA CARNES 230G,0.23,UND,JAMON PAVO,LONCHAS,CARNES FRIAS,regular,SIERRA CARNES,NACIONAL,2025-08
C012,190101,2025-08-31,7,2.8,0.0,0.0,0.0,0.0,0.0,0.0,0.0,1.0,0.0,0.4,6.0,2.4,False,2.4,0.0,0.0,,2025-08-01,Delimarket Gourmet,Tiendas Especializadas,Centro,Bogotá y Sabana,Bogotá,Especialidad,TABLA APERITIVO NAVIDEÑA MONTE AZUL 400G,0.4,UND,MIXTO QUESOS,TEMPORADA,QUESOS MADURADOS,temporada,MONTE AZUL,IMPORTADO,2025-08
C012,110115,2025-08-31,18,4.5,0.0,0.0,0.0,0.0,0.0,0.0,264.0,265.0,63.65,64.02,17.0,4.13000000000001,False,4.13000000000001,0.24166666666666667,7.25,17.08965517241383,2025-08-01,Delimarket Gourmet,Tiendas Especializadas,Centro,Bogotá y Sabana,Bogotá,Especialidad,FETA CUBOS CASA SIERRA 250G,0.25,UND,FETA,ESPECIALES,QUESOS MADURADOS,regular,CASA SIERRA,IMPORTADO,2025-08
C017,900102,2025-08-31,6,0.48,0.0,0.0,0.0,2.0,0.16,20530.0,132.0,137.0,10.32,10.959,1.0,-0.15899999999999892,True,0.0,0.058666666666666666,1.76,0.0,2025-08-01,RapiExpress,E-commerce,Centro,Bogotá y Sabana,Bogotá,Quick Commerce,PEPPERONI TAJADO CASA IBERIA 80G,0.08,UND,PEPPERONI,CHARCUTERIA,CARNES MADURADAS,regular,CASA IBERIA,IMPORTADO,2025-08
C015,900101,2025-08-31,15,1.2,0.0,0.0,0.0,3.0,0.24,30010.0,246.0,256.0,19.68,20.246,5.0,0.6340000000000003,False,0.6340000000000003,0.064,1.9200000000000002,9.906250000000005,2025-08-01,Abarrotes Norte,Tradicional Modernizado,Caribe,Costa Norte,Barranquilla,Supermercado Regional,SALAMI TAJADO CASA IBERIA 80G,0.08,UND,SALAMI,CHARCUTERIA,CARNES MADURADAS,regular,CASA IBERIA,IMPORTADO,2025-08
C016,900101,2025-08-31,52,4.16,0.0,0.0,0.0,9.0,0.72,89730.0,818.0,853.0,62.08,67.84,17.0,-1.6000000000000085,True,0.0,0.304,9.12,0.0,2025-08-01,Canasta Familiar,Grandes Superficies,Santanderes,Bucaramanga Metropolitana,Bucaramanga,Supermercado,SALAMI TAJADO CASA IBERIA 80G,0.08,UND,SALAMI,CHARCUTERIA,CARNES MADURADAS,regular,CASA IBERIA,IMPORTADO,2025-08
C003,900102,2025-08-31,85,6.8,0.0,0.0,0.0,4.0,0.32,38600.0,1093.0,1145.0,83.12,90.56,33.0,-0.6400000000000006,True,0.0,0.4106666666666667,12.32,0.0,2025-08-01,MaxiCompra Caribe,Grandes Superficies,Caribe,Costa Norte,Barranquilla,Supermercado,PEPPERONI TAJADO CASA IBERIA 80G,0.08,UND,PEPPERONI,CHARCUTERIA,CARNES MADURADAS,regular,CASA IBERIA,IMPORTADO,2025-08
C002,190101,2025-08-31,18,7.2,0.0,0.0,0.0,0.0,0.0,0.0,0.0,7.0,0.0,2.8000000000000003,11.0,4.4,False,4.4,0.0,0.0,,2025-08-01,SuperAhorro,Grandes Superficies,Antioquia,Valle de Aburrá,Medellín,Supermercado,TABLA APERITIVO NAVIDEÑA MONTE AZUL 400G,0.4,UND,MIXTO QUESOS,TEMPORADA,QUESOS MADURADOS,temporada,MONTE AZUL,IMPORTADO,2025-08
C013,900102,2025-08-31,19,1.52,0.0,0.0,0.0,0.0,0.0,0.0,268.0,268.0,19.92,21.053,19.0,0.38700000000000045,False,0.38700000000000045,0.08800000000000001,2.64,4.397727272727278,2025-08-01,La Mesa Premium,Tiendas Especializadas,Occidente,,Cali,Especialidad,PEPPERONI TAJADO CASA IBERIA 80G,0.08,UND,PEPPERONI,CHARCUTERIA,CARNES MADURADAS,regular,CASA IBERIA,IMPORTADO,2025-08
C004,130104,2025-08-31,245,36.75,0.0,0.0,0.0,24.0,3.6,127460.0,3986.0,4075.0,570.45,603.126,156.0,4.074000000000069,False,4.074000000000069,2.775,83.25,1.468108108108133,2025-08-01,Descuento Ya,Hard Discount,Centro,Bogotá y Sabana,Bogotá,Discounter,PIZZA MIX RALLADO DELILAT 150G,0.15,UND,MIXTO QUESOS,RALLADOS,QUESOS ANALOGOS,regular,DELILAT,MAQUILA,2025-08
C004,130103,2025-08-31,336,96.768,0.0,0.0,0.0,23.0,6.624,170030.0,5442.0,5587.0,1495.296,1595.635,191.0,-3.5709999999999127,True,0.0,6.8352,205.056,0.0,2025-08-01,Descuento Ya,Hard Discount,Centro,Bogotá y Sabana,Bogotá,Discounter,LONCHAS AMERICANAS DELILAT 288G,0.288,UND,CHEDDAR ANALOGO,LONCHITAS,QUESOS ANALOGOS,regular,DELILAT,MAQUILA,2025-08
C002,900101,2025-08-31,77,6.16,0.0,0.0,0.0,5.0,0.4,50640.0,1082.0,1099.0,86.56,85.395,60.0,7.325000000000003,False,7.325000000000003,0.37866666666666665,11.36,19.34419014084508,2025-08-01,SuperAhorro,Grandes Superficies,Antioquia,Valle de Aburrá,Medellín,Supermercado,SALAMI TAJADO CASA IBERIA 80G,0.08,UND,SALAMI,CHARCUTERIA,CARNES MADURADAS,regular,CASA IBERIA,IMPORTADO,2025-08
C012,190103,2025-08-31,5,3.0,0.0,0.0,0.0,0.0,0.0,0.0,0.0,5.0,0.0,3.0,0.0,0.0,False,0.0,0.05999999999999999,1.7999999999999998,0.0,2025-08-01,Delimarket Gourmet,Tiendas Especializadas,Centro,Bogotá y Sabana,Bogotá,Especialidad,RACLETTE CELEBRACION LOMA DORADA 600G,0.6,UND,MIXTO QUESOS,TEMPORADA,QUESOS MADURADOS,temporada,LOMA DORADA,IMPORTADO,2025-08
C012,110114,2025-08-31,20,5.0,0.0,0.0,0.0,1.0,0.25,26920.0,233.0,245.0,58.25,59.81,8.0,3.4399999999999977,False,3.4399999999999977,0.325,9.75,10.584615384615377,2025-08-01,Delimarket Gourmet,Tiendas Especializadas,Centro,Bogotá y Sabana,Bogotá,Especialidad,GOUDA NATURAL CUÑA LOMA DORADA 250G,0.25,UND,GOUDA NATURAL,CUÑAS,QUESOS MADURADOS,regular,LOMA DORADA,IMPORTADO,2025-08
C014,130101,2025-08-31,100,15.0,0.0,0.0,0.0,7.0,1.05,39750.0,1836.0,1871.0,275.4,280.65,65.0,9.75,False,9.75,1.195,35.85,8.158995815899582,2025-08-01,Plaza Hogar,Grandes Superficies,Occidente,Valle del Cauca,Cali,Hipermercado,CHEDDAR ESTILO AMERICANO DELILAT 150G,0.15,UND,CHEDDAR ANALOGO,LONCHAS,QUESOS ANALOGOS,regular,DELILAT,MAQUILA,2025-08
C015,300101,2025-08-31,15,3.45,0.0,0.0,0.0,2.0,0.46,17430.0,295.0,296.0,67.574,67.142,14.0,3.882000000000005,False,3.882000000000005,0.23766666666666666,7.13,16.333800841514748,2025-08-01,Abarrotes Norte,Tradicional Modernizado,Caribe,Costa Norte,Barranquilla,Supermercado Regional,JAMON DE CERDO FINAS LONCHAS SIERRA CARNES 230G,0.23,UND,JAMON CERDO,LONCHAS,CARNES FRIAS,regular,SIERRA CARNES,NACIONAL,2025-08
C018,130103,2025-08-31,144,41.472,0.0,0.0,0.0,8.0,2.304,60260.0,3582.0,3612.0,1031.616,1032.756,114.0,40.33199999999988,False,40.33199999999988,4.319999999999999,129.6,9.336111111111085,2025-08-01,Cadena Uno,Hard Discount,Occidente,Valle del Cauca,Cali,Discounter,LONCHAS AMERICANAS DELILAT 288G,0.288,UND,CHEDDAR ANALOGO,LONCHITAS,QUESOS ANALOGOS,regular,DELILAT,MAQUILA,2025-08
C005,130104,2025-08-31,185,27.75,0.0,0.0,0.0,7.0,1.05,38830.0,4146.0,4109.0,621.9,613.65,222.0,36.0,False,36.0,2.675,80.25,13.457943925233646,2025-08-01,PrecioListo,Hard Discount,Antioquia,Valle de Aburrá,Medellín,Discounter,PIZZA MIX RALLADO DELILAT 150G,0.15,UND,MIXTO QUESOS,RALLADOS,QUESOS ANALOGOS,regular,DELILAT,MAQUILA,2025-08
C005,130103,2025-08-31,213,61.344,0.0,0.0,0.0,18.0,5.184,131530.0,4039.0,4159.0,1163.232,1198.045,93.0,26.53099999999995,False,26.53099999999995,5.376,161.28,4.935081845238085,2025-08-01,PrecioListo,Hard Discount,Antioquia,Valle de Aburrá,Medellín,Discounter,LONCHAS AMERICANAS DELILAT 288G,0.288,UND,CHEDDAR ANALOGO,LONCHITAS,QUESOS ANALOGOS,regular,DELILAT,MAQUILA,2025-08
C001,190103,2025-08-31,29,17.4,0.0,0.0,0.0,0.0,0.0,0.0,0.0,3.0,0.0,1.7999999999999998,26.0,15.599999999999998,False,15.599999999999998,0.02,0.6,779.9999999999999,2025-08-01,HiperMax Nacional,Grandes Superficies,Centro,Bogotá y Sabana,Bogotá,Hipermercado,RACLETTE CELEBRACION LOMA DORADA 600G,0.6,UND,MIXTO QUESOS,TEMPORADA,QUESOS MADURADOS,temporada,LOMA DORADA,IMPORTADO,2025-08
C017,900101,2025-08-31,4,0.32,0.0,0.0,0.0,0.0,0.0,0.0,123.0,125.0,9.6,9.612,2.0,0.30799999999999983,False,0.30799999999999983,0.032,0.9600000000000001,9.624999999999995,2025-08-01,RapiExpress,E-commerce,Centro,Bogotá y Sabana,Bogotá,Quick Commerce,SALAMI TAJADO CASA IBERIA 80G,0.08,UND,SALAMI,CHARCUTERIA,CARNES MADURADAS,regular,CASA IBERIA,IMPORTADO,2025-08
C002,110113,2025-08-31,61,15.25,0.0,0.0,0.0,7.0,1.75,110160.0,966.0,1005.0,241.5,251.25,22.0,5.5,False,5.5,0.95,28.5,5.7894736842105265,2025-08-01,SuperAhorro,Grandes Superficies,Antioquia,Valle de Aburrá,Medellín,Supermercado,PARMESANO RALLADO ORO LECHE 250G,0.25,UND,TIPO PARMESANO,RALLADOS,QUESO PARMESANO,regular,ORO LECHE,MAQUILA,2025-08
C002,110112,2025-08-31,158,15.8,0.0,0.0,0.0,10.0,1.0,67690.0,2030.0,2130.0,203.0,211.9,58.0,6.900000000000006,False,6.900000000000006,1.02,30.599999999999998,6.7647058823529465,2025-08-01,SuperAhorro,Grandes Superficies,Antioquia,Valle de Aburrá,Medellín,Supermercado,PARMESANO RALLADO ORO LECHE 100G,0.1,UND,TIPO PARMESANO,RALLADOS,QUESO PARMESANO,regular,ORO LECHE,MAQUILA,2025-08
C001,190101,2025-08-31,25,10.0,0.0,0.0,0.0,0.0,0.0,0.0,0.0,8.0,0.0,3.2,17.0,6.8,False,6.8,0.0,0.0,,2025-08-01,HiperMax Nacional,Grandes Superficies,Centro,Bogotá y Sabana,Bogotá,Hipermercado,TABLA APERITIVO NAVIDEÑA MONTE AZUL 400G,0.4,UND,MIXTO QUESOS,TEMPORADA,QUESOS MADURADOS,temporada,MONTE AZUL,IMPORTADO,2025-08
C016,190103,2025-08-31,18,10.8,0.0,0.0,0.0,0.0,0.0,0.0,0.0,7.0,0.0,4.2,11.0,6.6000000000000005,False,6.6000000000000005,0.02,0.6,330.0,2025-08-01,Canasta Familiar,Grandes Superficies,Santanderes,Bucaramanga Metropolitana,Bucaramanga,Supermercado,RACLETTE CELEBRACION LOMA DORADA 600G,0.6,UND,MIXTO QUESOS,TEMPORADA,QUESOS MADURADOS,temporada,LOMA DORADA,IMPORTADO,2025-08
C015,120103,2025-08-31,22,4.4,0.0,0.0,0.0,0.0,0.0,0.0,330.0,330.0,66.0,65.98400000000001,22.0,4.415999999999997,False,4.415999999999997,0.2066666666666667,6.200000000000001,21.367741935483853,2025-08-01,Abarrotes Norte,Tradicional Modernizado,Caribe,Costa Norte,Barranquilla,Supermercado Regional,QUESO CREMA CAMPOCLARO 200G,0.2,UND,CREMAS,UNTABLES,QUESOS FRESCOS,regular,CAMPOCLARO,NACIONAL,2025-08
C014,300102,2025-08-31,61,14.03,0.0,0.0,0.0,3.0,0.69,29080.0,1062.0,1096.0,230.23,244.297,27.0,-0.03700000000000614,True,0.0,0.8740000000000001,26.220000000000002,0.0,2025-08-01,Plaza Hogar,Grandes Superficies,Occidente,Valle del Cauca,Cali,Hipermercado,JAMON DE PAVO FINAS LONCHAS SIERRA CARNES 230G,0.23,UND,JAMON PAVO,LONCHAS,CARNES FRIAS,regular,SIERRA CARNES,NACIONAL,2025-08
C012,110107,2025-08-31,16,2.0,0.0,0.0,0.0,1.0,0.125,14460.0,255.0,256.0,31.875,31.625,15.0,2.25,False,2.25,0.1375,4.125,16.363636363636363,2025-08-01,Delimarket Gourmet,Tiendas Especializadas,Centro,Bogotá y Sabana,Bogotá,Especialidad,CAMEMBERT CUÑA MONTE AZUL 125G,0.125,UND,CAMEMBERT,QUESOS BLANDOS,QUESOS MADURADOS,regular,MONTE AZUL,IMPORTADO,2025-08
C003,110110,2025-08-31,39,14.04,0.0,0.0,0.0,1.0,0.36,34530.0,482.0,506.0,173.52,181.742,15.0,5.818000000000012,False,5.818000000000012,0.6,18.0,9.696666666666687,2025-08-01,MaxiCompra Caribe,Grandes Superficies,Caribe,Costa Norte,Barranquilla,Supermercado,MIX QUESOS PREMIUM MONTE AZUL 360G,0.36,UND,MIXTO QUESOS,MEZCLAS PREMIUM,QUESOS MADURADOS,regular,MONTE AZUL,IMPORTADO,2025-08
C013,110101,2025-08-31,19,2.85,0.0,0.0,0.0,2.0,0.3,32770.0,219.0,224.0,31.2,32.25,14.0,1.7999999999999972,False,1.7999999999999972,0.18000000000000002,5.4,9.999999999999982,2025-08-01,La Mesa Premium,Tiendas Especializadas,Occidente,,Cali,Especialidad,GOUDA AHUMADO TAJADO LOMA DORADA 150G,0.15,UND,GOUDA AHUMADO,QUESOS TAJADOS PREMIUM,QUESOS MADURADOS,regular,LOMA DORADA,IMPORTADO,2025-08
C013,110114,2025-08-31,14,3.5,0.0,0.0,0.0,1.0,0.25,27290.0,206.0,209.0,51.5,51.54,11.0,3.460000000000001,False,3.460000000000001,0.225,6.75,15.377777777777782,2025-08-01,La Mesa Premium,Tiendas Especializadas,Occidente,,Cali,Especialidad,GOUDA NATURAL CUÑA LOMA DORADA 250G,0.25,UND,GOUDA NATURAL,CUÑAS,QUESOS MADURADOS,regular,LOMA DORADA,IMPORTADO,2025-08
C017,300102,2025-08-31,4,0.92,0.0,0.0,0.0,1.0,0.23,10240.0,206.0,208.0,45.08,47.84,2.0,-1.8400000000000034,True,0.0,0.10733333333333334,3.22,0.0,2025-08-01,RapiExpress,E-commerce,Centro,Bogotá y Sabana,Bogotá,Quick Commerce,JAMON DE PAVO FINAS LONCHAS SIERRA CARNES 230G,0.23,UND,JAMON PAVO,LONCHAS,CARNES FRIAS,regular,SIERRA CARNES,NACIONAL,2025-08
C001,110106,2025-08-31,71,8.875,0.0,0.0,0.0,4.0,0.5,51740.0,1153.0,1169.0,144.125,144.25,55.0,8.75,False,8.75,0.5625,16.875,15.555555555555555,2025-08-01,HiperMax Nacional,Grandes Superficies,Centro,Bogotá y Sabana,Bogotá,Hipermercado,BRIE CUÑA MONTE AZUL 125G,0.125,UND,BRIE,QUESOS BLANDOS,QUESOS MADURADOS,regular,MONTE AZUL,IMPORTADO,2025-08
C016,120104,2025-08-31,81,16.2,0.0,0.0,0.0,3.0,0.6,24210.0,1129.0,1181.0,213.0,236.12,29.0,-6.920000000000016,True,0.0,0.9599999999999999,28.799999999999997,0.0,2025-08-01,Canasta Familiar,Grandes Superficies,Santanderes,Bucaramanga Metropolitana,Bucaramanga,Supermercado,MOZZARELLA LIGHT CAMPOCLARO 200G,0.2,UND,MOZZARELLA,QUESOS TAJADOS,QUESOS FRESCOS,regular,CAMPOCLARO,NACIONAL,2025-08
C003,120101,2025-08-31,113,28.25,0.0,0.0,0.0,5.0,1.25,51000.0,1496.0,1521.0,354.0,374.97,88.0,7.279999999999973,False,7.279999999999973,1.5166666666666666,45.5,4.799999999999982,2025-08-01,MaxiCompra Caribe,Grandes Superficies,Caribe,Costa Norte,Barranquilla,Supermercado,MOZZARELLA TAJADA CAMPOCLARO 250G,0.25,UND,MOZZARELLA,QUESOS TAJADOS,QUESOS FRESCOS,regular,CAMPOCLARO,NACIONAL,2025-08
C005,120101,2025-08-31,240,60.0,0.0,0.0,0.0,13.0,3.25,121690.0,3854.0,3943.0,966.75,961.3,151.0,65.45000000000005,False,65.45000000000005,4.033333333333333,121.0,16.227272727272737,2025-08-01,PrecioListo,Hard Discount,Antioquia,Valle de Aburrá,Medellín,Discounter,MOZZARELLA TAJADA CAMPOCLARO 250G,0.25,UND,MOZZARELLA,QUESOS TAJADOS,QUESOS FRESCOS,regular,CAMPOCLARO,NACIONAL,2025-08
C017,110108,2025-08-31,3,0.45,0.0,0.0,0.0,0.0,0.0,0.0,89.0,89.0,13.35,13.35,3.0,0.4499999999999993,False,0.4499999999999993,0.045000000000000005,1.35,9.999999999999982,2025-08-01,RapiExpress,E-commerce,Centro,Bogotá y Sabana,Bogotá,Quick Commerce,MANCHEGO CUÑA MONTE AZUL 150G,0.15,UND,MANCHEGO,CUÑAS PREMIUM,QUESOS MADURADOS,regular,MONTE AZUL,IMPORTADO,2025-08
C001,900101,2025-08-31,80,6.4,0.0,0.0,0.0,3.0,0.24,30460.0,1478.0,1518.0,118.24,119.28,40.0,5.359999999999999,False,5.359999999999999,0.5226666666666666,15.68,10.255102040816327,2025-08-01,HiperMax Nacional,Grandes Superficies,Centro,Bogotá y Sabana,Bogotá,Hipermercado,SALAMI TAJADO CASA IBERIA 80G,0.08,UND,SALAMI,CHARCUTERIA,CARNES MADURADAS,regular,CASA IBERIA,IMPORTADO,2025-08
C018,900102,2025-08-31,93,7.44,0.0,0.0,0.0,5.0,0.4,44010.0,1673.0,1680.0,128.64000000000001,134.16,86.0,1.920000000000016,False,1.920000000000016,0.5946666666666667,17.84,3.2286995515695334,2025-08-01,Cadena Uno,Hard Discount,Occidente,Valle del Cauca,Cali,Discounter,PEPPERONI TAJADO CASA IBERIA 80G,0.08,UND,PEPPERONI,CHARCUTERIA,CARNES MADURADAS,regular,CASA IBERIA,IMPORTADO,2025-08
C016,130101,2025-08-31,125,18.75,0.0,0.0,0.0,9.0,1.35,51660.0,1696.0,1742.0,254.4,256.2,79.0,16.94999999999999,False,16.94999999999999,1.005,30.15,16.865671641791035,2025-08-01,Canasta Familiar,Grandes Superficies,Santanderes,Bucaramanga Metropolitana,Bucaramanga,Supermercado,CHEDDAR ESTILO AMERICANO DELILAT 150G,0.15,UND,CHEDDAR ANALOGO,LONCHAS,QUESOS ANALOGOS,regular,DELILAT,MAQUILA,2025-08
C012,110106,2025-08-31,15,1.875,0.0,0.0,0.0,0.0,0.0,0.0,209.0,211.0,26.125,26.25,13.0,1.75,False,1.75,0.075,2.25,23.333333333333336,2025-08-01,Delimarket Gourmet,Tiendas Especializadas,Centro,Bogotá y Sabana,Bogotá,Especialidad,BRIE CUÑA MONTE AZUL 125G,0.125,UND,BRIE,QUESOS BLANDOS,QUESOS MADURADOS,regular,MONTE AZUL,IMPORTADO,2025-08
C003,110113,2025-08-31,58,14.5,0.0,0.0,0.0,5.0,1.25,76350.0,1098.0,1091.0,259.25,268.0,65.0,5.75,False,5.75,1.1916666666666667,35.75,4.825174825174825,2025-08-01,MaxiCompra Caribe,Grandes Superficies,Caribe,Costa Norte,Barranquilla,Supermercado,PARMESANO RALLADO ORO LECHE 250G,0.25,UND,TIPO PARMESANO,RALLADOS,QUESO PARMESANO,regular,ORO LECHE,MAQUILA,2025-08
C014,110114,2025-08-31,74,18.5,0.0,0.0,0.0,6.0,1.5,146080.0,1954.0,2008.0,488.5,490.22,20.0,16.779999999999973,False,16.779999999999973,0.9916666666666667,29.75,16.921008403361316,2025-08-01,Plaza Hogar,Grandes Superficies,Occidente,Valle del Cauca,Cali,Hipermercado,GOUDA NATURAL CUÑA LOMA DORADA 250G,0.25,UND,GOUDA NATURAL,CUÑAS,QUESOS MADURADOS,regular,LOMA DORADA,IMPORTADO,2025-08
C017,120101,2025-08-31,6,1.5,0.0,0.0,0.0,0.0,0.0,0.0,184.0,183.0,44.25,45.75,7.0,0.0,False,0.0,0.23333333333333334,7.0,0.0,2025-08-01,RapiExpress,E-commerce,Centro,Bogotá y Sabana,Bogotá,Quick Commerce,MOZZARELLA TAJADA CAMPOCLARO 250G,0.25,UND,MOZZARELLA,QUESOS TAJADOS,QUESOS FRESCOS,regular,CAMPOCLARO,NACIONAL,2025-08
C012,110105,2025-08-31,18,2.7,0.0,0.0,0.0,1.0,0.15,16310.0,243.0,254.0,34.05,37.512,7.0,-0.7620000000000005,True,0.0,0.205,6.1499999999999995,0.0,2025-08-01,Delimarket Gourmet,Tiendas Especializadas,Centro,Bogotá y Sabana,Bogotá,Especialidad,PROVOLONE TAJADO LOMA DORADA 150G,0.15,UND,PROVOLONE,QUESOS TAJADOS PREMIUM,QUESOS MADURADOS,regular,LOMA DORADA,IMPORTADO,2025-08
C002,300101,2025-08-31,76,17.48,0.0,0.0,0.0,1.0,0.23,9130.0,1243.0,1278.0,285.89,290.205,41.0,13.16500000000002,False,13.16500000000002,1.288,38.64,10.221273291925481,2025-08-01,SuperAhorro,Grandes Superficies,Antioquia,Valle de Aburrá,Medellín,Supermercado,JAMON DE CERDO FINAS LONCHAS SIERRA CARNES 230G,0.23,UND,JAMON CERDO,LONCHAS,CARNES FRIAS,regular,SIERRA CARNES,NACIONAL,2025-08
C013,110102,2025-08-31,19,2.85,0.0,0.0,0.0,2.0,0.3,32000.0,219.0,234.0,32.85,34.902,4.0,0.7980000000000018,False,0.7980000000000018,0.16,4.8,4.987500000000011,2025-08-01,La Mesa Premium,Tiendas Especializadas,Occidente,,Cali,Especialidad,HOLANDES TAJADO LOMA DORADA 150G,0.15,UND,HOLANDES,QUESOS TAJADOS PREMIUM,QUESOS MADURADOS,regular,LOMA DORADA,IMPORTADO,2025-08
C017,120103,2025-08-31,6,1.2,0.0,0.0,0.0,0.0,0.0,0.0,153.0,154.0,30.6,29.832,5.0,1.968,False,1.968,0.14,4.2,14.057142857142855,2025-08-01,RapiExpress,E-commerce,Centro,Bogotá y Sabana,Bogotá,Quick Commerce,QUESO CREMA CAMPOCLARO 200G,0.2,UND,CREMAS,UNTABLES,QUESOS FRESCOS,regular,CAMPOCLARO,NACIONAL,2025-08
C012,110102,2025-08-31,21,3.15,0.0,0.0,0.0,1.0,0.15,15730.0,306.0,318.0,40.05,47.1,9.0,-3.9000000000000057,True,0.0,0.22,6.6,0.0,2025-08-01,Delimarket Gourmet,Tiendas Especializadas,Centro,Bogotá y Sabana,Bogotá,Especialidad,HOLANDES TAJADO LOMA DORADA 150G,0.15,UND,HOLANDES,QUESOS TAJADOS PREMIUM,QUESOS MADURADOS,regular,LOMA DORADA,IMPORTADO,2025-08
C001,110105,2025-08-31,88,13.2,0.0,0.0,0.0,7.0,1.05,103590.0,1249.0,1302.0,187.35,195.06,35.0,5.489999999999981,False,5.489999999999981,0.815,24.45,6.736196319018382,2025-08-01,HiperMax Nacional,Grandes Superficies,Centro,Bogotá y Sabana,Bogotá,Hipermercado,PROVOLONE TAJADO LOMA DORADA 150G,0.15,UND,PROVOLONE,QUESOS TAJADOS PREMIUM,QUESOS MADURADOS,regular,LOMA DORADA,IMPORTADO,2025-08
C016,120103,2025-08-31,73,14.6,0.0,0.0,0.0,1.0,0.2,10230.0,948.0,959.0,189.6,190.016,62.0,14.183999999999997,False,14.183999999999997,0.8333333333333334,25.0,17.020799999999998,2025-08-01,Canasta Familiar,Grandes Superficies,Santanderes,Bucaramanga Metropolitana,Bucaramanga,Supermercado,QUESO CREMA CAMPOCLARO 200G,0.2,UND,CREMAS,UNTABLES,QUESOS FRESCOS,regular,CAMPOCLARO,NACIONAL,2025-08
C001,900102,2025-08-31,121,9.68,0.0,0.0,0.0,7.0,0.56,69760.0,1510.0,1541.0,120.8,120.8,90.0,9.679999999999993,False,9.679999999999993,0.512,15.36,18.906249999999986,2025-08-01,HiperMax Nacional,Grandes Superficies,Centro,Bogotá y Sabana,Bogotá,Hipermercado,PEPPERONI TAJADO CASA IBERIA 80G,0.08,UND,PEPPERONI,CHARCUTERIA,CARNES MADURADAS,regular,CASA IBERIA,IMPORTADO,2025-08
C001,120103,2025-08-31,113,22.6,0.0,0.0,0.0,5.0,1.0,49690.0,1815.0,1848.0,343.8,362.312,80.0,4.088000000000022,False,4.088000000000022,1.5733333333333333,47.199999999999996,2.598305084745777,2025-08-01,HiperMax Nacional,Grandes Superficies,Centro,Bogotá y Sabana,Bogotá,Hipermercado,QUESO CREMA CAMPOCLARO 200G,0.2,UND,CREMAS,UNTABLES,QUESOS FRESCOS,regular,CAMPOCLARO,NACIONAL,2025-08
C003,190101,2025-08-31,14,5.6,0.0,0.0,0.0,0.0,0.0,0.0,0.0,8.0,0.0,3.2,6.0,2.3999999999999995,False,2.3999999999999995,0.013333333333333334,0.4,179.99999999999994,2025-08-01,MaxiCompra Caribe,Grandes Superficies,Caribe,Costa Norte,Barranquilla,Supermercado,TABLA APERITIVO NAVIDEÑA MONTE AZUL 400G,0.4,UND,MIXTO QUESOS,TEMPORADA,QUESOS MADURADOS,temporada,MONTE AZUL,IMPORTADO,2025-08
C015,110113,2025-08-31,12,0.0,0.0,0.0,0.0,0.0,0.0,0.0,210.0,211.0,52.5,52.75,11.0,-0.25,True,0.0,0.175,5.25,0.0,2025-08-01,Abarrotes Norte,Tradicional Modernizado,Caribe,Costa Norte,Barranquilla,Supermercado Regional,PARMESANO RALLADO ORO LECHE 250G,0.25,UND,TIPO PARMESANO,RALLADOS,QUESO PARMESANO,regular,ORO LECHE,MAQUILA,2025-08
C005,300102,2025-08-31,105,24.15,0.0,0.0,0.0,6.0,1.38,51600.0,1806.0,1820.0,415.38,416.07,91.0,23.45999999999998,False,23.45999999999998,1.9626666666666666,58.879999999999995,11.95312499999999,2025-08-01,PrecioListo,Hard Discount,Antioquia,Valle de Aburrá,Medellín,Discounter,JAMON DE PAVO FINAS LONCHAS SIERRA CARNES 230G,0.23,UND,JAMON PAVO,LONCHAS,CARNES FRIAS,regular,SIERRA CARNES,NACIONAL,2025-08
C014,120104,2025-08-31,96,19.2,0.0,0.0,0.0,4.0,0.8,32710.0,1269.0,1333.0,253.8,265.648,32.0,7.351999999999975,False,7.351999999999975,1.0466666666666666,31.4,7.024203821656028,2025-08-01,Plaza Hogar,Grandes Superficies,Occidente,Valle del Cauca,Cali,Hipermercado,MOZZARELLA LIGHT CAMPOCLARO 200G,0.2,UND,MOZZARELLA,QUESOS TAJADOS,QUESOS FRESCOS,regular,CAMPOCLARO,NACIONAL,2025-08
C016,110103,2025-08-31,45,6.75,0.0,0.0,0.0,1.0,0.15,14930.0,770.0,789.0,110.4,117.468,26.0,-0.31799999999999784,True,0.0,0.575,17.25,0.0,2025-08-01,Canasta Familiar,Grandes Superficies,Santanderes,Bucaramanga Metropolitana,Bucaramanga,Supermercado,MUENSTER TAJADO LOMA DORADA 150G,0.15,UND,MUENSTER,QUESOS TAJADOS PREMIUM,QUESOS MADURADOS,regular,LOMA DORADA,IMPORTADO,2025-08
C002,120101,2025-08-31,116,29.0,0.0,0.0,0.0,6.0,1.5,61360.0,2051.0,2117.0,512.75,525.5,50.0,16.25,False,16.25,2.1083333333333334,63.25,7.707509881422925,2025-08-01,SuperAhorro,Grandes Superficies,Antioquia,Valle de Aburrá,Medellín,Supermercado,MOZZARELLA TAJADA CAMPOCLARO 250G,0.25,UND,MOZZARELLA,QUESOS TAJADOS,QUESOS FRESCOS,regular,CAMPOCLARO,NACIONAL,2025-08
C014,110102,2025-08-31,74,11.1,0.0,0.0,0.0,6.0,0.9,87660.0,900.0,927.0,123.0,138.738,47.0,-4.638000000000005,True,0.0,0.5700000000000001,17.1,0.0,2025-08-01,Plaza Hogar,Grandes Superficies,Occidente,Valle del Cauca,Cali,Hipermercado,HOLANDES TAJADO LOMA DORADA 150G,0.15,UND,HOLANDES,QUESOS TAJADOS PREMIUM,QUESOS MADURADOS,regular,LOMA DORADA,IMPORTADO,2025-08
C014,300101,2025-08-31,90,20.7,0.0,0.0,0.0,6.0,1.38,53030.0,1413.0,1462.0,324.99,326.73,41.0,18.95999999999998,False,18.95999999999998,1.3263333333333334,39.79,14.295049007288247,2025-08-01,Plaza Hogar,Grandes Superficies,Occidente,Valle del Cauca,Cali,Hipermercado,JAMON DE CERDO FINAS LONCHAS SIERRA CARNES 230G,0.23,UND,JAMON CERDO,LONCHAS,CARNES FRIAS,regular,SIERRA CARNES,NACIONAL,2025-08
C006,110113,2025-08-31,95,23.75,0.0,0.0,0.0,7.0,1.75,99860.0,1426.0,1463.0,356.5,360.87,58.0,19.379999999999995,False,19.379999999999995,1.4916666666666667,44.75,12.992178770949717,2025-08-01,PuntoMenos Caribe,Hard Discount,Caribe,Costa Norte,Cartagena,Discounter,PARMESANO RALLADO ORO LECHE 250G,0.25,UND,TIPO PARMESANO,RALLADOS,QUESO PARMESANO,regular,ORO LECHE,MAQUILA,2025-08
C004,110113,2025-08-31,145,36.25,0.0,0.0,0.0,12.0,3.0,170270.0,2387.0,2415.0,596.75,595.49,117.0,37.50999999999999,False,37.50999999999999,2.433333333333333,73.0,15.415068493150683,2025-08-01,Descuento Ya,Hard Discount,Centro,Bogotá y Sabana,Bogotá,Discounter,PARMESANO RALLADO ORO LECHE 250G,0.25,UND,TIPO PARMESANO,RALLADOS,QUESO PARMESANO,regular,ORO LECHE,MAQUILA,2025-08
C014,110101,2025-08-31,70,10.5,0.0,0.0,0.0,4.0,0.6,58770.0,1083.0,1098.0,155.1,162.6,55.0,3.0,False,3.0,0.6549999999999999,19.65,4.580152671755726,2025-08-01,Plaza Hogar,Grandes Superficies,Occidente,Valle del Cauca,Cali,Hipermercado,GOUDA AHUMADO TAJADO LOMA DORADA 150G,0.15,UND,GOUDA AHUMADO,QUESOS TAJADOS PREMIUM,QUESOS MADURADOS,regular,LOMA DORADA,IMPORTADO,2025-08
C001,120104,2025-08-31,143,28.6,0.0,0.0,0.0,9.0,1.8,72520.0,1819.0,1850.0,363.8,364.816,112.0,27.58400000000006,False,27.58400000000006,1.5466666666666666,46.4,17.83448275862073,2025-08-01,HiperMax Nacional,Grandes Superficies,Centro,Bogotá y Sabana,Bogotá,Hipermercado,MOZZARELLA LIGHT CAMPOCLARO 200G,0.2,UND,MOZZARELLA,QUESOS TAJADOS,QUESOS FRESCOS,regular,CAMPOCLARO,NACIONAL,2025-08
C017,110113,2025-08-31,3,0.75,0.0,0.0,0.0,0.0,0.0,0.0,126.0,126.0,31.425,30.73,3.0,1.4449999999999967,False,1.4449999999999967,0.15833333333333333,4.75,9.126315789473663,2025-08-01,RapiExpress,E-commerce,Centro,Bogotá y Sabana,Bogotá,Quick Commerce,PARMESANO RALLADO ORO LECHE 250G,0.25,UND,TIPO PARMESANO,RALLADOS,QUESO PARMESANO,regular,ORO LECHE,MAQUILA,2025-08
C016,110102,2025-08-31,56,8.4,0.0,0.0,0.0,2.0,0.3,29200.0,741.0,768.0,111.15,114.012,29.0,5.538000000000011,False,5.538000000000011,0.5449999999999999,16.349999999999998,10.161467889908279,2025-08-01,Canasta Familiar,Grandes Superficies,Santanderes,Bucaramanga Metropolitana,Bucaramanga,Supermercado,HOLANDES TAJADO LOMA DORADA 150G,0.15,UND,HOLANDES,QUESOS TAJADOS PREMIUM,QUESOS MADURADOS,regular,LOMA DORADA,IMPORTADO,2025-08
C017,110112,2025-08-31,7,0.7,0.0,0.0,0.0,2.0,0.2,14910.0,168.0,172.0,16.8,16.8,3.0,0.6999999999999993,False,0.6999999999999993,0.10666666666666667,3.2,6.562499999999993,2025-08-01,RapiExpress,E-commerce,Centro,Bogotá y Sabana,Bogotá,Quick Commerce,PARMESANO RALLADO ORO LECHE 100G,0.1,UND,TIPO PARMESANO,RALLADOS,QUESO PARMESANO,regular,ORO LECHE,MAQUILA,2025-08
C014,190103,2025-08-31,16,9.6,0.0,0.0,0.0,0.0,0.0,0.0,0.0,3.0,0.0,1.7999999999999998,13.0,7.8,False,7.8,0.0,0.0,,2025-08-01,Plaza Hogar,Grandes Superficies,Occidente,Valle del Cauca,Cali,Hipermercado,RACLETTE CELEBRACION LOMA DORADA 600G,0.6,UND,MIXTO QUESOS,TEMPORADA,QUESOS MADURADOS,temporada,LOMA DORADA,IMPORTADO,2025-08
C013,110115,2025-08-31,11,2.75,0.0,0.0,0.0,1.0,0.25,28220.0,185.0,191.0,46.25,47.19,5.0,1.8100000000000023,False,1.8100000000000023,0.175,5.25,10.342857142857156,2025-08-01,La Mesa Premium,Tiendas Especializadas,Occidente,,Cali,Especialidad,FETA CUBOS CASA SIERRA 250G,0.25,UND,FETA,ESPECIALES,QUESOS MADURADOS,regular,CASA SIERRA,IMPORTADO,2025-08
C002,110103,2025-08-31,59,8.85,0.0,0.0,0.0,6.0,0.9,85940.0,1020.0,1045.0,153.0,155.316,34.0,6.533999999999992,False,6.533999999999992,0.6549999999999999,19.65,9.975572519083958,2025-08-01,SuperAhorro,Grandes Superficies,Antioquia,Valle de Aburrá,Medellín,Supermercado,MUENSTER TAJADO LOMA DORADA 150G,0.15,UND,MUENSTER,QUESOS TAJADOS PREMIUM,QUESOS MADURADOS,regular,LOMA DORADA,IMPORTADO,2025-08
C014,900101,2025-08-31,67,0.0,0.0,0.0,0.0,1.0,0.08,9840.0,1116.0,1115.0,84.48,88.986,68.0,-4.506,True,0.0,0.4266666666666667,12.8,0.0,2025-08-01,Plaza Hogar,Grandes Superficies,Occidente,Valle del Cauca,Cali,Hipermercado,SALAMI TAJADO CASA IBERIA 80G,0.08,UND,SALAMI,CHARCUTERIA,CARNES MADURADAS,regular,CASA IBERIA,IMPORTADO,2025-08
C005,130101,2025-08-31,356,53.4,0.0,0.0,0.0,26.0,3.9,135930.0,7124.0,7124.0,1019.1,1061.55,356.0,10.950000000000045,False,10.950000000000045,4.465,133.95,2.452407614781645,2025-08-01,PrecioListo,Hard Discount,Antioquia,Valle de Aburrá,Medellín,Discounter,CHEDDAR ESTILO AMERICANO DELILAT 150G,0.15,UND,CHEDDAR ANALOGO,LONCHAS,QUESOS ANALOGOS,regular,DELILAT,MAQUILA,2025-08
C012,900103,2025-08-31,29,2.32,0.0,0.0,0.0,3.0,0.24,35470.0,442.0,447.0,34.064,35.12,24.0,1.264000000000003,False,1.264000000000003,0.15733333333333333,4.72,8.033898305084765,2025-08-01,Delimarket Gourmet,Tiendas Especializadas,Centro,Bogotá y Sabana,Bogotá,Especialidad,JAMON SERRANO TAJADO CASA IBERIA 80G,0.08,UND,JAMON SERRANO,CHARCUTERIA,CARNES MADURADAS,regular,CASA IBERIA,IMPORTADO,2025-08
C014,110113,2025-08-31,68,17.0,0.0,0.0,0.0,4.0,1.0,63510.0,1031.0,1048.0,257.75,257.17,51.0,17.579999999999984,False,17.579999999999984,1.1166666666666667,33.5,15.743283582089537,2025-08-01,Plaza Hogar,Grandes Superficies,Occidente,Valle del Cauca,Cali,Hipermercado,PARMESANO RALLADO ORO LECHE 250G,0.25,UND,TIPO PARMESANO,RALLADOS,QUESO PARMESANO,regular,ORO LECHE,MAQUILA,2025-08
C015,120101,2025-08-31,35,8.75,0.0,0.0,0.0,3.0,0.75,29350.0,480.0,489.0,115.25,119.94,26.0,4.060000000000002,False,4.060000000000002,0.5166666666666667,15.5,7.858064516129036,2025-08-01,Abarrotes Norte,Tradicional Modernizado,Caribe,Costa Norte,Barranquilla,Supermercado Regional,MOZZARELLA TAJADA CAMPOCLARO 250G,0.25,UND,MOZZARELLA,QUESOS TAJADOS,QUESOS FRESCOS,regular,CAMPOCLARO,NACIONAL,2025-08
C016,130103,2025-08-31,88,25.344,0.0,0.0,0.0,3.0,0.864,25060.0,1222.0,1272.0,351.936,361.947,38.0,15.33299999999997,False,15.33299999999997,1.3728,41.184,11.169143356643335,2025-08-01,Canasta Familiar,Grandes Superficies,Santanderes,Bucaramanga Metropolitana,Bucaramanga,Supermercado,LONCHAS AMERICANAS DELILAT 288G,0.288,UND,CHEDDAR ANALOGO,LONCHITAS,QUESOS ANALOGOS,regular,DELILAT,MAQUILA,2025-08
C001,300102,2025-08-31,84,19.32,0.0,0.0,0.0,3.0,0.69,28220.0,1534.0,1554.0,337.64,347.226,64.0,9.73399999999998,False,9.73399999999998,1.541,46.23,6.316677482154433,2025-08-01,HiperMax Nacional,Grandes Superficies,Centro,Bogotá y Sabana,Bogotá,Hipermercado,JAMON DE PAVO FINAS LONCHAS SIERRA CARNES 230G,0.23,UND,JAMON PAVO,LONCHAS,CARNES FRIAS,regular,SIERRA CARNES,NACIONAL,2025-08
C002,110115,2025-08-31,68,17.0,0.0,0.0,0.0,3.0,0.75,74600.0,964.0,1000.0,241.0,240.62,32.0,17.379999999999995,False,17.379999999999995,0.8416666666666667,25.25,20.649504950495043,2025-08-01,SuperAhorro,Grandes Superficies,Antioquia,Valle de Aburrá,Medellín,Supermercado,FETA CUBOS CASA SIERRA 250G,0.25,UND,FETA,ESPECIALES,QUESOS MADURADOS,regular,CASA SIERRA,IMPORTADO,2025-08
C003,110115,2025-08-31,50,12.5,0.0,0.0,0.0,2.0,0.5,49790.0,873.0,888.0,218.25,220.79,35.0,9.960000000000008,False,9.960000000000008,0.9833333333333333,29.5,10.128813559322042,2025-08-01,MaxiCompra Caribe,Grandes Superficies,Caribe,Costa Norte,Barranquilla,Supermercado,FETA CUBOS CASA SIERRA 250G,0.25,UND,FETA,ESPECIALES,QUESOS MADURADOS,regular,CASA SIERRA,IMPORTADO,2025-08
C001,110112,2025-08-31,239,23.9,0.0,0.0,0.0,12.0,1.2,82590.0,2913.0,3060.0,291.3,303.924,92.0,11.27600000000001,False,11.27600000000001,1.25,37.5,9.020800000000008,2025-08-01,HiperMax Nacional,Grandes Superficies,Centro,Bogotá y Sabana,Bogotá,Hipermercado,PARMESANO RALLADO ORO LECHE 100G,0.1,UND,TIPO PARMESANO,RALLADOS,QUESO PARMESANO,regular,ORO LECHE,MAQUILA,2025-08
C001,110110,2025-08-31,45,16.2,0.0,0.0,0.0,5.0,1.8,173220.0,800.0,804.0,275.04,278.842,41.0,12.398000000000025,False,12.398000000000025,1.1039999999999999,33.12,11.23007246376814,2025-08-01,HiperMax Nacional,Grandes Superficies,Centro,Bogotá y Sabana,Bogotá,Hipermercado,MIX QUESOS PREMIUM MONTE AZUL 360G,0.36,UND,MIXTO QUESOS,MEZCLAS PREMIUM,QUESOS MADURADOS,regular,MONTE AZUL,IMPORTADO,2025-08
C003,190102,2025-08-31,28,14.0,0.0,0.0,0.0,0.0,0.0,0.0,0.0,6.0,0.0,3.0,22.0,11.0,False,11.0,0.0,0.0,,2025-08-01,MaxiCompra Caribe,Grandes Superficies,Caribe,Costa Norte,Barranquilla,Supermercado,DUO FESTIVO QUESOS Y CARNES 500G,0.5,UND,MIXTO QUESOS-CARNES,TEMPORADA,QUESOS MADURADOS,temporada,MONTE AZUL,MAQUILA,2025-08
C014,190101,2025-08-31,23,9.2,0.0,0.0,0.0,0.0,0.0,0.0,0.0,5.0,0.0,2.0,18.0,7.199999999999999,False,7.199999999999999,0.013333333333333334,0.4,539.9999999999999,2025-08-01,Plaza Hogar,Grandes Superficies,Occidente,Valle del Cauca,Cali,Hipermercado,TABLA APERITIVO NAVIDEÑA MONTE AZUL 400G,0.4,UND,MIXTO QUESOS,TEMPORADA,QUESOS MADURADOS,temporada,MONTE AZUL,IMPORTADO,2025-08
C015,300102,2025-08-31,18,4.14,0.0,0.0,0.0,2.0,0.46,18770.0,318.0,328.0,73.14,74.29,8.0,2.989999999999995,False,2.989999999999995,0.30666666666666664,9.2,9.749999999999984,2025-08-01,Abarrotes Norte,Tradicional Modernizado,Caribe,Costa Norte,Barranquilla,Supermercado Regional,JAMON DE PAVO FINAS LONCHAS SIERRA CARNES 230G,0.23,UND,JAMON PAVO,LONCHAS,CARNES FRIAS,regular,SIERRA CARNES,NACIONAL,2025-08
C004,110112,2025-08-31,222,22.2,0.0,0.0,0.0,21.0,2.1,132360.0,4538.0,4542.0,453.8,447.572,218.0,28.427999999999997,False,28.427999999999997,1.93,57.9,14.729533678756475,2025-08-01,Descuento Ya,Hard Discount,Centro,Bogotá y Sabana,Bogotá,Discounter,PARMESANO RALLADO ORO LECHE 100G,0.1,UND,TIPO PARMESANO,RALLADOS,QUESO PARMESANO,regular,ORO LECHE,MAQUILA,2025-08
C002,130101,2025-08-31,104,15.6,0.0,0.0,0.0,8.0,1.2,46600.0,1902.0,1946.0,270.9,286.464,60.0,0.036000000000001364,False,0.036000000000001364,1.22,36.6,0.029508196721312593,2025-08-01,SuperAhorro,Grandes Superficies,Antioquia,Valle de Aburrá,Medellín,Supermercado,CHEDDAR ESTILO AMERICANO DELILAT 150G,0.15,UND,CHEDDAR ANALOGO,LONCHAS,QUESOS ANALOGOS,regular,DELILAT,MAQUILA,2025-08
C002,190102,2025-08-31,22,11.0,0.0,0.0,0.0,0.0,0.0,0.0,0.0,4.0,0.0,2.0,18.0,9.0,False,9.0,0.03333333333333333,1.0,270.0,2025-08-01,SuperAhorro,Grandes Superficies,Antioquia,Valle de Aburrá,Medellín,Supermercado,DUO FESTIVO QUESOS Y CARNES 500G,0.5,UND,MIXTO QUESOS-CARNES,TEMPORADA,QUESOS MADURADOS,temporada,MONTE AZUL,MAQUILA,2025-08
C006,120103,2025-08-31,114,22.8,0.0,0.0,0.0,8.0,1.6,74370.0,1934.0,1978.0,386.8,387.52,70.0,22.08000000000004,False,22.08000000000004,1.6533333333333333,49.6,13.354838709677445,2025-08-01,PuntoMenos Caribe,Hard Discount,Caribe,Costa Norte,Cartagena,Discounter,QUESO CREMA CAMPOCLARO 200G,0.2,UND,CREMAS,UNTABLES,QUESOS FRESCOS,regular,CAMPOCLARO,NACIONAL,2025-08
C003,190102,2025-09-30,28,14.0,0.0,0.0,0.0,0.0,0.0,0.0,0.0,8.0,0.0,4.0,20.0,10.0,False,10.0,0.03333333333333333,1.0,300.0,2025-09-01,MaxiCompra Caribe,Grandes Superficies,Caribe,Costa Norte,Barranquilla,Supermercado,DUO FESTIVO QUESOS Y CARNES 500G,0.5,UND,MIXTO QUESOS-CARNES,TEMPORADA,QUESOS MADURADOS,temporada,MONTE AZUL,MAQUILA,2025-09
C004,130104,2025-09-30,245,36.75,0.0,0.0,0.0,19.0,2.85,104260.0,4543.0,4617.0,654.0,684.426,171.0,6.323999999999955,False,6.323999999999955,2.71,81.3,2.3335793357933414,2025-09-01,Descuento Ya,Hard Discount,Centro,Bogotá y Sabana,Bogotá,Discounter,PIZZA MIX RALLADO DELILAT 150G,0.15,UND,MIXTO QUESOS,RALLADOS,QUESOS ANALOGOS,regular,DELILAT,MAQUILA,2025-09
C017,110112,2025-09-30,7,0.7,0.0,0.0,0.0,1.0,0.1,7190.0,193.0,193.0,19.3,18.8,7.0,1.1999999999999993,False,1.1999999999999993,0.06666666666666667,2.0,17.99999999999999,2025-09-01,RapiExpress,E-commerce,Centro,Bogotá y Sabana,Bogotá,Quick Commerce,PARMESANO RALLADO ORO LECHE 100G,0.1,UND,TIPO PARMESANO,RALLADOS,QUESO PARMESANO,regular,ORO LECHE,MAQUILA,2025-09
C017,900102,2025-09-30,6,0.48,0.0,0.0,0.0,2.0,0.16,20450.0,151.0,155.0,11.84,12.399000000000001,2.0,-0.07900000000000063,True,0.0,0.048,1.44,0.0,2025-09-01,RapiExpress,E-commerce,Centro,Bogotá y Sabana,Bogotá,Quick Commerce,PEPPERONI TAJADO CASA IBERIA 80G,0.08,UND,PEPPERONI,CHARCUTERIA,CARNES MADURADAS,regular,CASA IBERIA,IMPORTADO,2025-09
C005,120101,2025-09-30,240,60.0,0.0,0.0,0.0,22.0,5.5,205710.0,4340.0,4466.0,1088.25,1092.05,114.0,56.200000000000045,False,56.200000000000045,4.358333333333333,130.75,12.894837476099436,2025-09-01,PrecioListo,Hard Discount,Antioquia,Valle de Aburrá,Medellín,Discounter,MOZZARELLA TAJADA CAMPOCLARO 250G,0.25,UND,MOZZARELLA,QUESOS TAJADOS,QUESOS FRESCOS,regular,CAMPOCLARO,NACIONAL,2025-09
C001,900104,2025-09-30,106,8.48,0.0,0.0,0.0,4.0,0.32,36640.0,1925.0,1933.0,154.0,150.582,98.0,11.897999999999996,False,11.897999999999996,0.504,15.120000000000001,23.60714285714285,2025-09-01,HiperMax Nacional,Grandes Superficies,Centro,Bogotá y Sabana,Bogotá,Hipermercado,CHORIZO TAJADO CASA IBERIA 80G,0.08,UND,CHORIZO,CHARCUTERIA,CARNES MADURADAS,regular,CASA IBERIA,IMPORTADO,2025-09
C013,190103,2025-09-30,5,3.0,0.0,0.0,0.0,0.0,0.0,0.0,0.0,3.0,0.0,1.7999999999999998,2.0,1.2000000000000002,False,1.2000000000000002,0.0,0.0,,2025-09-01,La Mesa Premium,Tiendas Especializadas,Occidente,,Cali,Especialidad,RACLETTE CELEBRACION LOMA DORADA 600G,0.6,UND,MIXTO QUESOS,TEMPORADA,QUESOS MADURADOS,temporada,LOMA DORADA,IMPORTADO,2025-09
C012,110106,2025-09-30,15,1.875,0.0,0.0,0.0,1.0,0.125,14530.0,232.0,243.0,29.0,30.25,4.0,0.625,False,0.625,0.13333333333333333,4.0,4.6875,2025-09-01,Delimarket Gourmet,Tiendas Especializadas,Centro,Bogotá y Sabana,Bogotá,Especialidad,BRIE CUÑA MONTE AZUL 125G,0.125,UND,BRIE,QUESOS BLANDOS,QUESOS MADURADOS,regular,MONTE AZUL,IMPORTADO,2025-09
C006,110112,2025-09-30,125,12.5,0.0,0.0,0.0,5.0,0.5,31860.0,2828.0,2833.0,282.8,282.404,120.0,12.896000000000015,False,12.896000000000015,1.06,31.8,12.16603773584907,2025-09-01,PuntoMenos Caribe,Hard Discount,Caribe,Costa Norte,Cartagena,Discounter,PARMESANO RALLADO ORO LECHE 100G,0.1,UND,TIPO PARMESANO,RALLADOS,QUESO PARMESANO,regular,ORO LECHE,MAQUILA,2025-09
C002,110114,2025-09-30,66,16.5,0.0,0.0,0.0,3.0,0.75,71970.0,951.0,967.0,237.75,240.77,50.0,13.47999999999999,False,13.47999999999999,1.05,31.5,12.838095238095228,2025-09-01,SuperAhorro,Grandes Superficies,Antioquia,Valle de Aburrá,Medellín,Supermercado,GOUDA NATURAL CUÑA LOMA DORADA 250G,0.25,UND,GOUDA NATURAL,CUÑAS,QUESOS MADURADOS,regular,LOMA DORADA,IMPORTADO,2025-09
C004,300102,2025-09-30,99,22.77,103.0,23.69,711540.0,10.0,2.3,87140.0,2734.0,2702.0,628.82,610.88,131.0,40.710000000000036,False,40.710000000000036,2.2003333333333335,66.01,18.50174216027876,2025-09-01,Descuento Ya,Hard Discount,Centro,Bogotá y Sabana,Bogotá,Discounter,JAMON DE PAVO FINAS LONCHAS SIERRA CARNES 230G,0.23,UND,JAMON PAVO,LONCHAS,CARNES FRIAS,regular,SIERRA CARNES,NACIONAL,2025-09
C002,190101,2025-09-30,18,7.2,0.0,0.0,0.0,0.0,0.0,0.0,0.0,9.0,0.0,3.6,9.0,3.6,False,3.6,0.02666666666666667,0.8,135.0,2025-09-01,SuperAhorro,Grandes Superficies,Antioquia,Valle de Aburrá,Medellín,Supermercado,TABLA APERITIVO NAVIDEÑA MONTE AZUL 400G,0.4,UND,MIXTO QUESOS,TEMPORADA,QUESOS MADURADOS,temporada,MONTE AZUL,IMPORTADO,2025-09
C001,120104,2025-09-30,143,28.6,0.0,0.0,0.0,3.0,0.6,23940.0,2058.0,2070.0,411.6,407.016,131.0,33.184000000000026,False,33.184000000000026,1.4066666666666667,42.2,23.590521327014237,2025-09-01,HiperMax Nacional,Grandes Superficies,Centro,Bogotá y Sabana,Bogotá,Hipermercado,MOZZARELLA LIGHT CAMPOCLARO 200G,0.2,UND,MOZZARELLA,QUESOS TAJADOS,QUESOS FRESCOS,regular,CAMPOCLARO,NACIONAL,2025-09
C002,110110,2025-09-30,31,11.16,0.0,0.0,0.0,0.0,0.0,0.0,526.0,522.0,181.07999999999998,184.651,35.0,7.58899999999997,False,7.58899999999997,0.708,21.24,10.718926553672276,2025-09-01,SuperAhorro,Grandes Superficies,Antioquia,Valle de Aburrá,Medellín,Supermercado,MIX QUESOS PREMIUM MONTE AZUL 360G,0.36,UND,MIXTO QUESOS,MEZCLAS PREMIUM,QUESOS MADURADOS,regular,MONTE AZUL,IMPORTADO,2025-09
C005,130101,2025-09-30,356,53.4,0.0,0.0,0.0,43.0,6.45,225110.0,7974.0,8052.0,1146.6,1200.75,278.0,-0.75,True,0.0,4.640000000000001,139.20000000000002,0.0,2025-09-01,PrecioListo,Hard Discount,Antioquia,Valle de Aburrá,Medellín,Discounter,CHEDDAR ESTILO AMERICANO DELILAT 150G,0.15,UND,CHEDDAR ANALOGO,LONCHAS,QUESOS ANALOGOS,regular,DELILAT,MAQUILA,2025-09
C016,300102,2025-09-30,55,12.65,0.0,0.0,0.0,5.0,1.15,48580.0,977.0,999.0,224.71,227.47,33.0,9.890000000000015,False,9.890000000000015,0.7973333333333333,23.92,12.403846153846173,2025-09-01,Canasta Familiar,Grandes Superficies,Santanderes,Bucaramanga Metropolitana,Bucaramanga,Supermercado,JAMON DE PAVO FINAS LONCHAS SIERRA CARNES 230G,0.23,UND,JAMON PAVO,LONCHAS,CARNES FRIAS,regular,SIERRA CARNES,NACIONAL,2025-09
C015,110112,2025-09-30,32,3.2,0.0,0.0,0.0,2.0,0.2,13620.0,576.0,581.0,54.8,57.476,27.0,0.5240000000000009,False,0.5240000000000009,0.16666666666666666,5.0,3.1440000000000055,2025-09-01,Abarrotes Norte,Tradicional Modernizado,Caribe,Costa Norte,Barranquilla,Supermercado Regional,PARMESANO RALLADO ORO LECHE 100G,0.1,UND,TIPO PARMESANO,RALLADOS,QUESO PARMESANO,regular,ORO LECHE,MAQUILA,2025-09
C012,190101,2025-09-30,7,2.8,0.0,0.0,0.0,0.0,0.0,0.0,0.0,2.0,0.0,0.8,5.0,1.9999999999999998,False,1.9999999999999998,0.013333333333333334,0.4,149.99999999999997,2025-09-01,Delimarket Gourmet,Tiendas Especializadas,Centro,Bogotá y Sabana,Bogotá,Especialidad,TABLA APERITIVO NAVIDEÑA MONTE AZUL 400G,0.4,UND,MIXTO QUESOS,TEMPORADA,QUESOS MADURADOS,temporada,MONTE AZUL,IMPORTADO,2025-09
C013,110107,2025-09-30,12,1.5,0.0,0.0,0.0,0.0,0.0,0.0,185.0,193.0,21.5,23.885,4.0,-0.8850000000000016,True,0.0,0.12083333333333333,3.625,0.0,2025-09-01,La Mesa Premium,Tiendas Especializadas,Occidente,,Cali,Especialidad,CAMEMBERT CUÑA MONTE AZUL 125G,0.125,UND,CAMEMBERT,QUESOS BLANDOS,QUESOS MADURADOS,regular,MONTE AZUL,IMPORTADO,2025-09
C001,110110,2025-09-30,45,16.2,0.0,0.0,0.0,5.0,0.0,169330.0,925.0,916.0,320.04,315.922,54.0,20.317999999999984,False,20.317999999999984,1.236,37.08,16.43851132686083,2025-09-01,HiperMax Nacional,Grandes Superficies,Centro,Bogotá y Sabana,Bogotá,Hipermercado,MIX QUESOS PREMIUM MONTE AZUL 360G,0.36,UND,MIXTO QUESOS,MEZCLAS PREMIUM,QUESOS MADURADOS,regular,MONTE AZUL,IMPORTADO,2025-09
C014,300102,2025-09-30,61,14.03,0.0,0.0,0.0,2.0,0.46,18930.0,1244.0,1230.0,272.09,272.35699999999997,75.0,13.762999999999977,False,13.762999999999977,0.9353333333333332,28.06,14.71454027084816,2025-09-01,Plaza Hogar,Grandes Superficies,Occidente,Valle del Cauca,Cali,Hipermercado,JAMON DE PAVO FINAS LONCHAS SIERRA CARNES 230G,0.23,UND,JAMON PAVO,LONCHAS,CARNES FRIAS,regular,SIERRA CARNES,NACIONAL,2025-09
C014,120103,2025-09-30,87,17.4,0.0,0.0,0.0,9.0,1.8,90350.0,1602.0,1641.0,321.74,318.304,48.0,20.836000000000013,False,20.836000000000013,1.3399999999999999,40.199999999999996,15.549253731343295,2025-09-01,Plaza Hogar,Grandes Superficies,Occidente,Valle del Cauca,Cali,Hipermercado,QUESO CREMA CAMPOCLARO 200G,0.2,UND,CREMAS,UNTABLES,QUESOS FRESCOS,regular,CAMPOCLARO,NACIONAL,2025-09
C006,120103,2025-09-30,114,22.8,0.0,0.0,0.0,6.0,1.2,54870.0,2160.0,2212.0,432.0,434.32,62.0,20.480000000000018,False,20.480000000000018,1.56,46.800000000000004,13.12820512820514,2025-09-01,PuntoMenos Caribe,Hard Discount,Caribe,Costa Norte,Cartagena,Discounter,QUESO CREMA CAMPOCLARO 200G,0.2,UND,CREMAS,UNTABLES,QUESOS FRESCOS,regular,CAMPOCLARO,NACIONAL,2025-09
C018,120101,2025-09-30,174,43.5,0.0,0.0,0.0,12.0,3.0,107920.0,3663.0,3695.0,915.75,909.5,142.0,49.75,False,49.75,3.3583333333333334,100.75,14.813895781637717,2025-09-01,Cadena Uno,Hard Discount,Occidente,Valle del Cauca,Cali,Discounter,MOZZARELLA TAJADA CAMPOCLARO 250G,0.25,UND,MOZZARELLA,QUESOS TAJADOS,QUESOS FRESCOS,regular,CAMPOCLARO,NACIONAL,2025-09
C001,190102,2025-09-30,26,13.0,0.0,0.0,0.0,0.0,0.0,0.0,0.0,9.0,0.0,4.0,17.0,9.0,False,9.0,0.016666666666666666,0.5,540.0,2025-09-01,HiperMax Nacional,Grandes Superficies,Centro,Bogotá y Sabana,Bogotá,Hipermercado,DUO FESTIVO QUESOS Y CARNES 500G,0.5,UND,MIXTO QUESOS-CARNES,TEMPORADA,QUESOS MADURADOS,temporada,MONTE AZUL,MAQUILA,2025-09
C017,190101,2025-09-30,1,0.4,0.0,0.0,0.0,0.0,0.0,0.0,0.0,1.0,0.0,0.4,0.0,0.0,False,0.0,0.0,0.0,,2025-09-01,RapiExpress,E-commerce,Centro,Bogotá y Sabana,Bogotá,Quick Commerce,TABLA APERITIVO NAVIDEÑA MONTE AZUL 400G,0.4,UND,MIXTO QUESOS,TEMPORADA,QUESOS MADURADOS,temporada,MONTE AZUL,IMPORTADO,2025-09
C016,110114,2025-09-30,55,13.75,0.0,0.0,0.0,8.0,2.0,197360.0,954.0,977.0,229.5,242.0,32.0,1.25,False,1.25,1.025,30.75,1.2195121951219514,2025-09-01,Canasta Familiar,Grandes Superficies,Santanderes,Bucaramanga Metropolitana,Bucaramanga,Supermercado,GOUDA NATURAL CUÑA LOMA DORADA 250G,0.25,UND,GOUDA NATURAL,CUÑAS,QUESOS MADURADOS,regular,LOMA DORADA,IMPORTADO,2025-09
C002,900104,2025-09-30,92,7.36,0.0,0.0,0.0,4.0,0.32,36460.0,1263.0,1309.0,101.04,103.71900000000001,46.0,4.680999999999997,False,4.680999999999997,0.4266666666666667,12.8,10.971093749999993,2025-09-01,SuperAhorro,Grandes Superficies,Antioquia,Valle de Aburrá,Medellín,Supermercado,CHORIZO TAJADO CASA IBERIA 80G,0.08,UND,CHORIZO,CHARCUTERIA,CARNES MADURADAS,regular,CASA IBERIA,IMPORTADO,2025-09
C016,130103,2025-09-30,88,25.344,0.0,0.0,0.0,2.0,0.576,16270.0,1466.0,1459.0,422.208,413.211,95.0,34.34100000000001,False,34.34100000000001,1.7088,51.264,20.09655898876405,2025-09-01,Canasta Familiar,Grandes Superficies,Santanderes,Bucaramanga Metropolitana,Bucaramanga,Supermercado,LONCHAS AMERICANAS DELILAT 288G,0.288,UND,CHEDDAR ANALOGO,LONCHITAS,QUESOS ANALOGOS,regular,DELILAT,MAQUILA,2025-09
C006,900102,2025-09-30,75,6.0,57.0,4.56,405410.0,4.0,0.32,35930.0,1344.0,1346.0,100.32,106.08,73.0,0.23999999999999488,False,0.23999999999999488,0.48000000000000004,14.4,0.4999999999999893,2025-09-01,PuntoMenos Caribe,Hard Discount,Caribe,Costa Norte,Cartagena,Discounter,PEPPERONI TAJADO CASA IBERIA 80G,0.08,UND,PEPPERONI,CHARCUTERIA,CARNES MADURADAS,regular,CASA IBERIA,IMPORTADO,2025-09
C012,900103,2025-09-30,29,2.32,0.0,0.0,0.0,1.0,0.08,12090.0,479.0,493.0,37.024,38.8,15.0,0.544000000000004,False,0.544000000000004,0.12266666666666667,3.68,4.434782608695685,2025-09-01,Delimarket Gourmet,Tiendas Especializadas,Centro,Bogotá y Sabana,Bogotá,Especialidad,JAMON SERRANO TAJADO CASA IBERIA 80G,0.08,UND,JAMON SERRANO,CHARCUTERIA,CARNES MADURADAS,regular,CASA IBERIA,IMPORTADO,2025-09
C012,110115,2025-09-30,18,4.5,0.0,0.0,0.0,0.0,0.0,0.0,284.0,291.0,68.65,70.52,11.0,2.6300000000000097,False,2.6300000000000097,0.21666666666666667,6.5,12.138461538461582,2025-09-01,Delimarket Gourmet,Tiendas Especializadas,Centro,Bogotá y Sabana,Bogotá,Especialidad,FETA CUBOS CASA SIERRA 250G,0.25,UND,FETA,ESPECIALES,QUESOS MADURADOS,regular,CASA SIERRA,IMPORTADO,2025-09
C001,110105,2025-09-30,88,13.2,0.0,0.0,0.0,6.0,0.9,89680.0,1453.0,1478.0,217.95,221.46,63.0,9.68999999999997,False,9.68999999999997,0.88,26.4,11.011363636363601,2025-09-01,HiperMax Nacional,Grandes Superficies,Centro,Bogotá y Sabana,Bogotá,Hipermercado,PROVOLONE TAJADO LOMA DORADA 150G,0.15,UND,PROVOLONE,QUESOS TAJADOS PREMIUM,QUESOS MADURADOS,regular,LOMA DORADA,IMPORTADO,2025-09
C001,110115,2025-09-30,84,21.0,0.0,0.0,0.0,10.0,2.5,248640.0,1539.0,1530.0,384.75,376.6,93.0,29.149999999999977,False,29.149999999999977,1.4333333333333333,43.0,20.337209302325565,2025-09-01,HiperMax Nacional,Grandes Superficies,Centro,Bogotá y Sabana,Bogotá,Hipermercado,FETA CUBOS CASA SIERRA 250G,0.25,UND,FETA,ESPECIALES,QUESOS MADURADOS,regular,CASA SIERRA,IMPORTADO,2025-09
C004,120103,2025-09-30,174,34.8,126.0,25.2,928440.0,22.0,4.4,200900.0,4165.0,4131.0,833.0,812.944,208.0,54.855999999999995,False,54.855999999999995,3.1733333333333333,95.2,17.286554621848737,2025-09-01,Descuento Ya,Hard Discount,Centro,Bogotá y Sabana,Bogotá,Discounter,QUESO CREMA CAMPOCLARO 200G,0.2,UND,CREMAS,UNTABLES,QUESOS FRESCOS,regular,CAMPOCLARO,NACIONAL,2025-09
C013,190102,2025-09-30,4,2.0,0.0,0.0,0.0,0.0,0.0,0.0,0.0,4.0,0.0,2.0,0.0,0.0,False,0.0,0.0,0.0,,2025-09-01,La Mesa Premium,Tiendas Especializadas,Occidente,,Cali,Especialidad,DUO FESTIVO QUESOS Y CARNES 500G,0.5,UND,MIXTO QUESOS-CARNES,TEMPORADA,QUESOS MADURADOS,temporada,MONTE AZUL,MAQUILA,2025-09
C003,900101,2025-09-30,53,4.24,0.0,0.0,0.0,3.0,0.24,30560.0,992.0,1014.0,79.36,79.555,31.0,4.0449999999999875,False,4.0449999999999875,0.31466666666666665,9.44,12.854872881355893,2025-09-01,MaxiCompra Caribe,Grandes Superficies,Caribe,Costa Norte,Barranquilla,Supermercado,SALAMI TAJADO CASA IBERIA 80G,0.08,UND,SALAMI,CHARCUTERIA,CARNES MADURADAS,regular,CASA IBERIA,IMPORTADO,2025-09
C003,110103,2025-09-30,72,10.8,0.0,0.0,0.0,6.0,0.9,88810.0,1167.0,1186.0,175.05,174.798,53.0,11.052000000000021,False,11.052000000000021,0.505,15.15,21.885148514851526,2025-09-01,MaxiCompra Caribe,Grandes Superficies,Caribe,Costa Norte,Barranquilla,Supermercado,MUENSTER TAJADO LOMA DORADA 150G,0.15,UND,MUENSTER,QUESOS TAJADOS PREMIUM,QUESOS MADURADOS,regular,LOMA DORADA,IMPORTADO,2025-09
C001,300102,2025-09-30,84,19.32,0.0,0.0,0.0,4.0,0.92,38980.0,1758.0,1737.0,389.16,387.246,105.0,21.234000000000037,False,21.234000000000037,1.3339999999999999,40.019999999999996,15.917541229385337,2025-09-01,HiperMax Nacional,Grandes Superficies,Centro,Bogotá y Sabana,Bogotá,Hipermercado,JAMON DE PAVO FINAS LONCHAS SIERRA CARNES 230G,0.23,UND,JAMON PAVO,LONCHAS,CARNES FRIAS,regular,SIERRA CARNES,NACIONAL,2025-09
C003,110115,2025-09-30,50,12.5,0.0,0.0,0.0,6.0,1.5,148740.0,1012.0,1001.0,253.0,247.29,61.0,18.210000000000008,False,18.210000000000008,0.8833333333333333,26.5,20.61509433962265,2025-09-01,MaxiCompra Caribe,Grandes Superficies,Caribe,Costa Norte,Barranquilla,Supermercado,FETA CUBOS CASA SIERRA 250G,0.25,UND,FETA,ESPECIALES,QUESOS MADURADOS,regular,CASA SIERRA,IMPORTADO,2025-09
C012,190103,2025-09-30,5,3.0,0.0,0.0,0.0,0.0,0.0,0.0,0.0,5.0,0.0,3.0,0.0,0.0,False,0.0,0.0,0.0,,2025-09-01,Delimarket Gourmet,Tiendas Especializadas,Centro,Bogotá y Sabana,Bogotá,Especialidad,RACLETTE CELEBRACION LOMA DORADA 600G,0.6,UND,MIXTO QUESOS,TEMPORADA,QUESOS MADURADOS,temporada,LOMA DORADA,IMPORTADO,2025-09
C006,110113,2025-09-30,95,23.75,0.0,0.0,0.0,7.0,1.75,101740.0,1602.0,1639.0,400.5,404.87,58.0,19.379999999999995,False,19.379999999999995,1.4666666666666666,44.0,13.213636363636361,2025-09-01,PuntoMenos Caribe,Hard Discount,Caribe,Costa Norte,Cartagena,Discounter,PARMESANO RALLADO ORO LECHE 250G,0.25,UND,TIPO PARMESANO,RALLADOS,QUESO PARMESANO,regular,ORO LECHE,MAQUILA,2025-09
C017,120101,2025-09-30,6,1.5,0.0,0.0,0.0,0.0,0.0,0.0,213.0,215.0,51.5,53.75,4.0,-0.75,True,0.0,0.26666666666666666,8.0,0.0,2025-09-01,RapiExpress,E-commerce,Centro,Bogotá y Sabana,Bogotá,Quick Commerce,MOZZARELLA TAJADA CAMPOCLARO 250G,0.25,UND,MOZZARELLA,QUESOS TAJADOS,QUESOS FRESCOS,regular,CAMPOCLARO,NACIONAL,2025-09
C001,120101,2025-09-30,269,67.25,0.0,0.0,0.0,22.0,5.5,220550.0,4430.0,4022.0,1107.5,996.03,677.0,178.72000000000003,False,178.72000000000003,3.3666666666666667,101.0,53.08514851485149,2025-09-01,HiperMax Nacional,Grandes Superficies,Centro,Bogotá y Sabana,Bogotá,Hipermercado,MOZZARELLA TAJADA CAMPOCLARO 250G,0.25,UND,MOZZARELLA,QUESOS TAJADOS,QUESOS FRESCOS,regular,CAMPOCLARO,NACIONAL,2025-09
C002,110101,2025-09-30,73,10.95,0.0,0.0,0.0,2.0,0.3,29290.0,1063.0,1099.0,160.08,158.7,37.0,12.330000000000013,False,12.330000000000013,0.645,19.35,19.11627906976746,2025-09-01,SuperAhorro,Grandes Superficies,Antioquia,Valle de Aburrá,Medellín,Supermercado,GOUDA AHUMADO TAJADO LOMA DORADA 150G,0.15,UND,GOUDA AHUMADO,QUESOS TAJADOS PREMIUM,QUESOS MADURADOS,regular,LOMA DORADA,IMPORTADO,2025-09
C001,110107,2025-09-30,61,7.625,0.0,0.0,0.0,8.0,1.0,103650.0,1325.0,1338.0,165.625,165.325,48.0,7.925000000000011,False,7.925000000000011,0.7708333333333334,23.125,10.281081081081096,2025-09-01,HiperMax Nacional,Grandes Superficies,Centro,Bogotá y Sabana,Bogotá,Hipermercado,CAMEMBERT CUÑA MONTE AZUL 125G,0.125,UND,CAMEMBERT,QUESOS BLANDOS,QUESOS MADURADOS,regular,MONTE AZUL,IMPORTADO,2025-09
C001,300101,2025-09-30,170,39.1,0.0,0.0,0.0,6.0,1.38,54120.0,2292.0,2400.0,484.771,546.9399999999999,62.0,-23.06899999999996,True,0.0,1.8936666666666668,56.81,0.0,2025-09-01,HiperMax Nacional,Grandes Superficies,Centro,Bogotá y Sabana,Bogotá,Hipermercado,JAMON DE CERDO FINAS LONCHAS SIERRA CARNES 230G,0.23,UND,JAMON CERDO,LONCHAS,CARNES FRIAS,regular,SIERRA CARNES,NACIONAL,2025-09
C017,900103,2025-09-30,3,0.24,0.0,0.0,0.0,1.0,0.08,11450.0,136.0,136.0,10.48,10.64,3.0,0.08000000000000007,False,0.08000000000000007,0.048,1.44,1.666666666666668,2025-09-01,RapiExpress,E-commerce,Centro,Bogotá y Sabana,Bogotá,Quick Commerce,JAMON SERRANO TAJADO CASA IBERIA 80G,0.08,UND,JAMON SERRANO,CHARCUTERIA,CARNES MADURADAS,regular,CASA IBERIA,IMPORTADO,2025-09
C002,130103,2025-09-30,124,35.712,0.0,0.0,0.0,8.0,2.304,66640.0,2116.0,2167.0,562.4639999999999,602.669,73.0,-4.493000000000052,True,0.0,2.3232,69.696,0.0,2025-09-01,SuperAhorro,Grandes Superficies,Antioquia,Valle de Aburrá,Medellín,Supermercado,LONCHAS AMERICANAS DELILAT 288G,0.288,UND,CHEDDAR ANALOGO,LONCHITAS,QUESOS ANALOGOS,regular,DELILAT,MAQUILA,2025-09
C014,190101,2025-09-30,23,9.2,0.0,0.0,0.0,0.0,0.0,0.0,0.0,9.0,0.0,3.6,14.0,5.6,False,5.6,0.05333333333333334,1.6,104.99999999999999,2025-09-01,Plaza Hogar,Grandes Superficies,Occidente,Valle del Cauca,Cali,Hipermercado,TABLA APERITIVO NAVIDEÑA MONTE AZUL 400G,0.4,UND,MIXTO QUESOS,TEMPORADA,QUESOS MADURADOS,temporada,MONTE AZUL,IMPORTADO,2025-09
C002,120103,2025-09-30,97,19.4,0.0,0.0,0.0,4.0,0.8,39760.0,1742.0,1731.0,319.2,342.4,108.0,-3.8000000000000114,True,0.0,1.2933333333333332,38.8,0.0,2025-09-01,SuperAhorro,Grandes Superficies,Antioquia,Valle de Aburrá,Medellín,Supermercado,QUESO CREMA CAMPOCLARO 200G,0.2,UND,CREMAS,UNTABLES,QUESOS FRESCOS,regular,CAMPOCLARO,NACIONAL,2025-09
C002,110103,2025-09-30,59,8.85,0.0,0.0,0.0,4.0,0.0,57770.0,1168.0,1188.0,175.2,176.166,39.0,7.883999999999986,False,7.883999999999986,0.6950000000000001,20.85,11.34388489208631,2025-09-01,SuperAhorro,Grandes Superficies,Antioquia,Valle de Aburrá,Medellín,Supermercado,MUENSTER TAJADO LOMA DORADA 150G,0.15,UND,MUENSTER,QUESOS TAJADOS PREMIUM,QUESOS MADURADOS,regular,LOMA DORADA,IMPORTADO,2025-09
C002,900101,2025-09-30,77,6.16,0.0,0.0,0.0,9.0,0.72,92920.0,1251.0,1254.0,100.08,97.795,74.0,8.444999999999993,False,8.444999999999993,0.41333333333333333,12.4,20.43145161290321,2025-09-01,SuperAhorro,Grandes Superficies,Antioquia,Valle de Aburrá,Medellín,Supermercado,SALAMI TAJADO CASA IBERIA 80G,0.08,UND,SALAMI,CHARCUTERIA,CARNES MADURADAS,regular,CASA IBERIA,IMPORTADO,2025-09
C016,190103,2025-09-30,18,10.8,0.0,0.0,0.0,0.0,0.0,0.0,0.0,8.0,0.0,4.8,10.0,6.000000000000001,False,6.000000000000001,0.02,0.6,300.00000000000006,2025-09-01,Canasta Familiar,Grandes Superficies,Santanderes,Bucaramanga Metropolitana,Bucaramanga,Supermercado,RACLETTE CELEBRACION LOMA DORADA 600G,0.6,UND,MIXTO QUESOS,TEMPORADA,QUESOS MADURADOS,temporada,LOMA DORADA,IMPORTADO,2025-09
C012,900101,2025-09-30,24,1.92,0.0,0.0,0.0,0.0,0.0,0.0,397.0,412.0,31.76,31.44,9.0,2.2399999999999984,False,2.2399999999999984,0.136,4.08,16.470588235294105,2025-09-01,Delimarket Gourmet,Tiendas Especializadas,Centro,Bogotá y Sabana,Bogotá,Especialidad,SALAMI TAJADO CASA IBERIA 80G,0.08,UND,SALAMI,CHARCUTERIA,CARNES MADURADAS,regular,CASA IBERIA,IMPORTADO,2025-09
C001,110101,2025-09-30,97,14.55,0.0,0.0,0.0,6.0,0.9,88880.0,1555.0,1592.0,223.8,235.554,60.0,2.7960000000000207,False,2.7960000000000207,0.9,27.0,3.1066666666666896,2025-09-01,HiperMax Nacional,Grandes Superficies,Centro,Bogotá y Sabana,Bogotá,Hipermercado,GOUDA AHUMADO TAJADO LOMA DORADA 150G,0.15,UND,GOUDA AHUMADO,QUESOS TAJADOS PREMIUM,QUESOS MADURADOS,regular,LOMA DORADA,IMPORTADO,2025-09
C004,110113,2025-09-30,145,36.25,108.0,27.0,1237600.0,11.0,2.75,159710.0,2707.0,2714.0,676.75,670.24,138.0,42.75999999999999,False,42.75999999999999,2.4916666666666667,74.75,17.161204013377922,2025-09-01,Descuento Ya,Hard Discount,Centro,Bogotá y Sabana,Bogotá,Discounter,PARMESANO RALLADO ORO LECHE 250G,0.25,UND,TIPO PARMESANO,RALLADOS,QUESO PARMESANO,regular,ORO LECHE,MAQUILA,2025-09
C018,110112,2025-09-30,136,13.6,133.0,13.3,669480.0,17.0,1.7,107010.0,3100.0,3079.0,301.5,303.384,157.0,11.716000000000008,False,11.716000000000008,1.1666666666666667,35.0,10.04228571428572,2025-09-01,Cadena Uno,Hard Discount,Occidente,Valle del Cauca,Cali,Discounter,PARMESANO RALLADO ORO LECHE 100G,0.1,UND,TIPO PARMESANO,RALLADOS,QUESO PARMESANO,regular,ORO LECHE,MAQUILA,2025-09
C005,120103,2025-09-30,132,26.4,0.0,0.0,0.0,9.0,1.8,83100.0,2984.0,3007.0,596.8,593.656,109.0,29.543999999999983,False,29.543999999999983,2.1333333333333333,64.0,13.848749999999992,2025-09-01,PrecioListo,Hard Discount,Antioquia,Valle de Aburrá,Medellín,Discounter,QUESO CREMA CAMPOCLARO 200G,0.2,UND,CREMAS,UNTABLES,QUESOS FRESCOS,regular,CAMPOCLARO,NACIONAL,2025-09
C017,120103,2025-09-30,6,1.2,0.0,0.0,0.0,1.0,0.2,10470.0,180.0,181.0,36.0,35.232,5.0,1.9680000000000035,False,1.9680000000000035,0.18000000000000002,5.4,10.933333333333351,2025-09-01,RapiExpress,E-commerce,Centro,Bogotá y Sabana,Bogotá,Quick Commerce,QUESO CREMA CAMPOCLARO 200G,0.2,UND,CREMAS,UNTABLES,QUESOS FRESCOS,regular,CAMPOCLARO,NACIONAL,2025-09
C014,110113,2025-09-30,68,17.0,0.0,0.0,0.0,5.0,1.25,78290.0,1190.0,1201.0,297.5,294.67,57.0,19.829999999999984,False,19.829999999999984,1.25,37.5,15.863999999999987,2025-09-01,Plaza Hogar,Grandes Superficies,Occidente,Valle del Cauca,Cali,Hipermercado,PARMESANO RALLADO ORO LECHE 250G,0.25,UND,TIPO PARMESANO,RALLADOS,QUESO PARMESANO,regular,ORO LECHE,MAQUILA,2025-09
C012,110102,2025-09-30,21,3.15,0.0,0.0,0.0,0.0,0.0,0.0,342.0,355.0,45.45,52.65,8.0,-4.049999999999997,True,0.0,0.185,5.55,0.0,2025-09-01,Delimarket Gourmet,Tiendas Especializadas,Centro,Bogotá y Sabana,Bogotá,Especialidad,HOLANDES TAJADO LOMA DORADA 150G,0.15,UND,HOLANDES,QUESOS TAJADOS PREMIUM,QUESOS MADURADOS,regular,LOMA DORADA,IMPORTADO,2025-09
C004,300101,2025-09-30,151,34.73,117.0,26.91,775470.0,12.0,2.76,98310.0,3341.0,3323.0,768.43,760.61,169.0,42.549999999999955,False,42.549999999999955,2.806,84.18,15.163934426229492,2025-09-01,Descuento Ya,Hard Discount,Centro,Bogotá y Sabana,Bogotá,Discounter,JAMON DE CERDO FINAS LONCHAS SIERRA CARNES 230G,0.23,UND,JAMON CERDO,LONCHAS,CARNES FRIAS,regular,SIERRA CARNES,NACIONAL,2025-09
C006,120101,2025-09-30,133,33.25,106.0,26.5,780950.0,11.0,2.75,103250.0,3159.0,3135.0,789.75,773.34,157.0,49.65999999999997,False,49.65999999999997,2.6,78.0,19.099999999999987,2025-09-01,PuntoMenos Caribe,Hard Discount,Caribe,Costa Norte,Cartagena,Discounter,MOZZARELLA TAJADA CAMPOCLARO 250G,0.25,UND,MOZZARELLA,QUESOS TAJADOS,QUESOS FRESCOS,regular,CAMPOCLARO,NACIONAL,2025-09
C003,300101,2025-09-30,69,15.87,0.0,0.0,0.0,7.0,1.61,62200.0,1535.0,1522.0,353.05,345.0,82.0,23.920000000000016,False,23.920000000000016,1.4183333333333332,42.55,16.864864864864877,2025-09-01,MaxiCompra Caribe,Grandes Superficies,Caribe,Costa Norte,Barranquilla,Supermercado,JAMON DE CERDO FINAS LONCHAS SIERRA CARNES 230G,0.23,UND,JAMON CERDO,LONCHAS,CARNES FRIAS,regular,SIERRA CARNES,NACIONAL,2025-09
C013,110109,2025-09-30,13,1.95,0.0,0.0,0.0,2.0,0.3,34110.0,255.0,265.0,38.25,39.138,3.0,1.0620000000000047,False,1.0620000000000047,0.19,5.7,5.589473684210551,2025-09-01,La Mesa Premium,Tiendas Especializadas,Occidente,,Cali,Especialidad,IBERICO CUÑA MONTE AZUL 150G,0.15,UND,IBERICO,CUÑAS PREMIUM,QUESOS MADURADOS,regular,MONTE AZUL,IMPORTADO,2025-09
C016,190102,2025-09-30,20,10.0,0.0,0.0,0.0,0.0,0.0,0.0,0.0,4.0,0.0,2.0,16.0,8.0,False,8.0,0.016666666666666666,0.5,480.0,2025-09-01,Canasta Familiar,Grandes Superficies,Santanderes,Bucaramanga Metropolitana,Bucaramanga,Supermercado,DUO FESTIVO QUESOS Y CARNES 500G,0.5,UND,MIXTO QUESOS-CARNES,TEMPORADA,QUESOS MADURADOS,temporada,MONTE AZUL,MAQUILA,2025-09
C016,110112,2025-09-30,136,13.6,0.0,0.0,0.0,12.0,1.2,81040.0,1883.0,1956.0,188.3,193.016,63.0,8.884000000000015,False,8.884000000000015,0.7900000000000001,23.700000000000003,11.24556962025318,2025-09-01,Canasta Familiar,Grandes Superficies,Santanderes,Bucaramanga Metropolitana,Bucaramanga,Supermercado,PARMESANO RALLADO ORO LECHE 100G,0.1,UND,TIPO PARMESANO,RALLADOS,QUESO PARMESANO,regular,ORO LECHE,MAQUILA,2025-09
C015,120101,2025-09-30,35,8.75,0.0,0.0,0.0,1.0,0.25,9860.0,524.0,547.0,126.25,133.44,12.0,1.5600000000000023,False,1.5600000000000023,0.45,13.5,3.4666666666666717,2025-09-01,Abarrotes Norte,Tradicional Modernizado,Caribe,Costa Norte,Barranquilla,Supermercado Regional,MOZZARELLA TAJADA CAMPOCLARO 250G,0.25,UND,MOZZARELLA,QUESOS TAJADOS,QUESOS FRESCOS,regular,CAMPOCLARO,NACIONAL,2025-09
C002,300102,2025-09-30,97,22.31,0.0,0.0,0.0,2.0,0.46,19460.0,1363.0,1412.0,313.49,322.0,48.0,13.800000000000011,False,13.800000000000011,1.219,36.57,11.32075471698114,2025-09-01,SuperAhorro,Grandes Superficies,Antioquia,Valle de Aburrá,Medellín,Supermercado,JAMON DE PAVO FINAS LONCHAS SIERRA CARNES 230G,0.23,UND,JAMON PAVO,LONCHAS,CARNES FRIAS,regular,SIERRA CARNES,NACIONAL,2025-09
C014,190103,2025-09-30,16,9.6,0.0,0.0,0.0,0.0,0.0,0.0,0.0,4.0,0.0,2.4,12.0,7.199999999999999,False,7.199999999999999,0.02,0.6,359.99999999999994,2025-09-01,Plaza Hogar,Grandes Superficies,Occidente,Valle del Cauca,Cali,Hipermercado,RACLETTE CELEBRACION LOMA DORADA 600G,0.6,UND,MIXTO QUESOS,TEMPORADA,QUESOS MADURADOS,temporada,LOMA DORADA,IMPORTADO,2025-09
C013,900102,2025-09-30,19,1.52,0.0,0.0,0.0,2.0,0.16,21040.0,309.0,309.0,23.2,24.333,19.0,0.38700000000000045,False,0.38700000000000045,0.10933333333333332,3.28,3.539634146341468,2025-09-01,La Mesa Premium,Tiendas Especializadas,Occidente,,Cali,Especialidad,PEPPERONI TAJADO CASA IBERIA 80G,0.08,UND,PEPPERONI,CHARCUTERIA,CARNES MADURADAS,regular,CASA IBERIA,IMPORTADO,2025-09
C018,300102,2025-09-30,96,22.08,0.0,0.0,0.0,7.0,1.61,59310.0,2131.0,2153.0,490.13,489.652,74.0,22.55800000000005,False,22.55800000000005,1.6636666666666666,49.91,13.559206571829323,2025-09-01,Cadena Uno,Hard Discount,Occidente,Valle del Cauca,Cali,Discounter,JAMON DE PAVO FINAS LONCHAS SIERRA CARNES 230G,0.23,UND,JAMON PAVO,LONCHAS,CARNES FRIAS,regular,SIERRA CARNES,NACIONAL,2025-09
C015,300101,2025-09-30,15,3.45,0.0,0.0,0.0,2.0,0.46,17160.0,338.0,336.0,77.464,76.342,17.0,4.572000000000003,False,4.572000000000003,0.30666666666666664,9.2,14.908695652173924,2025-09-01,Abarrotes Norte,Tradicional Modernizado,Caribe,Costa Norte,Barranquilla,Supermercado Regional,JAMON DE CERDO FINAS LONCHAS SIERRA CARNES 230G,0.23,UND,JAMON CERDO,LONCHAS,CARNES FRIAS,regular,SIERRA CARNES,NACIONAL,2025-09
C014,110103,2025-09-30,64,9.6,0.0,0.0,0.0,4.0,0.6,59350.0,1287.0,1309.0,193.05,193.65,42.0,9.0,False,9.0,0.7550000000000001,22.650000000000002,11.920529801324502,2025-09-01,Plaza Hogar,Grandes Superficies,Occidente,Valle del Cauca,Cali,Hipermercado,MUENSTER TAJADO LOMA DORADA 150G,0.15,UND,MUENSTER,QUESOS TAJADOS PREMIUM,QUESOS MADURADOS,regular,LOMA DORADA,IMPORTADO,2025-09
C005,120104,2025-09-30,145,29.0,112.0,22.4,651790.0,10.0,2.0,72010.0,3020.0,3016.0,604.0,594.0,149.0,39.0,False,39.0,2.1533333333333333,64.6,18.111455108359134,2025-09-01,PrecioListo,Hard Discount,Antioquia,Valle de Aburrá,Medellín,Discounter,MOZZARELLA LIGHT CAMPOCLARO 200G,0.2,UND,MOZZARELLA,QUESOS TAJADOS,QUESOS FRESCOS,regular,CAMPOCLARO,NACIONAL,2025-09
C016,300101,2025-09-30,88,20.24,0.0,0.0,0.0,4.0,0.92,35790.0,1291.0,1303.0,284.97,296.599,76.0,8.611000000000047,False,8.611000000000047,0.9583333333333334,28.75,8.985391304347875,2025-09-01,Canasta Familiar,Grandes Superficies,Santanderes,Bucaramanga Metropolitana,Bucaramanga,Supermercado,JAMON DE CERDO FINAS LONCHAS SIERRA CARNES 230G,0.23,UND,JAMON CERDO,LONCHAS,CARNES FRIAS,regular,SIERRA CARNES,NACIONAL,2025-09
C014,110110,2025-09-30,33,11.88,0.0,0.0,0.0,4.0,1.44,133400.0,554.0,555.0,199.44,197.28,32.0,14.039999999999992,False,14.039999999999992,0.66,19.8,21.27272727272726,2025-09-01,Plaza Hogar,Grandes Superficies,Occidente,Valle del Cauca,Cali,Hipermercado,MIX QUESOS PREMIUM MONTE AZUL 360G,0.36,UND,MIXTO QUESOS,MEZCLAS PREMIUM,QUESOS MADURADOS,regular,MONTE AZUL,IMPORTADO,2025-09
C003,190103,2025-09-30,19,11.4,0.0,0.0,0.0,0.0,0.0,0.0,0.0,3.0,0.0,1.7999999999999998,16.0,9.600000000000001,False,9.600000000000001,0.0,0.0,,2025-09-01,MaxiCompra Caribe,Grandes Superficies,Caribe,Costa Norte,Barranquilla,Supermercado,RACLETTE CELEBRACION LOMA DORADA 600G,0.6,UND,MIXTO QUESOS,TEMPORADA,QUESOS MADURADOS,temporada,LOMA DORADA,IMPORTADO,2025-09
C017,110113,2025-09-30,3,0.75,0.0,0.0,0.0,1.0,0.25,16210.0,144.0,143.0,35.925,34.48,4.0,2.1950000000000003,False,2.1950000000000003,0.125,3.75,17.560000000000002,2025-09-01,RapiExpress,E-commerce,Centro,Bogotá y Sabana,Bogotá,Quick Commerce,PARMESANO RALLADO ORO LECHE 250G,0.25,UND,TIPO PARMESANO,RALLADOS,QUESO PARMESANO,regular,ORO LECHE,MAQUILA,2025-09
C016,110113,2025-09-30,46,11.5,0.0,0.0,0.0,1.0,0.25,15300.0,944.0,945.0,225.75,232.86,45.0,4.389999999999986,False,4.389999999999986,0.9166666666666666,27.5,4.789090909090894,2025-09-01,Canasta Familiar,Grandes Superficies,Santanderes,Bucaramanga Metropolitana,Bucaramanga,Supermercado,PARMESANO RALLADO ORO LECHE 250G,0.25,UND,TIPO PARMESANO,RALLADOS,QUESO PARMESANO,regular,ORO LECHE,MAQUILA,2025-09
C012,900102,2025-09-30,24,1.92,0.0,0.0,0.0,1.0,0.08,10580.0,334.0,339.0,26.72,26.96,19.0,1.6799999999999997,False,1.6799999999999997,0.08,2.4,20.999999999999996,2025-09-01,Delimarket Gourmet,Tiendas Especializadas,Centro,Bogotá y Sabana,Bogotá,Especialidad,PEPPERONI TAJADO CASA IBERIA 80G,0.08,UND,PEPPERONI,CHARCUTERIA,CARNES MADURADAS,regular,CASA IBERIA,IMPORTADO,2025-09
C003,110101,2025-09-30,51,7.65,0.0,0.0,0.0,5.0,0.75,72430.0,1062.0,1078.0,152.85,161.712,35.0,-1.211999999999989,True,0.0,0.64,19.2,0.0,2025-09-01,MaxiCompra Caribe,Grandes Superficies,Caribe,Costa Norte,Barranquilla,Supermercado,GOUDA AHUMADO TAJADO LOMA DORADA 150G,0.15,UND,GOUDA AHUMADO,QUESOS TAJADOS PREMIUM,QUESOS MADURADOS,regular,LOMA DORADA,IMPORTADO,2025-09
C014,110101,2025-09-30,70,10.5,0.0,0.0,0.0,7.0,1.05,102690.0,1240.0,1260.0,178.65,186.9,50.0,2.25,False,2.25,0.81,24.3,2.7777777777777777,2025-09-01,Plaza Hogar,Grandes Superficies,Occidente,Valle del Cauca,Cali,Hipermercado,GOUDA AHUMADO TAJADO LOMA DORADA 150G,0.15,UND,GOUDA AHUMADO,QUESOS TAJADOS PREMIUM,QUESOS MADURADOS,regular,LOMA DORADA,IMPORTADO,2025-09
C002,110115,2025-09-30,68,17.0,0.0,0.0,0.0,2.0,0.5,49720.0,1115.0,1132.0,278.75,273.62,51.0,22.129999999999995,False,22.129999999999995,1.1,33.0,20.118181818181814,2025-09-01,SuperAhorro,Grandes Superficies,Antioquia,Valle de Aburrá,Medellín,Supermercado,FETA CUBOS CASA SIERRA 250G,0.25,UND,FETA,ESPECIALES,QUESOS MADURADOS,regular,CASA SIERRA,IMPORTADO,2025-09
C001,110106,2025-09-30,71,8.875,0.0,0.0,0.0,9.0,1.125,115340.0,1338.0,1333.0,167.25,164.75,76.0,11.375,False,11.375,0.6833333333333333,20.5,16.646341463414632,2025-09-01,HiperMax Nacional,Grandes Superficies,Centro,Bogotá y Sabana,Bogotá,Hipermercado,BRIE CUÑA MONTE AZUL 125G,0.125,UND,BRIE,QUESOS BLANDOS,QUESOS MADURADOS,regular,MONTE AZUL,IMPORTADO,2025-09
C014,110106,2025-09-30,51,6.375,0.0,0.0,0.0,10.0,1.25,129060.0,946.0,959.0,118.25,118.53,38.0,6.094999999999999,False,6.094999999999999,0.475,14.25,12.831578947368419,2025-09-01,Plaza Hogar,Grandes Superficies,Occidente,Valle del Cauca,Cali,Hipermercado,BRIE CUÑA MONTE AZUL 125G,0.125,UND,BRIE,QUESOS BLANDOS,QUESOS MADURADOS,regular,MONTE AZUL,IMPORTADO,2025-09
C018,300101,2025-09-30,111,25.53,100.0,23.0,644040.0,6.0,1.38,48230.0,2624.0,2604.0,603.52,591.661,131.0,37.38900000000001,False,37.38900000000001,2.1926666666666668,65.78,17.051839464882946,2025-09-01,Cadena Uno,Hard Discount,Occidente,Valle del Cauca,Cali,Discounter,JAMON DE CERDO FINAS LONCHAS SIERRA CARNES 230G,0.23,UND,JAMON CERDO,LONCHAS,CARNES FRIAS,regular,SIERRA CARNES,NACIONAL,2025-09
C003,110114,2025-09-30,60,15.0,0.0,0.0,0.0,4.0,1.0,96010.0,1011.0,1029.0,252.75,253.44,42.0,14.310000000000002,False,14.310000000000002,1.0,30.0,14.310000000000002,2025-09-01,MaxiCompra Caribe,Grandes Superficies,Caribe,Costa Norte,Barranquilla,Supermercado,GOUDA NATURAL CUÑA LOMA DORADA 250G,0.25,UND,GOUDA NATURAL,CUÑAS,QUESOS MADURADOS,regular,LOMA DORADA,IMPORTADO,2025-09
C002,110102,2025-09-30,77,11.55,0.0,0.0,0.0,2.0,0.3,29240.0,1153.0,1177.0,172.95,173.55,53.0,10.949999999999989,False,10.949999999999989,0.7,21.0,15.642857142857128,2025-09-01,SuperAhorro,Grandes Superficies,Antioquia,Valle de Aburrá,Medellín,Supermercado,HOLANDES TAJADO LOMA DORADA 150G,0.15,UND,HOLANDES,QUESOS TAJADOS PREMIUM,QUESOS MADURADOS,regular,LOMA DORADA,IMPORTADO,2025-09
C004,110112,2025-09-30,222,22.2,0.0,0.0,0.0,18.0,1.8,115580.0,5068.0,5108.0,506.8,504.172,182.0,24.827999999999975,False,24.827999999999975,1.8866666666666667,56.6,13.159717314487619,2025-09-01,Descuento Ya,Hard Discount,Centro,Bogotá y Sabana,Bogotá,Discounter,PARMESANO RALLADO ORO LECHE 100G,0.1,UND,TIPO PARMESANO,RALLADOS,QUESO PARMESANO,regular,ORO LECHE,MAQUILA,2025-09
C017,130101,2025-09-30,6,0.9,0.0,0.0,0.0,0.0,0.0,0.0,205.0,205.0,30.75,30.726,6.0,0.9239999999999995,False,0.9239999999999995,0.115,3.45,8.034782608695647,2025-09-01,RapiExpress,E-commerce,Centro,Bogotá y Sabana,Bogotá,Quick Commerce,CHEDDAR ESTILO AMERICANO DELILAT 150G,0.15,UND,CHEDDAR ANALOGO,LONCHAS,QUESOS ANALOGOS,regular,DELILAT,MAQUILA,2025-09
C003,120103,2025-09-30,88,17.6,0.0,0.0,0.0,5.0,1.0,49450.0,1320.0,1361.0,264.0,269.0,47.0,12.600000000000023,False,12.600000000000023,0.9,27.0,14.000000000000025,2025-09-01,MaxiCompra Caribe,Grandes Superficies,Caribe,Costa Norte,Barranquilla,Supermercado,QUESO CREMA CAMPOCLARO 200G,0.2,UND,CREMAS,UNTABLES,QUESOS FRESCOS,regular,CAMPOCLARO,NACIONAL,2025-09
C003,120104,2025-09-30,86,17.2,0.0,0.0,0.0,4.0,0.8,32230.0,1291.0,1297.0,248.6,256.544,80.0,9.256000000000029,False,9.256000000000029,0.98,29.4,9.444897959183702,2025-09-01,MaxiCompra Caribe,Grandes Superficies,Caribe,Costa Norte,Barranquilla,Supermercado,MOZZARELLA LIGHT CAMPOCLARO 200G,0.2,UND,MOZZARELLA,QUESOS TAJADOS,QUESOS FRESCOS,regular,CAMPOCLARO,NACIONAL,2025-09
C002,120104,2025-09-30,82,16.4,0.0,0.0,0.0,4.0,0.8,33020.0,1569.0,1577.0,313.8,312.904,74.0,17.295999999999992,False,17.295999999999992,1.1933333333333331,35.8,14.493854748603347,2025-09-01,SuperAhorro,Grandes Superficies,Antioquia,Valle de Aburrá,Medellín,Supermercado,MOZZARELLA LIGHT CAMPOCLARO 200G,0.2,UND,MOZZARELLA,QUESOS TAJADOS,QUESOS FRESCOS,regular,CAMPOCLARO,NACIONAL,2025-09
C001,190103,2025-09-30,29,17.4,0.0,0.0,0.0,0.0,0.0,0.0,0.0,5.0,0.0,3.0,24.0,14.399999999999999,False,14.399999999999999,0.04,1.2,359.99999999999994,2025-09-01,HiperMax Nacional,Grandes Superficies,Centro,Bogotá y Sabana,Bogotá,Hipermercado,RACLETTE CELEBRACION LOMA DORADA 600G,0.6,UND,MIXTO QUESOS,TEMPORADA,QUESOS MADURADOS,temporada,LOMA DORADA,IMPORTADO,2025-09
C012,110101,2025-09-30,18,2.7,0.0,0.0,0.0,0.0,0.0,0.0,305.0,323.0,45.75,46.938,0.0,1.5120000000000005,False,1.5120000000000005,0.21,6.3,7.200000000000003,2025-09-01,Delimarket Gourmet,Tiendas Especializadas,Centro,Bogotá y Sabana,Bogotá,Especialidad,GOUDA AHUMADO TAJADO LOMA DORADA 150G,0.15,UND,GOUDA AHUMADO,QUESOS TAJADOS PREMIUM,QUESOS MADURADOS,regular,LOMA DORADA,IMPORTADO,2025-09
C014,130101,2025-09-30,100,15.0,0.0,0.0,0.0,5.0,0.75,27860.0,2107.0,2072.0,316.05,310.8,135.0,20.25,False,20.25,1.005,30.15,20.149253731343286,2025-09-01,Plaza Hogar,Grandes Superficies,Occidente,Valle del Cauca,Cali,Hipermercado,CHEDDAR ESTILO AMERICANO DELILAT 150G,0.15,UND,CHEDDAR ANALOGO,LONCHAS,QUESOS ANALOGOS,regular,DELILAT,MAQUILA,2025-09
C004,120101,2025-09-30,269,67.25,0.0,0.0,0.0,14.0,3.5,127030.0,5207.0,5347.0,1301.75,1316.44,129.0,52.559999999999945,False,52.559999999999945,5.0,150.0,10.51199999999999,2025-09-01,Descuento Ya,Hard Discount,Centro,Bogotá y Sabana,Bogotá,Discounter,MOZZARELLA TAJADA CAMPOCLARO 250G,0.25,UND,MOZZARELLA,QUESOS TAJADOS,QUESOS FRESCOS,regular,CAMPOCLARO,NACIONAL,2025-09
C012,110105,2025-09-30,18,2.7,0.0,0.0,0.0,1.0,0.15,15770.0,287.0,289.0,40.65,42.762,16.0,0.588000000000001,False,0.588000000000001,0.175,5.25,3.3600000000000056,2025-09-01,Delimarket Gourmet,Tiendas Especializadas,Centro,Bogotá y Sabana,Bogotá,Especialidad,PROVOLONE TAJADO LOMA DORADA 150G,0.15,UND,PROVOLONE,QUESOS TAJADOS PREMIUM,QUESOS MADURADOS,regular,LOMA DORADA,IMPORTADO,2025-09
C014,120101,2025-09-30,115,28.75,0.0,0.0,0.0,9.0,2.25,91300.0,2430.0,2461.0,583.5,610.88,84.0,1.3700000000000045,False,1.3700000000000045,2.025,60.75,0.6765432098765455,2025-09-01,Plaza Hogar,Grandes Superficies,Occidente,Valle del Cauca,Cali,Hipermercado,MOZZARELLA TAJADA CAMPOCLARO 250G,0.25,UND,MOZZARELLA,QUESOS TAJADOS,QUESOS FRESCOS,regular,CAMPOCLARO,NACIONAL,2025-09
C013,110108,2025-09-30,15,2.25,0.0,0.0,0.0,1.0,0.15,16810.0,259.0,266.0,38.85,38.862,8.0,2.2379999999999995,False,2.2379999999999995,0.16999999999999998,5.1,13.16470588235294,2025-09-01,La Mesa Premium,Tiendas Especializadas,Occidente,,Cali,Especialidad,MANCHEGO CUÑA MONTE AZUL 150G,0.15,UND,MANCHEGO,CUÑAS PREMIUM,QUESOS MADURADOS,regular,MONTE AZUL,IMPORTADO,2025-09
C012,190102,2025-09-30,7,3.5,0.0,0.0,0.0,0.0,0.0,0.0,0.0,5.0,0.0,2.5,2.0,1.0,False,1.0,0.03333333333333333,1.0,30.0,2025-09-01,Delimarket Gourmet,Tiendas Especializadas,Centro,Bogotá y Sabana,Bogotá,Especialidad,DUO FESTIVO QUESOS Y CARNES 500G,0.5,UND,MIXTO QUESOS-CARNES,TEMPORADA,QUESOS MADURADOS,temporada,MONTE AZUL,MAQUILA,2025-09
C001,120103,2025-09-30,113,22.6,0.0,0.0,0.0,12.0,2.4,120460.0,2074.0,2089.0,395.6,410.512,98.0,7.688000000000045,False,7.688000000000045,1.6066666666666667,48.2,4.785062240663929,2025-09-01,HiperMax Nacional,Grandes Superficies,Centro,Bogotá y Sabana,Bogotá,Hipermercado,QUESO CREMA CAMPOCLARO 200G,0.2,UND,CREMAS,UNTABLES,QUESOS FRESCOS,regular,CAMPOCLARO,NACIONAL,2025-09
C003,300102,2025-09-30,79,18.17,0.0,0.0,0.0,3.0,0.69,28830.0,1208.0,1234.0,266.34,279.21999999999997,53.0,5.2900000000000205,False,5.2900000000000205,0.8356666666666667,25.07,6.330275229357823,2025-09-01,MaxiCompra Caribe,Grandes Superficies,Caribe,Costa Norte,Barranquilla,Supermercado,JAMON DE PAVO FINAS LONCHAS SIERRA CARNES 230G,0.23,UND,JAMON PAVO,LONCHAS,CARNES FRIAS,regular,SIERRA CARNES,NACIONAL,2025-09
C014,900102,2025-09-30,76,6.08,0.0,0.0,0.0,6.0,0.48,58240.0,1160.0,1204.0,89.03999999999999,94.179,32.0,0.9409999999999883,False,0.9409999999999883,0.36,10.799999999999999,2.6138888888888565,2025-09-01,Plaza Hogar,Grandes Superficies,Occidente,Valle del Cauca,Cali,Hipermercado,PEPPERONI TAJADO CASA IBERIA 80G,0.08,UND,PEPPERONI,CHARCUTERIA,CARNES MADURADAS,regular,CASA IBERIA,IMPORTADO,2025-09
C015,900101,2025-09-30,15,1.2,0.0,0.0,0.0,2.0,0.16,19390.0,280.0,285.0,22.4,22.566,10.0,1.033999999999999,False,1.033999999999999,0.07733333333333334,2.3200000000000003,13.370689655172399,2025-09-01,Abarrotes Norte,Tradicional Modernizado,Caribe,Costa Norte,Barranquilla,Supermercado Regional,SALAMI TAJADO CASA IBERIA 80G,0.08,UND,SALAMI,CHARCUTERIA,CARNES MADURADAS,regular,CASA IBERIA,IMPORTADO,2025-09
C018,110113,2025-09-30,114,28.5,0.0,0.0,0.0,7.0,1.75,99270.0,2049.0,2090.0,512.25,514.99,73.0,25.75999999999999,False,25.75999999999999,1.9416666666666667,58.25,13.266952789699566,2025-09-01,Cadena Uno,Hard Discount,Occidente,Valle del Cauca,Cali,Discounter,PARMESANO RALLADO ORO LECHE 250G,0.25,UND,TIPO PARMESANO,RALLADOS,QUESO PARMESANO,regular,ORO LECHE,MAQUILA,2025-09
C003,110110,2025-09-30,39,14.04,0.0,0.0,0.0,3.0,1.08,102690.0,555.0,572.0,199.8,204.782,22.0,9.057999999999993,False,9.057999999999993,0.768,23.04,11.794270833333323,2025-09-01,MaxiCompra Caribe,Grandes Superficies,Caribe,Costa Norte,Barranquilla,Supermercado,MIX QUESOS PREMIUM MONTE AZUL 360G,0.36,UND,MIXTO QUESOS,MEZCLAS PREMIUM,QUESOS MADURADOS,regular,MONTE AZUL,IMPORTADO,2025-09
C016,190101,2025-09-30,16,6.4,0.0,0.0,0.0,0.0,0.0,0.0,0.0,5.0,0.0,2.0,11.0,4.4,False,4.4,0.0,0.0,,2025-09-01,Canasta Familiar,Grandes Superficies,Santanderes,Bucaramanga Metropolitana,Bucaramanga,Supermercado,TABLA APERITIVO NAVIDEÑA MONTE AZUL 400G,0.4,UND,MIXTO QUESOS,TEMPORADA,QUESOS MADURADOS,temporada,MONTE AZUL,IMPORTADO,2025-09
C016,110103,2025-09-30,45,6.75,0.0,0.0,0.0,3.0,0.45,43790.0,884.0,903.0,127.5,134.568,26.0,-0.31800000000001205,True,0.0,0.5700000000000001,17.1,0.0,2025-09-01,Canasta Familiar,Grandes Superficies,Santanderes,Bucaramanga Metropolitana,Bucaramanga,Supermercado,MUENSTER TAJADO LOMA DORADA 150G,0.15,UND,MUENSTER,QUESOS TAJADOS PREMIUM,QUESOS MADURADOS,regular,LOMA DORADA,IMPORTADO,2025-09
C014,900104,2025-09-30,74,5.92,0.0,0.0,0.0,5.0,0.4,47030.0,1246.0,1265.0,99.176,98.95700000000001,55.0,6.138999999999996,False,6.138999999999996,0.38400000000000006,11.520000000000001,15.986979166666654,2025-09-01,Plaza Hogar,Grandes Superficies,Occidente,Valle del Cauca,Cali,Hipermercado,CHORIZO TAJADO CASA IBERIA 80G,0.08,UND,CHORIZO,CHARCUTERIA,CARNES MADURADAS,regular,CASA IBERIA,IMPORTADO,2025-09
C016,110101,2025-09-30,52,7.8,0.0,0.0,0.0,2.0,0.3,29390.0,838.0,854.0,125.7,126.24,36.0,7.260000000000005,False,7.260000000000005,0.46,13.8,15.782608695652184,2025-09-01,Canasta Familiar,Grandes Superficies,Santanderes,Bucaramanga Metropolitana,Bucaramanga,Supermercado,GOUDA AHUMADO TAJADO LOMA DORADA 150G,0.15,UND,GOUDA AHUMADO,QUESOS TAJADOS PREMIUM,QUESOS MADURADOS,regular,LOMA DORADA,IMPORTADO,2025-09
C012,110107,2025-09-30,16,2.0,0.0,0.0,0.0,1.0,0.125,14340.0,288.0,290.0,36.0,35.875,14.0,2.125,False,2.125,0.14166666666666666,4.25,15.0,2025-09-01,Delimarket Gourmet,Tiendas Especializadas,Centro,Bogotá y Sabana,Bogotá,Especialidad,CAMEMBERT CUÑA MONTE AZUL 125G,0.125,UND,CAMEMBERT,QUESOS BLANDOS,QUESOS MADURADOS,regular,MONTE AZUL,IMPORTADO,2025-09
C006,300101,2025-09-30,100,23.0,49.0,11.27,317360.0,5.0,1.15,41650.0,1837.0,1847.0,422.51,413.061,90.0,32.44900000000001,False,32.44900000000001,1.4106666666666667,42.32,23.00259924385634,2025-09-01,PuntoMenos Caribe,Hard Discount,Caribe,Costa Norte,Cartagena,Discounter,JAMON DE CERDO FINAS LONCHAS SIERRA CARNES 230G,0.23,UND,JAMON CERDO,LONCHAS,CARNES FRIAS,regular,SIERRA CARNES,NACIONAL,2025-09
C003,120101,2025-09-30,113,28.25,0.0,0.0,0.0,10.0,2.5,100310.0,1654.0,1703.0,393.5,417.97,64.0,3.7799999999999727,False,3.7799999999999727,1.4333333333333333,43.0,2.6372093023255623,2025-09-01,MaxiCompra Caribe,Grandes Superficies,Caribe,Costa Norte,Barranquilla,Supermercado,MOZZARELLA TAJADA CAMPOCLARO 250G,0.25,UND,MOZZARELLA,QUESOS TAJADOS,QUESOS FRESCOS,regular,CAMPOCLARO,NACIONAL,2025-09
C002,110112,2025-09-30,158,15.8,0.0,0.0,0.0,11.0,1.1,77610.0,2360.0,2401.0,236.0,239.0,117.0,12.800000000000011,False,12.800000000000011,0.9033333333333334,27.1,14.169741697416985,2025-09-01,SuperAhorro,Grandes Superficies,Antioquia,Valle de Aburrá,Medellín,Supermercado,PARMESANO RALLADO ORO LECHE 100G,0.1,UND,TIPO PARMESANO,RALLADOS,QUESO PARMESANO,regular,ORO LECHE,MAQUILA,2025-09
C005,300101,2025-09-30,108,24.84,0.0,0.0,0.0,7.0,1.61,58570.0,2857.0,2857.0,657.11,641.397,108.0,40.553,False,40.553,2.353666666666667,70.61,17.22971250531086,2025-09-01,PrecioListo,Hard Discount,Antioquia,Valle de Aburrá,Medellín,Discounter,JAMON DE CERDO FINAS LONCHAS SIERRA CARNES 230G,0.23,UND,JAMON CERDO,LONCHAS,CARNES FRIAS,regular,SIERRA CARNES,NACIONAL,2025-09
C003,900102,2025-09-30,85,6.8,0.0,0.0,0.0,8.0,0.64,79610.0,1264.0,1294.0,96.8,102.48,55.0,1.1199999999999903,False,1.1199999999999903,0.3973333333333333,11.92,2.818791946308701,2025-09-01,MaxiCompra Caribe,Grandes Superficies,Caribe,Costa Norte,Barranquilla,Supermercado,PEPPERONI TAJADO CASA IBERIA 80G,0.08,UND,PEPPERONI,CHARCUTERIA,CARNES MADURADAS,regular,CASA IBERIA,IMPORTADO,2025-09
C012,110108,2025-09-30,16,2.4,0.0,0.0,0.0,0.0,0.0,0.0,268.0,273.0,40.2,40.65,11.0,1.9500000000000028,False,1.9500000000000028,0.18,5.3999999999999995,10.83333333333335,2025-09-01,Delimarket Gourmet,Tiendas Especializadas,Centro,Bogotá y Sabana,Bogotá,Especialidad,MANCHEGO CUÑA MONTE AZUL 150G,0.15,UND,MANCHEGO,CUÑAS PREMIUM,QUESOS MADURADOS,regular,MONTE AZUL,IMPORTADO,2025-09
C013,110110,2025-09-30,10,3.6,0.0,0.0,0.0,0.0,0.0,0.0,130.0,133.0,45.0,46.022,7.0,2.578000000000003,False,2.578000000000003,0.204,6.119999999999999,12.6372549019608,2025-09-01,La Mesa Premium,Tiendas Especializadas,Occidente,,Cali,Especialidad,MIX QUESOS PREMIUM MONTE AZUL 360G,0.36,UND,MIXTO QUESOS,MEZCLAS PREMIUM,QUESOS MADURADOS,regular,MONTE AZUL,IMPORTADO,2025-09
C003,130103,2025-09-30,87,25.056,0.0,0.0,0.0,7.0,2.016,58310.0,1854.0,1828.0,517.536,520.566,113.0,22.025999999999954,False,22.025999999999954,1.8912,56.736,11.646573604060888,2025-09-01,MaxiCompra Caribe,Grandes Superficies,Caribe,Costa Norte,Barranquilla,Supermercado,LONCHAS AMERICANAS DELILAT 288G,0.288,UND,CHEDDAR ANALOGO,LONCHITAS,QUESOS ANALOGOS,regular,DELILAT,MAQUILA,2025-09
C013,110105,2025-09-30,17,2.55,0.0,0.0,0.0,2.0,0.3,32100.0,196.0,202.0,27.75,30.288,11.0,0.012000000000000455,False,0.012000000000000455,0.11999999999999998,3.5999999999999996,0.10000000000000381,2025-09-01,La Mesa Premium,Tiendas Especializadas,Occidente,,Cali,Especialidad,PROVOLONE TAJADO LOMA DORADA 150G,0.15,UND,PROVOLONE,QUESOS TAJADOS PREMIUM,QUESOS MADURADOS,regular,LOMA DORADA,IMPORTADO,2025-09
C012,110114,2025-09-30,20,5.0,0.0,0.0,0.0,1.0,0.25,26720.0,259.0,274.0,64.75,67.06,5.0,2.6899999999999977,False,2.6899999999999977,0.24166666666666667,7.25,11.131034482758611,2025-09-01,Delimarket Gourmet,Tiendas Especializadas,Centro,Bogotá y Sabana,Bogotá,Especialidad,GOUDA NATURAL CUÑA LOMA DORADA 250G,0.25,UND,GOUDA NATURAL,CUÑAS,QUESOS MADURADOS,regular,LOMA DORADA,IMPORTADO,2025-09
C001,110113,2025-09-30,116,29.0,0.0,0.0,0.0,3.0,0.75,46200.0,1735.0,1737.0,416.0,426.25,114.0,18.75,False,18.75,1.5083333333333333,45.25,12.430939226519337,2025-09-01,HiperMax Nacional,Grandes Superficies,Centro,Bogotá y Sabana,Bogotá,Hipermercado,PARMESANO RALLADO ORO LECHE 250G,0.25,UND,TIPO PARMESANO,RALLADOS,QUESO PARMESANO,regular,ORO LECHE,MAQUILA,2025-09
C005,110112,2025-09-30,205,20.5,126.0,12.6,616720.0,24.0,2.4,146990.0,3916.0,3921.0,391.6,389.62,200.0,22.480000000000018,False,22.480000000000018,1.6133333333333333,48.4,13.933884297520672,2025-09-01,PrecioListo,Hard Discount,Antioquia,Valle de Aburrá,Medellín,Discounter,PARMESANO RALLADO ORO LECHE 100G,0.1,UND,TIPO PARMESANO,RALLADOS,QUESO PARMESANO,regular,ORO LECHE,MAQUILA,2025-09
C001,110112,2025-09-30,239,23.9,0.0,0.0,0.0,9.0,0.9,63280.0,3351.0,3477.0,320.0,344.924,113.0,-1.024000000000001,True,0.0,1.3666666666666667,41.0,0.0,2025-09-01,HiperMax Nacional,Grandes Superficies,Centro,Bogotá y Sabana,Bogotá,Hipermercado,PARMESANO RALLADO ORO LECHE 100G,0.1,UND,TIPO PARMESANO,RALLADOS,QUESO PARMESANO,regular,ORO LECHE,MAQUILA,2025-09
C014,110104,2025-09-30,57,8.55,0.0,0.0,0.0,10.0,1.5,149080.0,1222.0,1235.0,183.3,180.888,44.0,10.962000000000018,False,10.962000000000018,0.75,22.5,14.616000000000023,2025-09-01,Plaza Hogar,Grandes Superficies,Occidente,Valle del Cauca,Cali,Hipermercado,COLBY JACK TAJADO LOMA DORADA 150G,0.15,UND,COLBY JACK,QUESOS TAJADOS PREMIUM,QUESOS MADURADOS,regular,LOMA DORADA,IMPORTADO,2025-09
C001,110114,2025-09-30,96,24.0,0.0,0.0,0.0,8.0,2.0,191860.0,1411.0,1441.0,338.0,354.87,66.0,7.1299999999999955,False,7.1299999999999955,1.3916666666666666,41.75,5.123353293413171,2025-09-01,HiperMax Nacional,Grandes Superficies,Centro,Bogotá y Sabana,Bogotá,Hipermercado,GOUDA NATURAL CUÑA LOMA DORADA 250G,0.25,UND,GOUDA NATURAL,CUÑAS,QUESOS MADURADOS,regular,LOMA DORADA,IMPORTADO,2025-09
C012,110109,2025-09-30,14,2.1,0.0,0.0,0.0,0.0,0.0,0.0,292.0,296.0,41.205,42.75,10.0,0.5549999999999997,False,0.5549999999999997,0.16499999999999998,4.949999999999999,3.3636363636363624,2025-09-01,Delimarket Gourmet,Tiendas Especializadas,Centro,Bogotá y Sabana,Bogotá,Especialidad,IBERICO CUÑA MONTE AZUL 150G,0.15,UND,IBERICO,CUÑAS PREMIUM,QUESOS MADURADOS,regular,MONTE AZUL,IMPORTADO,2025-09
C015,120103,2025-09-30,22,4.4,0.0,0.0,0.0,1.0,0.2,9750.0,369.0,377.0,73.8,75.384,14.0,2.8160000000000025,False,2.8160000000000025,0.31333333333333335,9.4,8.9872340425532,2025-09-01,Abarrotes Norte,Tradicional Modernizado,Caribe,Costa Norte,Barranquilla,Supermercado Regional,QUESO CREMA CAMPOCLARO 200G,0.2,UND,CREMAS,UNTABLES,QUESOS FRESCOS,regular,CAMPOCLARO,NACIONAL,2025-09
C001,900101,2025-09-30,80,6.4,0.0,0.0,0.0,8.0,0.64,82450.0,1698.0,1730.0,135.84,135.6,48.0,6.640000000000015,False,6.640000000000015,0.544,16.32,12.205882352941202,2025-09-01,HiperMax Nacional,Grandes Superficies,Centro,Bogotá y Sabana,Bogotá,Hipermercado,SALAMI TAJADO CASA IBERIA 80G,0.08,UND,SALAMI,CHARCUTERIA,CARNES MADURADAS,regular,CASA IBERIA,IMPORTADO,2025-09
C014,110115,2025-09-30,41,10.25,0.0,0.0,0.0,3.0,0.75,75450.0,840.0,854.0,210.0,209.01,27.0,11.240000000000009,False,11.240000000000009,0.9333333333333333,28.0,12.042857142857152,2025-09-01,Plaza Hogar,Grandes Superficies,Occidente,Valle del Cauca,Cali,Hipermercado,FETA CUBOS CASA SIERRA 250G,0.25,UND,FETA,ESPECIALES,QUESOS MADURADOS,regular,CASA SIERRA,IMPORTADO,2025-09
C005,130103,2025-09-30,213,61.344,197.0,56.736,1157250.0,23.0,6.624,171390.0,4784.0,4741.0,1377.792,1365.661,256.0,73.47499999999991,False,73.47499999999991,5.5872,167.616,13.150594215349352,2025-09-01,PrecioListo,Hard Discount,Antioquia,Valle de Aburrá,Medellín,Discounter,LONCHAS AMERICANAS DELILAT 288G,0.288,UND,CHEDDAR ANALOGO,LONCHITAS,QUESOS ANALOGOS,regular,DELILAT,MAQUILA,2025-09
C002,120101,2025-09-30,116,29.0,0.0,0.0,0.0,6.0,1.5,61060.0,2354.0,2353.0,588.5,582.25,117.0,35.25,False,35.25,1.8916666666666666,56.75,18.634361233480178,2025-09-01,SuperAhorro,Grandes Superficies,Antioquia,Valle de Aburrá,Medellín,Supermercado,MOZZARELLA TAJADA CAMPOCLARO 250G,0.25,UND,MOZZARELLA,QUESOS TAJADOS,QUESOS FRESCOS,regular,CAMPOCLARO,NACIONAL,2025-09
C014,120104,2025-09-30,96,19.2,0.0,0.0,0.0,4.0,0.8,32480.0,1473.0,1517.0,294.6,301.448,52.0,12.352000000000032,False,12.352000000000032,1.1933333333333331,35.8,10.350837988826845,2025-09-01,Plaza Hogar,Grandes Superficies,Occidente,Valle del Cauca,Cali,Hipermercado,MOZZARELLA LIGHT CAMPOCLARO 200G,0.2,UND,MOZZARELLA,QUESOS TAJADOS,QUESOS FRESCOS,regular,CAMPOCLARO,NACIONAL,2025-09
C015,110113,2025-09-30,12,0.0,0.0,0.0,0.0,0.0,0.0,0.0,241.0,245.0,60.25,61.25,8.0,-1.0,True,0.0,0.2833333333333333,8.5,0.0,2025-09-01,Abarrotes Norte,Tradicional Modernizado,Caribe,Costa Norte,Barranquilla,Supermercado Regional,PARMESANO RALLADO ORO LECHE 250G,0.25,UND,TIPO PARMESANO,RALLADOS,QUESO PARMESANO,regular,ORO LECHE,MAQUILA,2025-09
C013,190101,2025-09-30,4,1.6,0.0,0.0,0.0,0.0,0.0,0.0,0.0,4.0,0.0,1.6,0.0,0.0,False,0.0,0.0,0.0,,2025-09-01,La Mesa Premium,Tiendas Especializadas,Occidente,,Cali,Especialidad,TABLA APERITIVO NAVIDEÑA MONTE AZUL 400G,0.4,UND,MIXTO QUESOS,TEMPORADA,QUESOS MADURADOS,temporada,MONTE AZUL,IMPORTADO,2025-09
C015,300102,2025-09-30,18,4.14,0.0,0.0,0.0,0.0,0.0,0.0,363.0,372.0,83.49,83.95,9.0,3.6799999999999926,False,3.6799999999999926,0.322,9.66,11.428571428571406,2025-09-01,Abarrotes Norte,Tradicional Modernizado,Caribe,Costa Norte,Barranquilla,Supermercado Regional,JAMON DE PAVO FINAS LONCHAS SIERRA CARNES 230G,0.23,UND,JAMON PAVO,LONCHAS,CARNES FRIAS,regular,SIERRA CARNES,NACIONAL,2025-09
C016,900102,2025-09-30,72,5.76,0.0,0.0,0.0,6.0,0.48,57520.0,1038.0,1074.0,83.04,83.741,36.0,5.059000000000012,False,5.059000000000012,0.336,10.08,15.056547619047652,2025-09-01,Canasta Familiar,Grandes Superficies,Santanderes,Bucaramanga Metropolitana,Bucaramanga,Supermercado,PEPPERONI TAJADO CASA IBERIA 80G,0.08,UND,PEPPERONI,CHARCUTERIA,CARNES MADURADAS,regular,CASA IBERIA,IMPORTADO,2025-09
C001,130103,2025-09-30,158,45.504,0.0,0.0,0.0,8.0,2.304,66580.0,2674.0,2743.0,770.112,776.736,89.0,38.879999999999995,False,38.879999999999995,2.8608,85.824,13.590604026845638,2025-09-01,HiperMax Nacional,Grandes Superficies,Centro,Bogotá y Sabana,Bogotá,Hipermercado,LONCHAS AMERICANAS DELILAT 288G,0.288,UND,CHEDDAR ANALOGO,LONCHITAS,QUESOS ANALOGOS,regular,DELILAT,MAQUILA,2025-09
C005,300102,2025-09-30,105,24.15,77.0,17.71,531880.0,6.0,1.38,51740.0,2029.0,2028.0,466.67,463.90999999999997,106.0,26.910000000000025,False,26.910000000000025,1.5946666666666667,47.84,16.875000000000014,2025-09-01,PrecioListo,Hard Discount,Antioquia,Valle de Aburrá,Medellín,Discounter,JAMON DE PAVO FINAS LONCHAS SIERRA CARNES 230G,0.23,UND,JAMON PAVO,LONCHAS,CARNES FRIAS,regular,SIERRA CARNES,NACIONAL,2025-09
C014,300101,2025-09-30,90,20.7,0.0,0.0,0.0,6.0,1.38,53640.0,1638.0,1628.0,376.74,364.90999999999997,100.0,32.53000000000003,False,32.53000000000003,1.2726666666666666,38.18,25.5605028810896,2025-09-01,Plaza Hogar,Grandes Superficies,Occidente,Valle del Cauca,Cali,Hipermercado,JAMON DE CERDO FINAS LONCHAS SIERRA CARNES 230G,0.23,UND,JAMON CERDO,LONCHAS,CARNES FRIAS,regular,SIERRA CARNES,NACIONAL,2025-09
C014,110114,2025-09-30,74,18.5,0.0,0.0,0.0,3.0,0.75,74480.0,2256.0,2264.0,564.0,554.22,66.0,28.279999999999973,False,28.279999999999973,0.9333333333333333,28.0,30.29999999999997,2025-09-01,Plaza Hogar,Grandes Superficies,Occidente,Valle del Cauca,Cali,Hipermercado,GOUDA NATURAL CUÑA LOMA DORADA 250G,0.25,UND,GOUDA NATURAL,CUÑAS,QUESOS MADURADOS,regular,LOMA DORADA,IMPORTADO,2025-09
C006,130103,2025-09-30,124,35.712,0.0,0.0,0.0,17.0,4.896,130210.0,2914.0,2962.0,839.232,832.954,76.0,41.99000000000001,False,41.99000000000001,3.0048,90.14399999999999,13.974307774227906,2025-09-01,PuntoMenos Caribe,Hard Discount,Caribe,Costa Norte,Cartagena,Discounter,LONCHAS AMERICANAS DELILAT 288G,0.288,UND,CHEDDAR ANALOGO,LONCHITAS,QUESOS ANALOGOS,regular,DELILAT,MAQUILA,2025-09
C014,190102,2025-09-30,26,13.0,0.0,0.0,0.0,0.0,0.0,0.0,0.0,8.0,0.0,4.0,18.0,9.0,False,9.0,0.016666666666666666,0.5,540.0,2025-09-01,Plaza Hogar,Grandes Superficies,Occidente,Valle del Cauca,Cali,Hipermercado,DUO FESTIVO QUESOS Y CARNES 500G,0.5,UND,MIXTO QUESOS-CARNES,TEMPORADA,QUESOS MADURADOS,temporada,MONTE AZUL,MAQUILA,2025-09
C003,110113,2025-09-30,58,14.5,0.0,0.0,0.0,5.0,1.25,79520.0,1219.0,1238.0,289.5,304.75,39.0,-0.75,True,0.0,1.225,36.75,0.0,2025-09-01,MaxiCompra Caribe,Grandes Superficies,Caribe,Costa Norte,Barranquilla,Supermercado,PARMESANO RALLADO ORO LECHE 250G,0.25,UND,TIPO PARMESANO,RALLADOS,QUESO PARMESANO,regular,ORO LECHE,MAQUILA,2025-09
C001,110104,2025-09-30,84,12.6,0.0,0.0,0.0,8.0,1.2,119200.0,1712.0,1695.0,255.81,251.946,101.0,16.464000000000027,False,16.464000000000027,0.98,29.4,16.80000000000003,2025-09-01,HiperMax Nacional,Grandes Superficies,Centro,Bogotá y Sabana,Bogotá,Hipermercado,COLBY JACK TAJADO LOMA DORADA 150G,0.15,UND,COLBY JACK,QUESOS TAJADOS PREMIUM,QUESOS MADURADOS,regular,LOMA DORADA,IMPORTADO,2025-09
C018,130103,2025-09-30,144,41.472,165.0,47.52,977830.0,10.0,2.88,75240.0,4115.0,4055.0,1185.12,1160.34,204.0,66.25199999999995,False,66.25199999999995,4.2528,127.584,15.57844243792324,2025-09-01,Cadena Uno,Hard Discount,Occidente,Valle del Cauca,Cali,Discounter,LONCHAS AMERICANAS DELILAT 288G,0.288,UND,CHEDDAR ANALOGO,LONCHITAS,QUESOS ANALOGOS,regular,DELILAT,MAQUILA,2025-09
C005,130104,2025-09-30,185,27.75,193.0,28.95,839790.0,23.0,3.45,122870.0,4700.0,4643.0,705.0,693.75,242.0,39.0,False,39.0,2.67,80.1,14.606741573033709,2025-09-01,PrecioListo,Hard Discount,Antioquia,Valle de Aburrá,Medellín,Discounter,PIZZA MIX RALLADO DELILAT 150G,0.15,UND,MIXTO QUESOS,RALLADOS,QUESOS ANALOGOS,regular,DELILAT,MAQUILA,2025-09
C017,300101,2025-09-30,6,1.38,0.0,0.0,0.0,1.0,0.23,9560.0,194.0,195.0,44.62,42.550000000000004,5.0,3.4499999999999957,False,3.4499999999999957,0.12266666666666667,3.68,28.124999999999964,2025-09-01,RapiExpress,E-commerce,Centro,Bogotá y Sabana,Bogotá,Quick Commerce,JAMON DE CERDO FINAS LONCHAS SIERRA CARNES 230G,0.23,UND,JAMON CERDO,LONCHAS,CARNES FRIAS,regular,SIERRA CARNES,NACIONAL,2025-09
C012,110110,2025-09-30,8,2.88,0.0,0.0,0.0,1.0,0.36,37010.0,135.0,140.0,48.6,48.96,3.0,2.520000000000003,False,2.520000000000003,0.168,5.04,15.000000000000018,2025-09-01,Delimarket Gourmet,Tiendas Especializadas,Centro,Bogotá y Sabana,Bogotá,Especialidad,MIX QUESOS PREMIUM MONTE AZUL 360G,0.36,UND,MIXTO QUESOS,MEZCLAS PREMIUM,QUESOS MADURADOS,regular,MONTE AZUL,IMPORTADO,2025-09
C013,110101,2025-09-30,19,2.85,0.0,0.0,0.0,0.0,0.0,0.0,249.0,251.0,35.7,36.3,17.0,2.250000000000007,False,2.250000000000007,0.13500000000000004,4.050000000000001,16.666666666666714,2025-09-01,La Mesa Premium,Tiendas Especializadas,Occidente,,Cali,Especialidad,GOUDA AHUMADO TAJADO LOMA DORADA 150G,0.15,UND,GOUDA AHUMADO,QUESOS TAJADOS PREMIUM,QUESOS MADURADOS,regular,LOMA DORADA,IMPORTADO,2025-09
C002,190102,2025-09-30,22,11.0,0.0,0.0,0.0,0.0,0.0,0.0,0.0,5.0,0.0,2.5,17.0,8.5,False,8.5,0.016666666666666666,0.5,510.0,2025-09-01,SuperAhorro,Grandes Superficies,Antioquia,Valle de Aburrá,Medellín,Supermercado,DUO FESTIVO QUESOS Y CARNES 500G,0.5,UND,MIXTO QUESOS-CARNES,TEMPORADA,QUESOS MADURADOS,temporada,MONTE AZUL,MAQUILA,2025-09
C016,900103,2025-09-30,66,5.28,0.0,0.0,0.0,6.0,0.48,63890.0,957.0,985.0,73.12,78.0,38.0,0.4000000000000057,False,0.4000000000000057,0.312,9.36,1.2820512820513004,2025-09-01,Canasta Familiar,Grandes Superficies,Santanderes,Bucaramanga Metropolitana,Bucaramanga,Supermercado,JAMON SERRANO TAJADO CASA IBERIA 80G,0.08,UND,JAMON SERRANO,CHARCUTERIA,CARNES MADURADAS,regular,CASA IBERIA,IMPORTADO,2025-09
C013,110115,2025-09-30,11,2.75,0.0,0.0,0.0,0.0,0.0,0.0,205.0,215.0,51.25,53.19,1.0,0.8100000000000023,False,0.8100000000000023,0.2,6.0,4.050000000000011,2025-09-01,La Mesa Premium,Tiendas Especializadas,Occidente,,Cali,Especialidad,FETA CUBOS CASA SIERRA 250G,0.25,UND,FETA,ESPECIALES,QUESOS MADURADOS,regular,CASA SIERRA,IMPORTADO,2025-09
C016,120101,2025-09-30,92,0.0,0.0,0.0,0.0,4.0,1.0,40300.0,1515.0,1544.0,378.75,374.5,63.0,4.25,False,4.25,1.3,39.0,3.269230769230769,2025-09-01,Canasta Familiar,Grandes Superficies,Santanderes,Bucaramanga Metropolitana,Bucaramanga,Supermercado,MOZZARELLA TAJADA CAMPOCLARO 250G,0.25,UND,MOZZARELLA,QUESOS TAJADOS,QUESOS FRESCOS,regular,CAMPOCLARO,NACIONAL,2025-09
C013,900101,2025-09-30,19,1.52,0.0,0.0,0.0,1.0,0.08,10880.0,235.0,242.0,18.8,19.36,12.0,0.9600000000000009,False,0.9600000000000009,0.08800000000000001,2.64,10.909090909090917,2025-09-01,La Mesa Premium,Tiendas Especializadas,Occidente,,Cali,Especialidad,SALAMI TAJADO CASA IBERIA 80G,0.08,UND,SALAMI,CHARCUTERIA,CARNES MADURADAS,regular,CASA IBERIA,IMPORTADO,2025-09
C017,300102,2025-09-30,4,0.92,0.0,0.0,0.0,0.0,0.0,0.0,230.0,230.0,50.6,52.900000000000006,4.0,-1.3800000000000026,True,0.0,0.06133333333333334,1.84,0.0,2025-09-01,RapiExpress,E-commerce,Centro,Bogotá y Sabana,Bogotá,Quick Commerce,JAMON DE PAVO FINAS LONCHAS SIERRA CARNES 230G,0.23,UND,JAMON PAVO,LONCHAS,CARNES FRIAS,regular,SIERRA CARNES,NACIONAL,2025-09
C001,130101,2025-09-30,202,30.3,0.0,0.0,0.0,10.0,1.5,56170.0,3028.0,3080.0,456.21,457.056,150.0,29.454000000000008,False,29.454000000000008,1.8,54.0,16.363333333333337,2025-09-01,HiperMax Nacional,Grandes Superficies,Centro,Bogotá y Sabana,Bogotá,Hipermercado,CHEDDAR ESTILO AMERICANO DELILAT 150G,0.15,UND,CHEDDAR ANALOGO,LONCHAS,QUESOS ANALOGOS,regular,DELILAT,MAQUILA,2025-09
C001,900102,2025-09-30,121,9.68,0.0,0.0,0.0,4.0,0.32,39220.0,1748.0,1756.0,139.84,137.92000000000002,113.0,11.599999999999994,False,11.599999999999994,0.5706666666666665,17.119999999999997,20.327102803738313,2025-09-01,HiperMax Nacional,Grandes Superficies,Centro,Bogotá y Sabana,Bogotá,Hipermercado,PEPPERONI TAJADO CASA IBERIA 80G,0.08,UND,PEPPERONI,CHARCUTERIA,CARNES MADURADAS,regular,CASA IBERIA,IMPORTADO,2025-09
C018,120104,2025-09-30,104,20.8,0.0,0.0,0.0,6.0,1.2,44960.0,2472.0,2509.0,494.4,488.992,67.0,26.207999999999913,False,26.207999999999913,1.9,57.0,13.793684210526271,2025-09-01,Cadena Uno,Hard Discount,Occidente,Valle del Cauca,Cali,Discounter,MOZZARELLA LIGHT CAMPOCLARO 200G,0.2,UND,MOZZARELLA,QUESOS TAJADOS,QUESOS FRESCOS,regular,CAMPOCLARO,NACIONAL,2025-09
C013,900103,2025-09-30,18,1.44,0.0,0.0,0.0,1.0,0.08,12020.0,386.0,389.0,30.88,30.8,15.0,1.5199999999999996,False,1.5199999999999996,0.12533333333333332,3.76,12.127659574468083,2025-09-01,La Mesa Premium,Tiendas Especializadas,Occidente,,Cali,Especialidad,JAMON SERRANO TAJADO CASA IBERIA 80G,0.08,UND,JAMON SERRANO,CHARCUTERIA,CARNES MADURADAS,regular,CASA IBERIA,IMPORTADO,2025-09
C005,110113,2025-09-30,105,26.25,0.0,0.0,0.0,8.0,0.0,116530.0,2194.0,2242.0,483.5,551.14,57.0,-41.389999999999986,True,0.0,2.175,65.25,0.0,2025-09-01,PrecioListo,Hard Discount,Antioquia,Valle de Aburrá,Medellín,Discounter,PARMESANO RALLADO ORO LECHE 250G,0.25,UND,TIPO PARMESANO,RALLADOS,QUESO PARMESANO,regular,ORO LECHE,MAQUILA,2025-09
C004,130101,2025-09-30,424,63.6,0.0,0.0,0.0,33.0,4.95,169530.0,9902.0,9935.0,1429.77,1467.15,391.0,26.2199999999998,False,26.2199999999998,5.83,174.9,4.4974271012006515,2025-09-01,Descuento Ya,Hard Discount,Centro,Bogotá y Sabana,Bogotá,Discounter,CHEDDAR ESTILO AMERICANO DELILAT 150G,0.15,UND,CHEDDAR ANALOGO,LONCHAS,QUESOS ANALOGOS,regular,DELILAT,MAQUILA,2025-09
C016,110110,2025-09-30,24,8.64,0.0,0.0,0.0,1.0,0.36,33280.0,416.0,422.0,149.76,151.56,18.0,6.839999999999975,False,6.839999999999975,0.66,19.8,10.363636363636326,2025-09-01,Canasta Familiar,Grandes Superficies,Santanderes,Bucaramanga Metropolitana,Bucaramanga,Supermercado,MIX QUESOS PREMIUM MONTE AZUL 360G,0.36,UND,MIXTO QUESOS,MEZCLAS PREMIUM,QUESOS MADURADOS,regular,MONTE AZUL,IMPORTADO,2025-09
C001,110102,2025-09-30,87,13.05,0.0,0.0,0.0,6.0,0.9,86920.0,1753.0,1749.0,262.95,257.976,91.0,18.024,False,18.024,0.965,28.95,18.677720207253888,2025-09-01,HiperMax Nacional,Grandes Superficies,Centro,Bogotá y Sabana,Bogotá,Hipermercado,HOLANDES TAJADO LOMA DORADA 150G,0.15,UND,HOLANDES,QUESOS TAJADOS PREMIUM,QUESOS MADURADOS,regular,LOMA DORADA,IMPORTADO,2025-09
C004,120104,2025-09-30,177,35.4,163.0,32.6,970270.0,18.0,3.6,129930.0,3871.0,3845.0,774.2,752.888,203.0,56.71199999999999,False,56.71199999999999,3.0,90.0,18.903999999999996,2025-09-01,Descuento Ya,Hard Discount,Centro,Bogotá y Sabana,Bogotá,Discounter,MOZZARELLA LIGHT CAMPOCLARO 200G,0.2,UND,MOZZARELLA,QUESOS TAJADOS,QUESOS FRESCOS,regular,CAMPOCLARO,NACIONAL,2025-09
C016,120104,2025-09-30,81,16.2,0.0,0.0,0.0,9.0,1.8,71590.0,1316.0,1357.0,250.4,269.92,40.0,-3.319999999999993,True,0.0,1.1266666666666665,33.8,0.0,2025-09-01,Canasta Familiar,Grandes Superficies,Santanderes,Bucaramanga Metropolitana,Bucaramanga,Supermercado,MOZZARELLA LIGHT CAMPOCLARO 200G,0.2,UND,MOZZARELLA,QUESOS TAJADOS,QUESOS FRESCOS,regular,CAMPOCLARO,NACIONAL,2025-09
C014,110107,2025-09-30,58,7.25,0.0,0.0,0.0,5.0,0.625,65690.0,926.0,928.0,104.0,114.095,56.0,-2.844999999999999,True,0.0,0.4875,14.625,0.0,2025-09-01,Plaza Hogar,Grandes Superficies,Occidente,Valle del Cauca,Cali,Hipermercado,CAMEMBERT CUÑA MONTE AZUL 125G,0.125,UND,CAMEMBERT,QUESOS BLANDOS,QUESOS MADURADOS,regular,MONTE AZUL,IMPORTADO,2025-09
C003,190101,2025-09-30,14,5.6,0.0,0.0,0.0,0.0,0.0,0.0,0.0,9.0,0.0,3.6,5.0,1.9999999999999996,False,1.9999999999999996,0.013333333333333334,0.4,149.99999999999994,2025-09-01,MaxiCompra Caribe,Grandes Superficies,Caribe,Costa Norte,Barranquilla,Supermercado,TABLA APERITIVO NAVIDEÑA MONTE AZUL 400G,0.4,UND,MIXTO QUESOS,TEMPORADA,QUESOS MADURADOS,temporada,MONTE AZUL,IMPORTADO,2025-09
C006,130101,2025-09-30,242,36.3,0.0,0.0,0.0,23.0,3.45,116840.0,5324.0,5429.0,798.6,805.422,137.0,29.477999999999952,False,29.477999999999952,3.25,97.5,9.070153846153831,2025-09-01,PuntoMenos Caribe,Hard Discount,Caribe,Costa Norte,Cartagena,Discounter,CHEDDAR ESTILO AMERICANO DELILAT 150G,0.15,UND,CHEDDAR ANALOGO,LONCHAS,QUESOS ANALOGOS,regular,DELILAT,MAQUILA,2025-09
C003,110112,2025-09-30,120,12.0,0.0,0.0,0.0,8.0,0.8,56090.0,4722.0,4796.0,472.2,473.4,46.0,10.800000000000011,False,10.800000000000011,0.84,25.2,12.857142857142872,2025-09-01,MaxiCompra Caribe,Grandes Superficies,Caribe,Costa Norte,Barranquilla,Supermercado,PARMESANO RALLADO ORO LECHE 100G,0.1,UND,TIPO PARMESANO,RALLADOS,QUESO PARMESANO,regular,ORO LECHE,MAQUILA,2025-09
C016,110102,2025-09-30,56,8.4,0.0,0.0,0.0,7.0,1.05,101520.0,843.0,875.0,126.45,129.612,24.0,5.2379999999999995,False,5.2379999999999995,0.52,15.6,10.073076923076922,2025-09-01,Canasta Familiar,Grandes Superficies,Santanderes,Bucaramanga Metropolitana,Bucaramanga,Supermercado,HOLANDES TAJADO LOMA DORADA 150G,0.15,UND,HOLANDES,QUESOS TAJADOS PREMIUM,QUESOS MADURADOS,regular,LOMA DORADA,IMPORTADO,2025-09
C018,130104,2025-09-30,188,28.2,0.0,0.0,0.0,8.0,1.2,43530.0,3424.0,3472.0,513.6,509.706,140.0,32.09400000000005,False,32.09400000000005,1.99,59.7,16.127638190954798,2025-09-01,Cadena Uno,Hard Discount,Occidente,Valle del Cauca,Cali,Discounter,PIZZA MIX RALLADO DELILAT 150G,0.15,UND,MIXTO QUESOS,RALLADOS,QUESOS ANALOGOS,regular,DELILAT,MAQUILA,2025-09
C015,900102,2025-09-30,12,0.96,0.0,0.0,0.0,1.0,0.08,9380.0,249.0,249.0,19.44,19.76,12.0,0.6400000000000006,False,0.6400000000000006,0.08000000000000002,2.4000000000000004,8.000000000000005,2025-09-01,Abarrotes Norte,Tradicional Modernizado,Caribe,Costa Norte,Barranquilla,Supermercado Regional,PEPPERONI TAJADO CASA IBERIA 80G,0.08,UND,PEPPERONI,CHARCUTERIA,CARNES MADURADAS,regular,CASA IBERIA,IMPORTADO,2025-09
C017,190102,2025-09-30,2,1.0,0.0,0.0,0.0,0.0,0.0,0.0,0.0,2.0,0.0,1.0,0.0,0.0,False,0.0,0.0,0.0,,2025-09-01,RapiExpress,E-commerce,Centro,Bogotá y Sabana,Bogotá,Quick Commerce,DUO FESTIVO QUESOS Y CARNES 500G,0.5,UND,MIXTO QUESOS-CARNES,TEMPORADA,QUESOS MADURADOS,temporada,MONTE AZUL,MAQUILA,2025-09
C014,900101,2025-09-30,67,0.0,0.0,0.0,0.0,4.0,0.32,40270.0,1285.0,1268.0,98.0,101.226,84.0,-3.225999999999999,True,0.0,0.40800000000000003,12.24,0.0,2025-09-01,Plaza Hogar,Grandes Superficies,Occidente,Valle del Cauca,Cali,Hipermercado,SALAMI TAJADO CASA IBERIA 80G,0.08,UND,SALAMI,CHARCUTERIA,CARNES MADURADAS,regular,CASA IBERIA,IMPORTADO,2025-09
C016,110115,2025-09-30,46,11.5,0.0,0.0,0.0,1.0,0.25,25550.0,774.0,775.0,193.5,190.42,45.0,14.580000000000013,False,14.580000000000013,0.7166666666666667,21.5,20.344186046511645,2025-09-01,Canasta Familiar,Grandes Superficies,Santanderes,Bucaramanga Metropolitana,Bucaramanga,Supermercado,FETA CUBOS CASA SIERRA 250G,0.25,UND,FETA,ESPECIALES,QUESOS MADURADOS,regular,CASA SIERRA,IMPORTADO,2025-09
C017,900101,2025-09-30,4,0.32,0.0,0.0,0.0,1.0,0.08,10850.0,138.0,140.0,10.8,10.812,2.0,0.3080000000000016,False,0.3080000000000016,0.04000000000000001,1.2000000000000002,7.700000000000038,2025-09-01,RapiExpress,E-commerce,Centro,Bogotá y Sabana,Bogotá,Quick Commerce,SALAMI TAJADO CASA IBERIA 80G,0.08,UND,SALAMI,CHARCUTERIA,CARNES MADURADAS,regular,CASA IBERIA,IMPORTADO,2025-09
C013,110114,2025-09-30,14,3.5,0.0,0.0,0.0,1.0,0.25,26190.0,218.0,227.0,54.5,56.04,5.0,1.9600000000000009,False,1.9600000000000009,0.15,4.5,13.066666666666674,2025-09-01,La Mesa Premium,Tiendas Especializadas,Occidente,,Cali,Especialidad,GOUDA NATURAL CUÑA LOMA DORADA 250G,0.25,UND,GOUDA NATURAL,CUÑAS,QUESOS MADURADOS,regular,LOMA DORADA,IMPORTADO,2025-09
C001,110103,2025-09-30,102,15.3,0.0,0.0,0.0,3.0,0.45,43050.0,1689.0,1681.0,240.3,252.09,110.0,3.5100000000000193,False,3.5100000000000193,0.9199999999999999,27.599999999999998,3.815217391304369,2025-09-01,HiperMax Nacional,Grandes Superficies,Centro,Bogotá y Sabana,Bogotá,Hipermercado,MUENSTER TAJADO LOMA DORADA 150G,0.15,UND,MUENSTER,QUESOS TAJADOS PREMIUM,QUESOS MADURADOS,regular,LOMA DORADA,IMPORTADO,2025-09
C014,110102,2025-09-30,74,11.1,0.0,0.0,0.0,3.0,0.45,44370.0,1025.0,1045.0,141.75,156.438,54.0,-3.587999999999994,True,0.0,0.59,17.7,0.0,2025-09-01,Plaza Hogar,Grandes Superficies,Occidente,Valle del Cauca,Cali,Hipermercado,HOLANDES TAJADO LOMA DORADA 150G,0.15,UND,HOLANDES,QUESOS TAJADOS PREMIUM,QUESOS MADURADOS,regular,LOMA DORADA,IMPORTADO,2025-09
C013,900104,2025-09-30,21,1.68,0.0,0.0,0.0,1.0,0.08,10300.0,248.0,258.0,19.84,20.566,11.0,0.9540000000000006,False,0.9540000000000006,0.08533333333333333,2.56,11.179687500000007,2025-09-01,La Mesa Premium,Tiendas Especializadas,Occidente,,Cali,Especialidad,CHORIZO TAJADO CASA IBERIA 80G,0.08,UND,CHORIZO,CHARCUTERIA,CARNES MADURADAS,regular,CASA IBERIA,IMPORTADO,2025-09
C012,900104,2025-09-30,26,2.08,0.0,0.0,0.0,0.0,0.0,0.0,299.0,321.0,23.92,25.6,4.0,0.3999999999999986,False,0.3999999999999986,0.09333333333333332,2.8,4.2857142857142705,2025-09-01,Delimarket Gourmet,Tiendas Especializadas,Centro,Bogotá y Sabana,Bogotá,Especialidad,CHORIZO TAJADO CASA IBERIA 80G,0.08,UND,CHORIZO,CHARCUTERIA,CARNES MADURADAS,regular,CASA IBERIA,IMPORTADO,2025-09
C015,130101,2025-09-30,29,4.35,0.0,0.0,0.0,2.0,0.3,10960.0,542.0,562.0,77.85,82.776,9.0,-0.5760000000000076,True,0.0,0.275,8.25,0.0,2025-09-01,Abarrotes Norte,Tradicional Modernizado,Caribe,Costa Norte,Barranquilla,Supermercado Regional,CHEDDAR ESTILO AMERICANO DELILAT 150G,0.15,UND,CHEDDAR ANALOGO,LONCHAS,QUESOS ANALOGOS,regular,DELILAT,MAQUILA,2025-09
C001,190101,2025-09-30,25,10.0,0.0,0.0,0.0,0.0,0.0,0.0,0.0,10.0,0.0,4.0,15.0,6.0,False,6.0,0.02666666666666667,0.8,224.99999999999997,2025-09-01,HiperMax Nacional,Grandes Superficies,Centro,Bogotá y Sabana,Bogotá,Hipermercado,TABLA APERITIVO NAVIDEÑA MONTE AZUL 400G,0.4,UND,MIXTO QUESOS,TEMPORADA,QUESOS MADURADOS,temporada,MONTE AZUL,IMPORTADO,2025-09
C016,120103,2025-09-30,73,14.6,0.0,0.0,0.0,4.0,0.8,39690.0,1089.0,1094.0,217.8,217.016,68.0,15.384000000000015,False,15.384000000000015,0.9,27.0,17.093333333333348,2025-09-01,Canasta Familiar,Grandes Superficies,Santanderes,Bucaramanga Metropolitana,Bucaramanga,Supermercado,QUESO CREMA CAMPOCLARO 200G,0.2,UND,CREMAS,UNTABLES,QUESOS FRESCOS,regular,CAMPOCLARO,NACIONAL,2025-09
C002,900103,2025-09-30,58,4.64,0.0,0.0,0.0,2.0,0.16,21790.0,1207.0,1213.0,96.56,95.933,52.0,5.266999999999996,False,5.266999999999996,0.28800000000000003,8.64,18.28819444444443,2025-09-01,SuperAhorro,Grandes Superficies,Antioquia,Valle de Aburrá,Medellín,Supermercado,JAMON SERRANO TAJADO CASA IBERIA 80G,0.08,UND,JAMON SERRANO,CHARCUTERIA,CARNES MADURADAS,regular,CASA IBERIA,IMPORTADO,2025-09
C002,190103,2025-09-30,22,0.0,0.0,0.0,0.0,0.0,0.0,0.0,0.0,5.0,0.0,3.0,17.0,-3.0,True,0.0,0.02,0.6,0.0,2025-09-01,SuperAhorro,Grandes Superficies,Antioquia,Valle de Aburrá,Medellín,Supermercado,RACLETTE CELEBRACION LOMA DORADA 600G,0.6,UND,MIXTO QUESOS,TEMPORADA,QUESOS MADURADOS,temporada,LOMA DORADA,IMPORTADO,2025-09
C018,120103,2025-09-30,112,22.4,0.0,0.0,0.0,11.0,2.2,100370.0,2730.0,2746.0,546.0,540.8,96.0,27.600000000000023,False,27.600000000000023,2.1733333333333333,65.2,12.699386503067496,2025-09-01,Cadena Uno,Hard Discount,Occidente,Valle del Cauca,Cali,Discounter,QUESO CREMA CAMPOCLARO 200G,0.2,UND,CREMAS,UNTABLES,QUESOS FRESCOS,regular,CAMPOCLARO,NACIONAL,2025-09
C003,130101,2025-09-30,98,14.7,0.0,0.0,0.0,4.0,0.6,22830.0,2074.0,2091.0,311.1,309.75600000000003,81.0,16.043999999999983,False,16.043999999999983,1.105,33.15,14.519457013574645,2025-09-01,MaxiCompra Caribe,Grandes Superficies,Caribe,Costa Norte,Barranquilla,Supermercado,CHEDDAR ESTILO AMERICANO DELILAT 150G,0.15,UND,CHEDDAR ANALOGO,LONCHAS,QUESOS ANALOGOS,regular,DELILAT,MAQUILA,2025-09
C002,110113,2025-09-30,61,15.25,0.0,0.0,0.0,2.0,0.5,31880.0,1121.0,1134.0,280.25,283.5,48.0,12.0,False,12.0,1.075,32.25,11.162790697674419,2025-09-01,SuperAhorro,Grandes Superficies,Antioquia,Valle de Aburrá,Medellín,Supermercado,PARMESANO RALLADO ORO LECHE 250G,0.25,UND,TIPO PARMESANO,RALLADOS,QUESO PARMESANO,regular,ORO LECHE,MAQUILA,2025-09
C013,110106,2025-09-30,10,1.25,0.0,0.0,0.0,2.0,0.25,29010.0,180.0,187.0,22.5,23.24,3.0,0.5100000000000016,False,0.5100000000000016,0.1125,3.375,4.533333333333347,2025-09-01,La Mesa Premium,Tiendas Especializadas,Occidente,,Cali,Especialidad,BRIE CUÑA MONTE AZUL 125G,0.125,UND,BRIE,QUESOS BLANDOS,QUESOS MADURADOS,regular,MONTE AZUL,IMPORTADO,2025-09
C005,900102,2025-09-30,101,8.08,0.0,0.0,0.0,6.0,0.48,54500.0,2021.0,2070.0,162.376,163.12,52.0,7.336000000000013,False,7.336000000000013,0.6213333333333334,18.64,11.806866952789719,2025-09-01,PrecioListo,Hard Discount,Antioquia,Valle de Aburrá,Medellín,Discounter,PEPPERONI TAJADO CASA IBERIA 80G,0.08,UND,PEPPERONI,CHARCUTERIA,CARNES MADURADAS,regular,CASA IBERIA,IMPORTADO,2025-09
C002,300101,2025-09-30,76,17.48,0.0,0.0,0.0,2.0,0.46,17620.0,1425.0,1430.0,327.75,322.635,71.0,22.595000000000027,False,22.595000000000027,1.081,32.43,20.901942645698455,2025-09-01,SuperAhorro,Grandes Superficies,Antioquia,Valle de Aburrá,Medellín,Supermercado,JAMON DE CERDO FINAS LONCHAS SIERRA CARNES 230G,0.23,UND,JAMON CERDO,LONCHAS,CARNES FRIAS,regular,SIERRA CARNES,NACIONAL,2025-09
C014,900103,2025-09-30,71,5.68,0.0,0.0,0.0,5.0,0.4,54100.0,1224.0,1237.0,97.92,97.398,58.0,6.201999999999998,False,6.201999999999998,0.37333333333333335,11.200000000000001,16.612499999999994,2025-09-01,Plaza Hogar,Grandes Superficies,Occidente,Valle del Cauca,Cali,Hipermercado,JAMON SERRANO TAJADO CASA IBERIA 80G,0.08,UND,JAMON SERRANO,CHARCUTERIA,CARNES MADURADAS,regular,CASA IBERIA,IMPORTADO,2025-09
C006,130104,2025-09-30,112,16.8,0.0,0.0,0.0,11.0,1.65,59050.0,2701.0,2744.0,405.15,400.518,69.0,21.432000000000016,False,21.432000000000016,1.735,52.050000000000004,12.352737752161392,2025-09-01,PuntoMenos Caribe,Hard Discount,Caribe,Costa Norte,Cartagena,Discounter,PIZZA MIX RALLADO DELILAT 150G,0.15,UND,MIXTO QUESOS,RALLADOS,QUESOS ANALOGOS,regular,DELILAT,MAQUILA,2025-09
C013,110102,2025-09-30,19,2.85,0.0,0.0,0.0,0.0,0.0,0.0,253.0,254.0,37.95,37.902,18.0,2.8980000000000032,False,2.8980000000000032,0.09999999999999999,2.9999999999999996,28.980000000000036,2025-09-01,La Mesa Premium,Tiendas Especializadas,Occidente,,Cali,Especialidad,HOLANDES TAJADO LOMA DORADA 150G,0.15,UND,HOLANDES,QUESOS TAJADOS PREMIUM,QUESOS MADURADOS,regular,LOMA DORADA,IMPORTADO,2025-09
C001,900103,2025-09-30,112,8.96,0.0,0.0,0.0,6.0,0.48,66850.0,1642.0,1697.0,120.16,134.48,57.0,-5.359999999999985,True,0.0,0.5413333333333334,16.240000000000002,0.0,2025-09-01,HiperMax Nacional,Grandes Superficies,Centro,Bogotá y Sabana,Bogotá,Hipermercado,JAMON SERRANO TAJADO CASA IBERIA 80G,0.08,UND,JAMON SERRANO,CHARCUTERIA,CARNES MADURADAS,regular,CASA IBERIA,IMPORTADO,2025-09
C002,130101,2025-09-30,104,15.6,0.0,0.0,0.0,6.0,0.9,34900.0,2167.0,2196.0,310.65,323.964,75.0,2.2860000000000014,False,2.2860000000000014,1.25,37.5,1.828800000000001,2025-09-01,SuperAhorro,Grandes Superficies,Antioquia,Valle de Aburrá,Medellín,Supermercado,CHEDDAR ESTILO AMERICANO DELILAT 150G,0.15,UND,CHEDDAR ANALOGO,LONCHAS,QUESOS ANALOGOS,regular,DELILAT,MAQUILA,2025-09
C014,110112,2025-09-30,98,9.8,0.0,0.0,0.0,6.0,0.6,41960.0,2036.0,2038.0,204.54,201.756,96.0,12.584000000000003,False,12.584000000000003,0.8233333333333334,24.7,15.284210526315793,2025-09-01,Plaza Hogar,Grandes Superficies,Occidente,Valle del Cauca,Cali,Hipermercado,PARMESANO RALLADO ORO LECHE 100G,0.1,UND,TIPO PARMESANO,RALLADOS,QUESO PARMESANO,regular,ORO LECHE,MAQUILA,2025-09
C016,900101,2025-09-30,52,4.16,0.0,0.0,0.0,1.0,0.08,10280.0,943.0,946.0,72.08,75.28,49.0,0.9599999999999937,False,0.9599999999999937,0.24799999999999997,7.4399999999999995,3.870967741935459,2025-09-01,Canasta Familiar,Grandes Superficies,Santanderes,Bucaramanga Metropolitana,Bucaramanga,Supermercado,SALAMI TAJADO CASA IBERIA 80G,0.08,UND,SALAMI,CHARCUTERIA,CARNES MADURADAS,regular,CASA IBERIA,IMPORTADO,2025-09
C003,900104,2025-09-30,92,7.36,0.0,0.0,0.0,7.0,0.56,64810.0,1337.0,1347.0,106.96,105.331,82.0,8.98899999999999,False,8.98899999999999,0.42400000000000004,12.72,21.200471698113184,2025-09-01,MaxiCompra Caribe,Grandes Superficies,Caribe,Costa Norte,Barranquilla,Supermercado,CHORIZO TAJADO CASA IBERIA 80G,0.08,UND,CHORIZO,CHARCUTERIA,CARNES MADURADAS,regular,CASA IBERIA,IMPORTADO,2025-09
C014,110105,2025-09-30,60,9.0,0.0,0.0,0.0,3.0,0.45,42970.0,1031.0,1037.0,147.75,153.762,54.0,2.9879999999999995,False,2.9879999999999995,0.5850000000000001,17.55,5.107692307692306,2025-09-01,Plaza Hogar,Grandes Superficies,Occidente,Valle del Cauca,Cali,Hipermercado,PROVOLONE TAJADO LOMA DORADA 150G,0.15,UND,PROVOLONE,QUESOS TAJADOS PREMIUM,QUESOS MADURADOS,regular,LOMA DORADA,IMPORTADO,2025-09
C004,130103,2025-09-30,336,96.768,0.0,0.0,0.0,27.0,7.776,197820.0,6133.0,6315.0,1694.304,1800.115,154.0,-9.042999999999893,True,0.0,6.816,204.48,0.0,2025-09-01,Descuento Ya,Hard Discount,Centro,Bogotá y Sabana,Bogotá,Discounter,LONCHAS AMERICANAS DELILAT 288G,0.288,UND,CHEDDAR ANALOGO,LONCHITAS,QUESOS ANALOGOS,regular,DELILAT,MAQUILA,2025-09
C018,900102,2025-09-30,93,7.44,0.0,0.0,0.0,4.0,0.32,35670.0,1885.0,1927.0,145.6,153.92000000000002,51.0,-0.8800000000000239,True,0.0,0.6586666666666667,19.76,0.0,2025-09-01,Cadena Uno,Hard Discount,Occidente,Valle del Cauca,Cali,Discounter,PEPPERONI TAJADO CASA IBERIA 80G,0.08,UND,PEPPERONI,CHARCUTERIA,CARNES MADURADAS,regular,CASA IBERIA,IMPORTADO,2025-09
C002,900102,2025-09-30,86,6.88,0.0,0.0,0.0,3.0,0.24,29160.0,2706.0,2702.0,216.48000000000002,213.172,90.0,10.188000000000017,False,10.188000000000017,0.3626666666666667,10.88,28.091911764705927,2025-09-01,SuperAhorro,Grandes Superficies,Antioquia,Valle de Aburrá,Medellín,Supermercado,PEPPERONI TAJADO CASA IBERIA 80G,0.08,UND,PEPPERONI,CHARCUTERIA,CARNES MADURADAS,regular,CASA IBERIA,IMPORTADO,2025-09
C017,110108,2025-09-30,3,0.45,0.0,0.0,0.0,0.0,0.0,0.0,106.0,105.0,15.299999999999999,15.6,4.0,0.14999999999999858,False,0.14999999999999858,0.075,2.25,1.9999999999999811,2025-09-01,RapiExpress,E-commerce,Centro,Bogotá y Sabana,Bogotá,Quick Commerce,MANCHEGO CUÑA MONTE AZUL 150G,0.15,UND,MANCHEGO,CUÑAS PREMIUM,QUESOS MADURADOS,regular,MONTE AZUL,IMPORTADO,2025-09
C004,900102,2025-09-30,149,11.92,0.0,0.0,0.0,8.0,0.64,71170.0,2669.0,2715.0,194.88,210.025,103.0,-3.2250000000000227,True,0.0,0.8533333333333334,25.6,0.0,2025-09-01,Descuento Ya,Hard Discount,Centro,Bogotá y Sabana,Bogotá,Discounter,PEPPERONI TAJADO CASA IBERIA 80G,0.08,UND,PEPPERONI,CHARCUTERIA,CARNES MADURADAS,regular,CASA IBERIA,IMPORTADO,2025-09
C018,130101,2025-09-30,262,39.3,294.0,44.1,1215930.0,24.0,3.6,123480.0,7269.0,7167.0,1026.3,1075.398,364.0,-9.798000000000002,True,0.0,4.029999999999999,120.89999999999999,0.0,2025-09-01,Cadena Uno,Hard Discount,Occidente,Valle del Cauca,Cali,Discounter,CHEDDAR ESTILO AMERICANO DELILAT 150G,0.15,UND,CHEDDAR ANALOGO,LONCHAS,QUESOS ANALOGOS,regular,DELILAT,MAQUILA,2025-09
C003,110102,2025-09-30,54,8.1,0.0,0.0,0.0,1.0,0.15,14390.0,972.0,988.0,145.8,146.346,38.0,7.554000000000002,False,7.554000000000002,0.5,15.0,15.108000000000004,2025-09-01,MaxiCompra Caribe,Grandes Superficies,Caribe,Costa Norte,Barranquilla,Supermercado,HOLANDES TAJADO LOMA DORADA 150G,0.15,UND,HOLANDES,QUESOS TAJADOS PREMIUM,QUESOS MADURADOS,regular,LOMA DORADA,IMPORTADO,2025-09
C006,120104,2025-09-30,92,18.4,0.0,0.0,0.0,11.0,2.2,81670.0,2159.0,2177.0,431.8,431.472,74.0,18.72800000000001,False,18.72800000000001,1.4466666666666665,43.4,12.945622119815676,2025-09-01,PuntoMenos Caribe,Hard Discount,Caribe,Costa Norte,Cartagena,Discounter,MOZZARELLA LIGHT CAMPOCLARO 200G,0.2,UND,MOZZARELLA,QUESOS TAJADOS,QUESOS FRESCOS,regular,CAMPOCLARO,NACIONAL,2025-09
C006,300102,2025-09-30,97,22.31,65.0,14.95,449190.0,13.0,2.99,112190.0,1752.0,1762.0,402.96,401.81,87.0,23.45999999999998,False,23.45999999999998,1.5103333333333333,45.31,15.532994923857855,2025-09-01,PuntoMenos Caribe,Hard Discount,Caribe,Costa Norte,Cartagena,Discounter,JAMON DE PAVO FINAS LONCHAS SIERRA CARNES 230G,0.23,UND,JAMON PAVO,LONCHAS,CARNES FRIAS,regular,SIERRA CARNES,NACIONAL,2025-09
C014,130103,2025-09-30,91,26.208,0.0,0.0,0.0,9.0,2.592,74660.0,1981.0,1977.0,570.528,558.294,95.0,38.44200000000001,False,38.44200000000001,2.3328,69.98400000000001,16.47890946502058,2025-09-01,Plaza Hogar,Grandes Superficies,Occidente,Valle del Cauca,Cali,Hipermercado,LONCHAS AMERICANAS DELILAT 288G,0.288,UND,CHEDDAR ANALOGO,LONCHITAS,QUESOS ANALOGOS,regular,DELILAT,MAQUILA,2025-09
C016,900104,2025-09-30,54,4.32,0.0,0.0,0.0,3.0,0.24,28500.0,1056.0,1069.0,84.48,84.378,41.0,4.422000000000011,False,4.422000000000011,0.2693333333333333,8.08,16.41831683168321,2025-09-01,Canasta Familiar,Grandes Superficies,Santanderes,Bucaramanga Metropolitana,Bucaramanga,Supermercado,CHORIZO TAJADO CASA IBERIA 80G,0.08,UND,CHORIZO,CHARCUTERIA,CARNES MADURADAS,regular,CASA IBERIA,IMPORTADO,2025-09
C003,900103,2025-09-30,54,4.32,0.0,0.0,0.0,5.0,0.4,54560.0,977.0,981.0,67.76,77.581,50.0,-5.500999999999991,True,0.0,0.3386666666666666,10.159999999999998,0.0,2025-09-01,MaxiCompra Caribe,Grandes Superficies,Caribe,Costa Norte,Barranquilla,Supermercado,JAMON SERRANO TAJADO CASA IBERIA 80G,0.08,UND,JAMON SERRANO,CHARCUTERIA,CARNES MADURADAS,regular,CASA IBERIA,IMPORTADO,2025-09
C016,130101,2025-09-30,125,18.75,0.0,0.0,0.0,7.0,1.05,40080.0,1946.0,1969.0,291.9,290.25,102.0,20.399999999999977,False,20.399999999999977,1.135,34.05,17.973568281938306,2025-09-01,Canasta Familiar,Grandes Superficies,Santanderes,Bucaramanga Metropolitana,Bucaramanga,Supermercado,CHEDDAR ESTILO AMERICANO DELILAT 150G,0.15,UND,CHEDDAR ANALOGO,LONCHAS,QUESOS ANALOGOS,regular,DELILAT,MAQUILA,2025-09
C016,900102,2025-10-31,72,5.76,0.0,0.0,0.0,7.0,0.56,69810.0,1191.0,1212.0,95.28,94.781,51.0,6.259,False,6.259,0.35200000000000004,10.56,17.78125,2025-10-01,Canasta Familiar,Grandes Superficies,Santanderes,Bucaramanga Metropolitana,Bucaramanga,Supermercado,PEPPERONI TAJADO CASA IBERIA 80G,0.08,UND,PEPPERONI,CHARCUTERIA,CARNES MADURADAS,regular,CASA IBERIA,IMPORTADO,2025-10
C002,300102,2025-10-31,97,22.31,0.0,0.0,0.0,7.0,1.61,66860.0,1540.0,1577.0,354.2,357.65,60.0,18.860000000000014,False,18.860000000000014,1.1576666666666666,34.73,16.291390728476834,2025-10-01,SuperAhorro,Grandes Superficies,Antioquia,Valle de Aburrá,Medellín,Supermercado,JAMON DE PAVO FINAS LONCHAS SIERRA CARNES 230G,0.23,UND,JAMON PAVO,LONCHAS,CARNES FRIAS,regular,SIERRA CARNES,NACIONAL,2025-10
C004,120104,2025-10-31,177,35.4,117.0,23.4,688740.0,12.0,2.4,88590.0,4377.0,4350.0,875.4,853.888,204.0,56.91199999999992,False,56.91199999999992,3.2600000000000002,97.80000000000001,17.457668711656417,2025-10-01,Descuento Ya,Hard Discount,Centro,Bogotá y Sabana,Bogotá,Discounter,MOZZARELLA LIGHT CAMPOCLARO 200G,0.2,UND,MOZZARELLA,QUESOS TAJADOS,QUESOS FRESCOS,regular,CAMPOCLARO,NACIONAL,2025-10
C015,300102,2025-10-31,18,4.14,0.0,0.0,0.0,0.0,0.0,0.0,412.0,413.0,94.76,93.38,17.0,5.52000000000001,False,5.52000000000001,0.3143333333333333,9.43,17.56097560975613,2025-10-01,Abarrotes Norte,Tradicional Modernizado,Caribe,Costa Norte,Barranquilla,Supermercado Regional,JAMON DE PAVO FINAS LONCHAS SIERRA CARNES 230G,0.23,UND,JAMON PAVO,LONCHAS,CARNES FRIAS,regular,SIERRA CARNES,NACIONAL,2025-10
C005,110113,2025-10-31,105,26.25,90.0,0.0,1008590.0,15.0,3.75,217090.0,2544.0,2533.0,548.5,623.89,116.0,-49.139999999999986,True,0.0,2.2916666666666665,68.75,0.0,2025-10-01,PrecioListo,Hard Discount,Antioquia,Valle de Aburrá,Medellín,Discounter,PARMESANO RALLADO ORO LECHE 250G,0.25,UND,TIPO PARMESANO,RALLADOS,QUESO PARMESANO,regular,ORO LECHE,MAQUILA,2025-10
C014,110106,2025-10-31,51,6.375,0.0,0.0,0.0,2.0,0.25,25940.0,1084.0,1071.0,135.5,132.53,64.0,9.344999999999999,False,9.344999999999999,0.45,13.5,20.766666666666662,2025-10-01,Plaza Hogar,Grandes Superficies,Occidente,Valle del Cauca,Cali,Hipermercado,BRIE CUÑA MONTE AZUL 125G,0.125,UND,BRIE,QUESOS BLANDOS,QUESOS MADURADOS,regular,MONTE AZUL,IMPORTADO,2025-10
C012,110114,2025-10-31,20,5.0,0.0,0.0,0.0,2.0,0.5,53060.0,297.0,308.0,74.25,75.06,9.0,4.189999999999998,False,4.189999999999998,0.25833333333333336,7.75,16.219354838709666,2025-10-01,Delimarket Gourmet,Tiendas Especializadas,Centro,Bogotá y Sabana,Bogotá,Especialidad,GOUDA NATURAL CUÑA LOMA DORADA 250G,0.25,UND,GOUDA NATURAL,CUÑAS,QUESOS MADURADOS,regular,LOMA DORADA,IMPORTADO,2025-10
C012,110109,2025-10-31,14,2.1,0.0,0.0,0.0,0.0,0.0,0.0,334.0,328.0,47.504999999999995,47.55,20.0,2.0549999999999997,False,2.0549999999999997,0.16000000000000003,4.800000000000001,12.843749999999996,2025-10-01,Delimarket Gourmet,Tiendas Especializadas,Centro,Bogotá y Sabana,Bogotá,Especialidad,IBERICO CUÑA MONTE AZUL 150G,0.15,UND,IBERICO,CUÑAS PREMIUM,QUESOS MADURADOS,regular,MONTE AZUL,IMPORTADO,2025-10
C014,130103,2025-10-31,91,26.208,0.0,0.0,0.0,9.0,2.592,73830.0,2236.0,2206.0,643.968,621.942,121.0,48.233999999999924,False,48.233999999999924,2.0928,62.784,23.04759174311923,2025-10-01,Plaza Hogar,Grandes Superficies,Occidente,Valle del Cauca,Cali,Hipermercado,LONCHAS AMERICANAS DELILAT 288G,0.288,UND,CHEDDAR ANALOGO,LONCHITAS,QUESOS ANALOGOS,regular,DELILAT,MAQUILA,2025-10
C016,110101,2025-10-31,52,7.8,0.0,0.0,0.0,3.0,0.45,44050.0,994.0,988.0,149.1,146.34,58.0,10.560000000000002,False,10.560000000000002,0.6349999999999999,19.049999999999997,16.629921259842526,2025-10-01,Canasta Familiar,Grandes Superficies,Santanderes,Bucaramanga Metropolitana,Bucaramanga,Supermercado,GOUDA AHUMADO TAJADO LOMA DORADA 150G,0.15,UND,GOUDA AHUMADO,QUESOS TAJADOS PREMIUM,QUESOS MADURADOS,regular,LOMA DORADA,IMPORTADO,2025-10
C006,120101,2025-10-31,133,33.25,113.0,28.25,817650.0,17.0,4.25,154110.0,3530.0,3504.0,882.5,865.59,159.0,50.15999999999997,False,50.15999999999997,2.9833333333333334,89.5,16.81340782122904,2025-10-01,PuntoMenos Caribe,Hard Discount,Caribe,Costa Norte,Cartagena,Discounter,MOZZARELLA TAJADA CAMPOCLARO 250G,0.25,UND,MOZZARELLA,QUESOS TAJADOS,QUESOS FRESCOS,regular,CAMPOCLARO,NACIONAL,2025-10
C002,190101,2025-10-31,18,7.2,0.0,0.0,0.0,0.0,0.0,0.0,5.0,21.0,2.0,8.4,2.0,0.7999999999999989,False,0.7999999999999989,0.16000000000000003,4.800000000000001,4.999999999999992,2025-10-01,SuperAhorro,Grandes Superficies,Antioquia,Valle de Aburrá,Medellín,Supermercado,TABLA APERITIVO NAVIDEÑA MONTE AZUL 400G,0.4,UND,MIXTO QUESOS,TEMPORADA,QUESOS MADURADOS,temporada,MONTE AZUL,IMPORTADO,2025-10
C017,900103,2025-10-31,3,0.24,3.0,0.24,25540.0,1.0,0.08,11800.0,148.0,146.0,11.44,11.44,5.0,0.2400000000000002,False,0.2400000000000002,0.02666666666666667,0.8,9.000000000000007,2025-10-01,RapiExpress,E-commerce,Centro,Bogotá y Sabana,Bogotá,Quick Commerce,JAMON SERRANO TAJADO CASA IBERIA 80G,0.08,UND,JAMON SERRANO,CHARCUTERIA,CARNES MADURADAS,regular,CASA IBERIA,IMPORTADO,2025-10
C004,110113,2025-10-31,145,36.25,95.0,23.75,1096290.0,11.0,2.75,154770.0,3053.0,3058.0,763.25,756.24,140.0,43.25999999999999,False,43.25999999999999,2.783333333333333,83.5,15.542514970059878,2025-10-01,Descuento Ya,Hard Discount,Centro,Bogotá y Sabana,Bogotá,Discounter,PARMESANO RALLADO ORO LECHE 250G,0.25,UND,TIPO PARMESANO,RALLADOS,QUESO PARMESANO,regular,ORO LECHE,MAQUILA,2025-10
C005,120103,2025-10-31,132,26.4,89.0,17.8,653730.0,13.0,2.6,119300.0,3378.0,3360.0,675.6,664.256,150.0,37.74400000000003,False,37.74400000000003,2.3,69.0,16.41043478260871,2025-10-01,PrecioListo,Hard Discount,Antioquia,Valle de Aburrá,Medellín,Discounter,QUESO CREMA CAMPOCLARO 200G,0.2,UND,CREMAS,UNTABLES,QUESOS FRESCOS,regular,CAMPOCLARO,NACIONAL,2025-10
C016,120103,2025-10-31,73,14.6,0.0,0.0,0.0,3.0,0.6,30070.0,1222.0,1225.0,244.4,243.216,70.0,15.783999999999992,False,15.783999999999992,0.8466666666666666,25.4,18.642519685039364,2025-10-01,Canasta Familiar,Grandes Superficies,Santanderes,Bucaramanga Metropolitana,Bucaramanga,Supermercado,QUESO CREMA CAMPOCLARO 200G,0.2,UND,CREMAS,UNTABLES,QUESOS FRESCOS,regular,CAMPOCLARO,NACIONAL,2025-10
C004,120103,2025-10-31,174,34.8,0.0,0.0,0.0,20.0,4.0,184650.0,4598.0,4621.0,919.6,906.944,151.0,47.45600000000002,False,47.45600000000002,3.033333333333333,91.0,15.644835164835172,2025-10-01,Descuento Ya,Hard Discount,Centro,Bogotá y Sabana,Bogotá,Discounter,QUESO CREMA CAMPOCLARO 200G,0.2,UND,CREMAS,UNTABLES,QUESOS FRESCOS,regular,CAMPOCLARO,NACIONAL,2025-10
C012,110102,2025-10-31,21,3.15,0.0,0.0,0.0,1.0,0.15,16310.0,388.0,397.0,52.35,58.949999999999996,12.0,-3.4499999999999957,True,0.0,0.20500000000000002,6.15,0.0,2025-10-01,Delimarket Gourmet,Tiendas Especializadas,Centro,Bogotá y Sabana,Bogotá,Especialidad,HOLANDES TAJADO LOMA DORADA 150G,0.15,UND,HOLANDES,QUESOS TAJADOS PREMIUM,QUESOS MADURADOS,regular,LOMA DORADA,IMPORTADO,2025-10
C012,900102,2025-10-31,24,1.92,0.0,0.0,0.0,0.0,0.0,0.0,385.0,386.0,30.8,30.080000000000002,23.0,2.639999999999997,False,2.639999999999997,0.09866666666666667,2.96,26.756756756756726,2025-10-01,Delimarket Gourmet,Tiendas Especializadas,Centro,Bogotá y Sabana,Bogotá,Especialidad,PEPPERONI TAJADO CASA IBERIA 80G,0.08,UND,PEPPERONI,CHARCUTERIA,CARNES MADURADAS,regular,CASA IBERIA,IMPORTADO,2025-10
C014,110115,2025-10-31,41,10.25,0.0,0.0,0.0,1.0,0.25,25580.0,956.0,944.0,239.0,231.51,53.0,17.74000000000001,False,17.74000000000001,0.725,21.75,24.468965517241394,2025-10-01,Plaza Hogar,Grandes Superficies,Occidente,Valle del Cauca,Cali,Hipermercado,FETA CUBOS CASA SIERRA 250G,0.25,UND,FETA,ESPECIALES,QUESOS MADURADOS,regular,CASA SIERRA,IMPORTADO,2025-10
C002,120104,2025-10-31,82,16.4,0.0,0.0,0.0,9.0,1.8,72650.0,1764.0,1754.0,352.8,347.904,92.0,21.295999999999992,False,21.295999999999992,1.146666666666667,34.400000000000006,18.572093023255803,2025-10-01,SuperAhorro,Grandes Superficies,Antioquia,Valle de Aburrá,Medellín,Supermercado,MOZZARELLA LIGHT CAMPOCLARO 200G,0.2,UND,MOZZARELLA,QUESOS TAJADOS,QUESOS FRESCOS,regular,CAMPOCLARO,NACIONAL,2025-10
C016,900104,2025-10-31,54,4.32,0.0,0.0,0.0,6.0,0.48,56610.0,1231.0,1219.0,98.48,96.378,66.0,6.422000000000011,False,6.422000000000011,0.3813333333333333,11.44,16.840909090909122,2025-10-01,Canasta Familiar,Grandes Superficies,Santanderes,Bucaramanga Metropolitana,Bucaramanga,Supermercado,CHORIZO TAJADO CASA IBERIA 80G,0.08,UND,CHORIZO,CHARCUTERIA,CARNES MADURADAS,regular,CASA IBERIA,IMPORTADO,2025-10
C016,130103,2025-10-31,88,25.344,0.0,0.0,0.0,4.0,1.152,33150.0,1658.0,1666.0,477.504,472.827,80.0,30.021000000000015,False,30.021000000000015,1.9103999999999999,57.312,15.714510050251265,2025-10-01,Canasta Familiar,Grandes Superficies,Santanderes,Bucaramanga Metropolitana,Bucaramanga,Supermercado,LONCHAS AMERICANAS DELILAT 288G,0.288,UND,CHEDDAR ANALOGO,LONCHITAS,QUESOS ANALOGOS,regular,DELILAT,MAQUILA,2025-10
C002,110110,2025-10-31,31,11.16,0.0,0.0,0.0,0.0,0.0,0.0,579.0,591.0,200.16,209.491,19.0,1.8289999999999793,False,1.8289999999999793,0.8039999999999999,24.119999999999997,2.2748756218905215,2025-10-01,SuperAhorro,Grandes Superficies,Antioquia,Valle de Aburrá,Medellín,Supermercado,MIX QUESOS PREMIUM MONTE AZUL 360G,0.36,UND,MIXTO QUESOS,MEZCLAS PREMIUM,QUESOS MADURADOS,regular,MONTE AZUL,IMPORTADO,2025-10
C013,110107,2025-10-31,12,1.5,0.0,0.0,0.0,0.0,0.0,0.0,212.0,216.0,24.875,26.635,8.0,-0.26000000000000156,True,0.0,0.09166666666666666,2.75,0.0,2025-10-01,La Mesa Premium,Tiendas Especializadas,Occidente,,Cali,Especialidad,CAMEMBERT CUÑA MONTE AZUL 125G,0.125,UND,CAMEMBERT,QUESOS BLANDOS,QUESOS MADURADOS,regular,MONTE AZUL,IMPORTADO,2025-10
C014,110103,2025-10-31,64,9.6,0.0,0.0,0.0,6.0,0.9,88090.0,1460.0,1478.0,219.0,219.0,46.0,9.599999999999994,False,9.599999999999994,0.8,24.0,11.999999999999993,2025-10-01,Plaza Hogar,Grandes Superficies,Occidente,Valle del Cauca,Cali,Hipermercado,MUENSTER TAJADO LOMA DORADA 150G,0.15,UND,MUENSTER,QUESOS TAJADOS PREMIUM,QUESOS MADURADOS,regular,LOMA DORADA,IMPORTADO,2025-10
C018,300102,2025-10-31,96,22.08,81.0,18.63,550180.0,9.0,2.07,76710.0,2427.0,2415.0,558.21,549.912,108.0,30.378000000000043,False,30.378000000000043,1.978,59.339999999999996,15.357937310414583,2025-10-01,Cadena Uno,Hard Discount,Occidente,Valle del Cauca,Cali,Discounter,JAMON DE PAVO FINAS LONCHAS SIERRA CARNES 230G,0.23,UND,JAMON PAVO,LONCHAS,CARNES FRIAS,regular,SIERRA CARNES,NACIONAL,2025-10
C012,900103,2025-10-31,29,2.32,0.0,0.0,0.0,2.0,0.16,23720.0,523.0,547.0,40.544000000000004,42.64,5.0,0.22400000000000375,False,0.22400000000000375,0.12266666666666666,3.6799999999999997,1.8260869565217699,2025-10-01,Delimarket Gourmet,Tiendas Especializadas,Centro,Bogotá y Sabana,Bogotá,Especialidad,JAMON SERRANO TAJADO CASA IBERIA 80G,0.08,UND,JAMON SERRANO,CHARCUTERIA,CARNES MADURADAS,regular,CASA IBERIA,IMPORTADO,2025-10
C001,110113,2025-10-31,116,29.0,0.0,0.0,0.0,10.0,2.5,156690.0,1971.0,1979.0,475.0,483.5,108.0,20.5,False,20.5,1.8416666666666666,55.25,11.131221719457015,2025-10-01,HiperMax Nacional,Grandes Superficies,Centro,Bogotá y Sabana,Bogotá,Hipermercado,PARMESANO RALLADO ORO LECHE 250G,0.25,UND,TIPO PARMESANO,RALLADOS,QUESO PARMESANO,regular,ORO LECHE,MAQUILA,2025-10
C013,190101,2025-10-31,4,1.6,0.0,0.0,0.0,0.0,0.0,0.0,3.0,6.0,1.2000000000000002,2.4000000000000004,1.0,0.3999999999999999,False,0.3999999999999999,0.02666666666666667,0.8,14.999999999999996,2025-10-01,La Mesa Premium,Tiendas Especializadas,Occidente,,Cali,Especialidad,TABLA APERITIVO NAVIDEÑA MONTE AZUL 400G,0.4,UND,MIXTO QUESOS,TEMPORADA,QUESOS MADURADOS,temporada,MONTE AZUL,IMPORTADO,2025-10
C002,900104,2025-10-31,92,7.36,0.0,0.0,0.0,9.0,0.72,83510.0,1457.0,1504.0,116.56,119.319,45.0,4.600999999999999,False,4.600999999999999,0.4906666666666667,14.72,9.377038043478258,2025-10-01,SuperAhorro,Grandes Superficies,Antioquia,Valle de Aburrá,Medellín,Supermercado,CHORIZO TAJADO CASA IBERIA 80G,0.08,UND,CHORIZO,CHARCUTERIA,CARNES MADURADAS,regular,CASA IBERIA,IMPORTADO,2025-10
C004,130104,2025-10-31,245,36.75,0.0,0.0,0.0,13.0,1.95,71450.0,5177.0,5226.0,749.1,774.126,196.0,11.724000000000046,False,11.724000000000046,2.87,86.10000000000001,4.085017421602804,2025-10-01,Descuento Ya,Hard Discount,Centro,Bogotá y Sabana,Bogotá,Discounter,PIZZA MIX RALLADO DELILAT 150G,0.15,UND,MIXTO QUESOS,RALLADOS,QUESOS ANALOGOS,regular,DELILAT,MAQUILA,2025-10
C001,110107,2025-10-31,61,7.625,0.0,0.0,0.0,6.0,0.75,76430.0,1480.0,1503.0,185.0,184.575,38.0,8.050000000000011,False,8.050000000000011,0.625,18.75,12.880000000000019,2025-10-01,HiperMax Nacional,Grandes Superficies,Centro,Bogotá y Sabana,Bogotá,Hipermercado,CAMEMBERT CUÑA MONTE AZUL 125G,0.125,UND,CAMEMBERT,QUESOS BLANDOS,QUESOS MADURADOS,regular,MONTE AZUL,IMPORTADO,2025-10
C001,300102,2025-10-31,84,19.32,0.0,0.0,0.0,7.0,1.61,67250.0,1983.0,1963.0,440.91,437.846,104.0,22.384000000000015,False,22.384000000000015,1.6406666666666667,49.22,13.643234457537595,2025-10-01,HiperMax Nacional,Grandes Superficies,Centro,Bogotá y Sabana,Bogotá,Hipermercado,JAMON DE PAVO FINAS LONCHAS SIERRA CARNES 230G,0.23,UND,JAMON PAVO,LONCHAS,CARNES FRIAS,regular,SIERRA CARNES,NACIONAL,2025-10
C012,110105,2025-10-31,18,2.7,0.0,0.0,0.0,3.0,0.45,47110.0,319.0,319.0,45.45,46.961999999999996,18.0,1.1880000000000095,False,1.1880000000000095,0.125,3.75,9.504000000000076,2025-10-01,Delimarket Gourmet,Tiendas Especializadas,Centro,Bogotá y Sabana,Bogotá,Especialidad,PROVOLONE TAJADO LOMA DORADA 150G,0.15,UND,PROVOLONE,QUESOS TAJADOS PREMIUM,QUESOS MADURADOS,regular,LOMA DORADA,IMPORTADO,2025-10
C013,900103,2025-10-31,18,1.44,0.0,0.0,0.0,1.0,0.08,12020.0,418.0,435.0,33.44,34.48,1.0,0.3999999999999986,False,0.3999999999999986,0.112,3.36,3.5714285714285587,2025-10-01,La Mesa Premium,Tiendas Especializadas,Occidente,,Cali,Especialidad,JAMON SERRANO TAJADO CASA IBERIA 80G,0.08,UND,JAMON SERRANO,CHARCUTERIA,CARNES MADURADAS,regular,CASA IBERIA,IMPORTADO,2025-10
C005,120104,2025-10-31,145,29.0,0.0,0.0,0.0,8.0,1.6,57610.0,3301.0,3374.0,660.2,665.6,72.0,23.600000000000023,False,23.600000000000023,2.3066666666666666,69.2,10.23121387283238,2025-10-01,PrecioListo,Hard Discount,Antioquia,Valle de Aburrá,Medellín,Discounter,MOZZARELLA LIGHT CAMPOCLARO 200G,0.2,UND,MOZZARELLA,QUESOS TAJADOS,QUESOS FRESCOS,regular,CAMPOCLARO,NACIONAL,2025-10
C002,110103,2025-10-31,59,8.85,0.0,0.0,0.0,5.0,0.75,72650.0,1333.0,1330.0,199.95,197.316,62.0,11.48399999999998,False,11.48399999999998,0.69,20.7,16.64347826086954,2025-10-01,SuperAhorro,Grandes Superficies,Antioquia,Valle de Aburrá,Medellín,Supermercado,MUENSTER TAJADO LOMA DORADA 150G,0.15,UND,MUENSTER,QUESOS TAJADOS PREMIUM,QUESOS MADURADOS,regular,LOMA DORADA,IMPORTADO,2025-10
C001,300101,2025-10-31,170,39.1,0.0,0.0,0.0,15.0,3.45,132080.0,2610.0,2665.0,557.9110000000001,607.89,115.0,-10.878999999999905,True,0.0,1.9856666666666667,59.57,0.0,2025-10-01,HiperMax Nacional,Grandes Superficies,Centro,Bogotá y Sabana,Bogotá,Hipermercado,JAMON DE CERDO FINAS LONCHAS SIERRA CARNES 230G,0.23,UND,JAMON CERDO,LONCHAS,CARNES FRIAS,regular,SIERRA CARNES,NACIONAL,2025-10
C018,110113,2025-10-31,114,28.5,0.0,0.0,0.0,7.0,1.75,100030.0,2309.0,2340.0,577.25,577.49,83.0,28.25999999999999,False,28.25999999999999,2.0416666666666665,61.25,13.841632653061222,2025-10-01,Cadena Uno,Hard Discount,Occidente,Valle del Cauca,Cali,Discounter,PARMESANO RALLADO ORO LECHE 250G,0.25,UND,TIPO PARMESANO,RALLADOS,QUESO PARMESANO,regular,ORO LECHE,MAQUILA,2025-10
C016,900101,2025-10-31,52,4.16,0.0,0.0,0.0,6.0,0.48,61330.0,1040.0,1054.0,76.16,83.92,38.0,-3.6000000000000085,True,0.0,0.2853333333333333,8.56,0.0,2025-10-01,Canasta Familiar,Grandes Superficies,Santanderes,Bucaramanga Metropolitana,Bucaramanga,Supermercado,SALAMI TAJADO CASA IBERIA 80G,0.08,UND,SALAMI,CHARCUTERIA,CARNES MADURADAS,regular,CASA IBERIA,IMPORTADO,2025-10
C017,190101,2025-10-31,1,0.4,0.0,0.0,0.0,0.0,0.0,0.0,0.0,1.0,0.0,0.4,0.0,0.0,False,0.0,0.0,0.0,,2025-10-01,RapiExpress,E-commerce,Centro,Bogotá y Sabana,Bogotá,Quick Commerce,TABLA APERITIVO NAVIDEÑA MONTE AZUL 400G,0.4,UND,MIXTO QUESOS,TEMPORADA,QUESOS MADURADOS,temporada,MONTE AZUL,IMPORTADO,2025-10
C006,120103,2025-10-31,114,22.8,0.0,0.0,0.0,7.0,1.4,63170.0,2435.0,2458.0,487.0,483.52,91.0,26.28000000000003,False,26.28000000000003,1.5933333333333333,47.8,16.493723849372405,2025-10-01,PuntoMenos Caribe,Hard Discount,Caribe,Costa Norte,Cartagena,Discounter,QUESO CREMA CAMPOCLARO 200G,0.2,UND,CREMAS,UNTABLES,QUESOS FRESCOS,regular,CAMPOCLARO,NACIONAL,2025-10
C014,110114,2025-10-31,74,18.5,0.0,0.0,0.0,5.0,1.25,119790.0,2440.0,2526.0,610.0,619.72,-12.0,8.779999999999973,False,8.779999999999973,0.9666666666666667,29.0,9.082758620689626,2025-10-01,Plaza Hogar,Grandes Superficies,Occidente,Valle del Cauca,Cali,Hipermercado,GOUDA NATURAL CUÑA LOMA DORADA 250G,0.25,UND,GOUDA NATURAL,CUÑAS,QUESOS MADURADOS,regular,LOMA DORADA,IMPORTADO,2025-10
C001,900101,2025-10-31,80,6.4,0.0,0.0,0.0,9.0,0.72,89120.0,1931.0,1949.0,154.48,153.12,62.0,7.759999999999991,False,7.759999999999991,0.5733333333333334,17.2,13.534883720930216,2025-10-01,HiperMax Nacional,Grandes Superficies,Centro,Bogotá y Sabana,Bogotá,Hipermercado,SALAMI TAJADO CASA IBERIA 80G,0.08,UND,SALAMI,CHARCUTERIA,CARNES MADURADAS,regular,CASA IBERIA,IMPORTADO,2025-10
C012,900101,2025-10-31,24,1.92,0.0,0.0,0.0,3.0,0.24,33680.0,455.0,460.0,36.4,35.28,19.0,3.039999999999999,False,3.039999999999999,0.12266666666666667,3.68,24.782608695652165,2025-10-01,Delimarket Gourmet,Tiendas Especializadas,Centro,Bogotá y Sabana,Bogotá,Especialidad,SALAMI TAJADO CASA IBERIA 80G,0.08,UND,SALAMI,CHARCUTERIA,CARNES MADURADAS,regular,CASA IBERIA,IMPORTADO,2025-10
C002,120103,2025-10-31,97,19.4,0.0,0.0,0.0,3.0,0.6,30680.0,1967.0,1953.0,364.2,384.8,111.0,-1.2000000000000455,True,0.0,1.353333333333333,40.599999999999994,0.0,2025-10-01,SuperAhorro,Grandes Superficies,Antioquia,Valle de Aburrá,Medellín,Supermercado,QUESO CREMA CAMPOCLARO 200G,0.2,UND,CREMAS,UNTABLES,QUESOS FRESCOS,regular,CAMPOCLARO,NACIONAL,2025-10
C015,130101,2025-10-31,29,4.35,0.0,0.0,0.0,3.0,0.45,16650.0,609.0,624.0,87.9,92.076,14.0,0.1740000000000066,False,0.1740000000000066,0.3,9.0,0.580000000000022,2025-10-01,Abarrotes Norte,Tradicional Modernizado,Caribe,Costa Norte,Barranquilla,Supermercado Regional,CHEDDAR ESTILO AMERICANO DELILAT 150G,0.15,UND,CHEDDAR ANALOGO,LONCHAS,QUESOS ANALOGOS,regular,DELILAT,MAQUILA,2025-10
C006,110112,2025-10-31,125,12.5,0.0,0.0,0.0,12.0,1.2,74020.0,3172.0,3183.0,317.2,317.404,114.0,12.295999999999992,False,12.295999999999992,1.12,33.6,10.97857142857142,2025-10-01,PuntoMenos Caribe,Hard Discount,Caribe,Costa Norte,Cartagena,Discounter,PARMESANO RALLADO ORO LECHE 100G,0.1,UND,TIPO PARMESANO,RALLADOS,QUESO PARMESANO,regular,ORO LECHE,MAQUILA,2025-10
C014,120103,2025-10-31,87,17.4,0.0,0.0,0.0,10.0,2.0,102210.0,1828.0,1861.0,366.94,360.704,54.0,23.635999999999967,False,23.635999999999967,1.3533333333333333,40.6,17.465024630541848,2025-10-01,Plaza Hogar,Grandes Superficies,Occidente,Valle del Cauca,Cali,Hipermercado,QUESO CREMA CAMPOCLARO 200G,0.2,UND,CREMAS,UNTABLES,QUESOS FRESCOS,regular,CAMPOCLARO,NACIONAL,2025-10
C017,190102,2025-10-31,2,1.0,0.0,0.0,0.0,0.0,0.0,0.0,2.0,3.0,1.0,1.5,1.0,0.5,False,0.5,0.016666666666666666,0.5,30.0,2025-10-01,RapiExpress,E-commerce,Centro,Bogotá y Sabana,Bogotá,Quick Commerce,DUO FESTIVO QUESOS Y CARNES 500G,0.5,UND,MIXTO QUESOS-CARNES,TEMPORADA,QUESOS MADURADOS,temporada,MONTE AZUL,MAQUILA,2025-10
C014,900102,2025-10-31,76,6.08,0.0,0.0,0.0,6.0,0.48,59700.0,1348.0,1359.0,104.08,106.57900000000001,65.0,3.580999999999989,False,3.580999999999989,0.384,11.52,9.325520833333304,2025-10-01,Plaza Hogar,Grandes Superficies,Occidente,Valle del Cauca,Cali,Hipermercado,PEPPERONI TAJADO CASA IBERIA 80G,0.08,UND,PEPPERONI,CHARCUTERIA,CARNES MADURADAS,regular,CASA IBERIA,IMPORTADO,2025-10
C013,110101,2025-10-31,19,2.85,0.0,0.0,0.0,3.0,0.45,48470.0,280.0,293.0,40.35,42.3,6.0,0.9000000000000057,False,0.9000000000000057,0.18999999999999997,5.699999999999999,4.736842105263189,2025-10-01,La Mesa Premium,Tiendas Especializadas,Occidente,,Cali,Especialidad,GOUDA AHUMADO TAJADO LOMA DORADA 150G,0.15,UND,GOUDA AHUMADO,QUESOS TAJADOS PREMIUM,QUESOS MADURADOS,regular,LOMA DORADA,IMPORTADO,2025-10
C001,110106,2025-10-31,71,8.875,0.0,0.0,0.0,5.0,0.625,64280.0,1500.0,1488.0,187.5,184.125,83.0,12.25,False,12.25,0.625,18.75,19.6,2025-10-01,HiperMax Nacional,Grandes Superficies,Centro,Bogotá y Sabana,Bogotá,Hipermercado,BRIE CUÑA MONTE AZUL 125G,0.125,UND,BRIE,QUESOS BLANDOS,QUESOS MADURADOS,regular,MONTE AZUL,IMPORTADO,2025-10
C014,110102,2025-10-31,74,11.1,0.0,0.0,0.0,5.0,0.75,71690.0,1184.0,1189.0,165.6,178.038,69.0,-1.3380000000000223,True,0.0,0.705,21.15,0.0,2025-10-01,Plaza Hogar,Grandes Superficies,Occidente,Valle del Cauca,Cali,Hipermercado,HOLANDES TAJADO LOMA DORADA 150G,0.15,UND,HOLANDES,QUESOS TAJADOS PREMIUM,QUESOS MADURADOS,regular,LOMA DORADA,IMPORTADO,2025-10
C005,130101,2025-10-31,356,53.4,0.0,0.0,0.0,33.0,4.95,172950.0,9023.0,9075.0,1303.95,1354.2,304.0,3.150000000000091,False,3.150000000000091,4.975,149.25,0.6331658291457469,2025-10-01,PrecioListo,Hard Discount,Antioquia,Valle de Aburrá,Medellín,Discounter,CHEDDAR ESTILO AMERICANO DELILAT 150G,0.15,UND,CHEDDAR ANALOGO,LONCHAS,QUESOS ANALOGOS,regular,DELILAT,MAQUILA,2025-10
C017,120103,2025-10-31,6,1.2,5.0,1.0,38110.0,1.0,0.2,10640.0,203.0,203.0,40.6,39.632000000000005,6.0,2.1679999999999993,False,2.1679999999999993,0.14,4.2,15.485714285714279,2025-10-01,RapiExpress,E-commerce,Centro,Bogotá y Sabana,Bogotá,Quick Commerce,QUESO CREMA CAMPOCLARO 200G,0.2,UND,CREMAS,UNTABLES,QUESOS FRESCOS,regular,CAMPOCLARO,NACIONAL,2025-10
C015,120103,2025-10-31,22,4.4,0.0,0.0,0.0,1.0,0.2,9670.0,419.0,428.0,83.8,84.784,13.0,3.415999999999997,False,3.415999999999997,0.28,8.4,12.199999999999987,2025-10-01,Abarrotes Norte,Tradicional Modernizado,Caribe,Costa Norte,Barranquilla,Supermercado Regional,QUESO CREMA CAMPOCLARO 200G,0.2,UND,CREMAS,UNTABLES,QUESOS FRESCOS,regular,CAMPOCLARO,NACIONAL,2025-10
C013,190102,2025-10-31,4,2.0,0.0,0.0,0.0,0.0,0.0,0.0,3.0,6.0,1.5,3.0,1.0,0.5,False,0.5,0.03333333333333333,1.0,15.0,2025-10-01,La Mesa Premium,Tiendas Especializadas,Occidente,,Cali,Especialidad,DUO FESTIVO QUESOS Y CARNES 500G,0.5,UND,MIXTO QUESOS-CARNES,TEMPORADA,QUESOS MADURADOS,temporada,MONTE AZUL,MAQUILA,2025-10
C014,110112,2025-10-31,98,9.8,0.0,0.0,0.0,10.0,1.0,67350.0,2291.0,2286.0,230.04,226.556,103.0,13.283999999999992,False,13.283999999999992,0.7933333333333333,23.8,16.74453781512604,2025-10-01,Plaza Hogar,Grandes Superficies,Occidente,Valle del Cauca,Cali,Hipermercado,PARMESANO RALLADO ORO LECHE 100G,0.1,UND,TIPO PARMESANO,RALLADOS,QUESO PARMESANO,regular,ORO LECHE,MAQUILA,2025-10
C003,190101,2025-10-31,14,5.6,0.0,0.0,0.0,0.0,0.0,0.0,4.0,16.0,1.6,6.4,2.0,0.7999999999999989,False,0.7999999999999989,0.09333333333333334,2.8000000000000003,8.571428571428559,2025-10-01,MaxiCompra Caribe,Grandes Superficies,Caribe,Costa Norte,Barranquilla,Supermercado,TABLA APERITIVO NAVIDEÑA MONTE AZUL 400G,0.4,UND,MIXTO QUESOS,TEMPORADA,QUESOS MADURADOS,temporada,MONTE AZUL,IMPORTADO,2025-10
C017,120101,2025-10-31,6,1.5,7.0,1.75,54640.0,4.0,1.0,41750.0,244.0,242.0,59.25,60.5,8.0,0.25,False,0.25,0.225,6.75,1.1111111111111112,2025-10-01,RapiExpress,E-commerce,Centro,Bogotá y Sabana,Bogotá,Quick Commerce,MOZZARELLA TAJADA CAMPOCLARO 250G,0.25,UND,MOZZARELLA,QUESOS TAJADOS,QUESOS FRESCOS,regular,CAMPOCLARO,NACIONAL,2025-10
C001,110102,2025-10-31,87,13.05,0.0,0.0,0.0,4.0,0.6,57250.0,1983.0,1975.0,297.45,291.876,95.0,18.624000000000024,False,18.624000000000024,1.115,33.45,16.703139013452937,2025-10-01,HiperMax Nacional,Grandes Superficies,Centro,Bogotá y Sabana,Bogotá,Hipermercado,HOLANDES TAJADO LOMA DORADA 150G,0.15,UND,HOLANDES,QUESOS TAJADOS PREMIUM,QUESOS MADURADOS,regular,LOMA DORADA,IMPORTADO,2025-10
C014,300102,2025-10-31,61,14.03,0.0,0.0,0.0,6.0,1.38,56690.0,1333.0,1363.0,292.56,299.957,31.0,6.632999999999981,False,6.632999999999981,0.8509999999999999,25.529999999999998,7.794359576968252,2025-10-01,Plaza Hogar,Grandes Superficies,Occidente,Valle del Cauca,Cali,Hipermercado,JAMON DE PAVO FINAS LONCHAS SIERRA CARNES 230G,0.23,UND,JAMON PAVO,LONCHAS,CARNES FRIAS,regular,SIERRA CARNES,NACIONAL,2025-10
C014,110105,2025-10-31,60,9.0,0.0,0.0,0.0,8.0,1.2,117930.0,1168.0,1176.0,168.3,174.612,52.0,2.6880000000000166,False,2.6880000000000166,0.6649999999999999,19.95,4.04210526315792,2025-10-01,Plaza Hogar,Grandes Superficies,Occidente,Valle del Cauca,Cali,Hipermercado,PROVOLONE TAJADO LOMA DORADA 150G,0.15,UND,PROVOLONE,QUESOS TAJADOS PREMIUM,QUESOS MADURADOS,regular,LOMA DORADA,IMPORTADO,2025-10
C016,110103,2025-10-31,45,6.75,0.0,0.0,0.0,5.0,0.75,74120.0,1017.0,1012.0,147.45,150.918,50.0,3.2819999999999823,False,3.2819999999999823,0.53,15.9,6.192452830188645,2025-10-01,Canasta Familiar,Grandes Superficies,Santanderes,Bucaramanga Metropolitana,Bucaramanga,Supermercado,MUENSTER TAJADO LOMA DORADA 150G,0.15,UND,MUENSTER,QUESOS TAJADOS PREMIUM,QUESOS MADURADOS,regular,LOMA DORADA,IMPORTADO,2025-10
C013,900101,2025-10-31,19,1.52,0.0,0.0,0.0,1.0,0.08,11020.0,274.0,273.0,21.919999999999998,21.76,20.0,1.6799999999999962,False,1.6799999999999962,0.07733333333333332,2.32,21.724137931034434,2025-10-01,La Mesa Premium,Tiendas Especializadas,Occidente,,Cali,Especialidad,SALAMI TAJADO CASA IBERIA 80G,0.08,UND,SALAMI,CHARCUTERIA,CARNES MADURADAS,regular,CASA IBERIA,IMPORTADO,2025-10
C012,110108,2025-10-31,16,2.4,0.0,0.0,0.0,2.0,0.3,34270.0,326.0,324.0,48.9,48.3,18.0,3.0,False,3.0,0.24500000000000002,7.3500000000000005,12.244897959183673,2025-10-01,Delimarket Gourmet,Tiendas Especializadas,Centro,Bogotá y Sabana,Bogotá,Especialidad,MANCHEGO CUÑA MONTE AZUL 150G,0.15,UND,MANCHEGO,CUÑAS PREMIUM,QUESOS MADURADOS,regular,MONTE AZUL,IMPORTADO,2025-10
C013,110114,2025-10-31,14,3.5,0.0,0.0,0.0,1.0,0.25,27150.0,256.0,257.0,64.0,63.54,13.0,3.960000000000001,False,3.960000000000001,0.24166666666666667,7.25,16.386206896551727,2025-10-01,La Mesa Premium,Tiendas Especializadas,Occidente,,Cali,Especialidad,GOUDA NATURAL CUÑA LOMA DORADA 250G,0.25,UND,GOUDA NATURAL,CUÑAS,QUESOS MADURADOS,regular,LOMA DORADA,IMPORTADO,2025-10
C003,900101,2025-10-31,53,4.24,0.0,0.0,0.0,5.0,0.4,51580.0,1138.0,1156.0,91.04,90.595,35.0,4.685000000000002,False,4.685000000000002,0.3546666666666667,10.64,13.209586466165419,2025-10-01,MaxiCompra Caribe,Grandes Superficies,Caribe,Costa Norte,Barranquilla,Supermercado,SALAMI TAJADO CASA IBERIA 80G,0.08,UND,SALAMI,CHARCUTERIA,CARNES MADURADAS,regular,CASA IBERIA,IMPORTADO,2025-10
C003,900102,2025-10-31,85,6.8,0.0,0.0,0.0,2.0,0.16,19150.0,1429.0,1473.0,110.0,116.24000000000001,41.0,0.5599999999999881,False,0.5599999999999881,0.43466666666666665,13.04,1.2883435582821812,2025-10-01,MaxiCompra Caribe,Grandes Superficies,Caribe,Costa Norte,Barranquilla,Supermercado,PEPPERONI TAJADO CASA IBERIA 80G,0.08,UND,PEPPERONI,CHARCUTERIA,CARNES MADURADAS,regular,CASA IBERIA,IMPORTADO,2025-10
C016,120104,2025-10-31,81,16.2,0.0,0.0,0.0,8.0,1.6,64290.0,1495.0,1529.0,286.2,304.32,47.0,-1.920000000000016,True,0.0,1.1199999999999999,33.599999999999994,0.0,2025-10-01,Canasta Familiar,Grandes Superficies,Santanderes,Bucaramanga Metropolitana,Bucaramanga,Supermercado,MOZZARELLA LIGHT CAMPOCLARO 200G,0.2,UND,MOZZARELLA,QUESOS TAJADOS,QUESOS FRESCOS,regular,CAMPOCLARO,NACIONAL,2025-10
C016,110102,2025-10-31,56,8.4,0.0,0.0,0.0,1.0,0.15,14730.0,986.0,986.0,147.9,145.812,56.0,10.488,False,10.488,0.5249999999999999,15.749999999999998,19.97714285714286,2025-10-01,Canasta Familiar,Grandes Superficies,Santanderes,Bucaramanga Metropolitana,Bucaramanga,Supermercado,HOLANDES TAJADO LOMA DORADA 150G,0.15,UND,HOLANDES,QUESOS TAJADOS PREMIUM,QUESOS MADURADOS,regular,LOMA DORADA,IMPORTADO,2025-10
C006,130104,2025-10-31,112,16.8,0.0,0.0,0.0,10.0,1.5,54140.0,3079.0,3082.0,461.85,451.218,109.0,27.432000000000016,False,27.432000000000016,1.655,49.65,16.57522658610273,2025-10-01,PuntoMenos Caribe,Hard Discount,Caribe,Costa Norte,Cartagena,Discounter,PIZZA MIX RALLADO DELILAT 150G,0.15,UND,MIXTO QUESOS,RALLADOS,QUESOS ANALOGOS,regular,DELILAT,MAQUILA,2025-10
C006,110113,2025-10-31,95,23.75,0.0,0.0,0.0,3.0,0.75,42760.0,1780.0,1820.0,445.0,450.12,55.0,18.629999999999995,False,18.629999999999995,1.4666666666666666,44.0,12.702272727272724,2025-10-01,PuntoMenos Caribe,Hard Discount,Caribe,Costa Norte,Cartagena,Discounter,PARMESANO RALLADO ORO LECHE 250G,0.25,UND,TIPO PARMESANO,RALLADOS,QUESO PARMESANO,regular,ORO LECHE,MAQUILA,2025-10
C014,120101,2025-10-31,115,28.75,0.0,0.0,0.0,10.0,2.5,101750.0,2731.0,2723.0,658.75,674.13,123.0,13.370000000000005,False,13.370000000000005,2.0416666666666665,61.25,6.548571428571432,2025-10-01,Plaza Hogar,Grandes Superficies,Occidente,Valle del Cauca,Cali,Hipermercado,MOZZARELLA TAJADA CAMPOCLARO 250G,0.25,UND,MOZZARELLA,QUESOS TAJADOS,QUESOS FRESCOS,regular,CAMPOCLARO,NACIONAL,2025-10
C015,300101,2025-10-31,15,3.45,0.0,0.0,0.0,1.0,0.23,8940.0,373.0,371.0,85.514,84.392,17.0,4.572000000000003,False,4.572000000000003,0.253,7.590000000000001,18.0711462450593,2025-10-01,Abarrotes Norte,Tradicional Modernizado,Caribe,Costa Norte,Barranquilla,Supermercado Regional,JAMON DE CERDO FINAS LONCHAS SIERRA CARNES 230G,0.23,UND,JAMON CERDO,LONCHAS,CARNES FRIAS,regular,SIERRA CARNES,NACIONAL,2025-10
C014,190103,2025-10-31,16,9.6,0.0,0.0,0.0,0.0,0.0,0.0,0.0,12.0,0.0,7.199999999999999,4.0,2.4000000000000004,False,2.4000000000000004,0.16,4.8,15.000000000000002,2025-10-01,Plaza Hogar,Grandes Superficies,Occidente,Valle del Cauca,Cali,Hipermercado,RACLETTE CELEBRACION LOMA DORADA 600G,0.6,UND,MIXTO QUESOS,TEMPORADA,QUESOS MADURADOS,temporada,LOMA DORADA,IMPORTADO,2025-10
C018,110112,2025-10-31,136,13.6,0.0,0.0,0.0,16.0,1.6,99670.0,3449.0,3472.0,336.4,342.684,113.0,7.315999999999974,False,7.315999999999974,1.2666666666666666,38.0,5.77578947368419,2025-10-01,Cadena Uno,Hard Discount,Occidente,Valle del Cauca,Cali,Discounter,PARMESANO RALLADO ORO LECHE 100G,0.1,UND,TIPO PARMESANO,RALLADOS,QUESO PARMESANO,regular,ORO LECHE,MAQUILA,2025-10
C002,110113,2025-10-31,61,15.25,0.0,0.0,0.0,8.0,2.0,126130.0,1282.0,1284.0,320.5,321.0,59.0,14.75,False,14.75,1.2166666666666666,36.5,12.123287671232879,2025-10-01,SuperAhorro,Grandes Superficies,Antioquia,Valle de Aburrá,Medellín,Supermercado,PARMESANO RALLADO ORO LECHE 250G,0.25,UND,TIPO PARMESANO,RALLADOS,QUESO PARMESANO,regular,ORO LECHE,MAQUILA,2025-10
C003,190103,2025-10-31,19,11.4,0.0,0.0,0.0,1.0,0.6,40800.0,0.0,11.0,0.0,6.0,8.0,5.4,False,5.4,0.14,4.2,38.57142857142857,2025-10-01,MaxiCompra Caribe,Grandes Superficies,Caribe,Costa Norte,Barranquilla,Supermercado,RACLETTE CELEBRACION LOMA DORADA 600G,0.6,UND,MIXTO QUESOS,TEMPORADA,QUESOS MADURADOS,temporada,LOMA DORADA,IMPORTADO,2025-10
C014,190101,2025-10-31,23,9.2,0.0,0.0,0.0,0.0,0.0,0.0,2.0,23.0,0.8,9.200000000000001,2.0,0.7999999999999989,False,0.7999999999999989,0.17333333333333334,5.2,4.615384615384609,2025-10-01,Plaza Hogar,Grandes Superficies,Occidente,Valle del Cauca,Cali,Hipermercado,TABLA APERITIVO NAVIDEÑA MONTE AZUL 400G,0.4,UND,MIXTO QUESOS,TEMPORADA,QUESOS MADURADOS,temporada,MONTE AZUL,IMPORTADO,2025-10
C003,190102,2025-10-31,28,14.0,0.0,0.0,0.0,1.0,0.5,29890.0,0.0,16.0,0.0,8.0,12.0,6.0,False,6.0,0.13333333333333333,4.0,45.0,2025-10-01,MaxiCompra Caribe,Grandes Superficies,Caribe,Costa Norte,Barranquilla,Supermercado,DUO FESTIVO QUESOS Y CARNES 500G,0.5,UND,MIXTO QUESOS-CARNES,TEMPORADA,QUESOS MADURADOS,temporada,MONTE AZUL,MAQUILA,2025-10
C001,110101,2025-10-31,97,14.55,0.0,0.0,0.0,7.0,1.05,102400.0,1768.0,1788.0,255.75,264.954,77.0,5.346000000000004,False,5.346000000000004,0.935,28.05,5.717647058823533,2025-10-01,HiperMax Nacional,Grandes Superficies,Centro,Bogotá y Sabana,Bogotá,Hipermercado,GOUDA AHUMADO TAJADO LOMA DORADA 150G,0.15,UND,GOUDA AHUMADO,QUESOS TAJADOS PREMIUM,QUESOS MADURADOS,regular,LOMA DORADA,IMPORTADO,2025-10
C002,190102,2025-10-31,22,11.0,0.0,0.0,0.0,1.0,0.5,30450.0,0.0,14.0,0.0,7.0,8.0,4.0,False,4.0,0.15,4.5,26.666666666666668,2025-10-01,SuperAhorro,Grandes Superficies,Antioquia,Valle de Aburrá,Medellín,Supermercado,DUO FESTIVO QUESOS Y CARNES 500G,0.5,UND,MIXTO QUESOS-CARNES,TEMPORADA,QUESOS MADURADOS,temporada,MONTE AZUL,MAQUILA,2025-10
C006,130103,2025-10-31,124,35.712,0.0,0.0,0.0,14.0,4.032,105390.0,3262.0,3313.0,939.456,931.45,73.0,43.71799999999996,False,43.71799999999996,3.1392,94.176,13.926478083588162,2025-10-01,PuntoMenos Caribe,Hard Discount,Caribe,Costa Norte,Cartagena,Discounter,LONCHAS AMERICANAS DELILAT 288G,0.288,UND,CHEDDAR ANALOGO,LONCHITAS,QUESOS ANALOGOS,regular,DELILAT,MAQUILA,2025-10
C015,900102,2025-10-31,12,0.96,0.0,0.0,0.0,2.0,0.16,19220.0,265.0,270.0,20.080000000000002,21.44,7.0,-0.3999999999999986,True,0.0,0.05600000000000001,1.6800000000000002,0.0,2025-10-01,Abarrotes Norte,Tradicional Modernizado,Caribe,Costa Norte,Barranquilla,Supermercado Regional,PEPPERONI TAJADO CASA IBERIA 80G,0.08,UND,PEPPERONI,CHARCUTERIA,CARNES MADURADAS,regular,CASA IBERIA,IMPORTADO,2025-10
C002,900102,2025-10-31,86,6.88,0.0,0.0,0.0,8.0,0.64,77120.0,3026.0,3044.0,242.08,240.532,68.0,8.427999999999997,False,8.427999999999997,0.512,15.36,16.460937499999993,2025-10-01,SuperAhorro,Grandes Superficies,Antioquia,Valle de Aburrá,Medellín,Supermercado,PEPPERONI TAJADO CASA IBERIA 80G,0.08,UND,PEPPERONI,CHARCUTERIA,CARNES MADURADAS,regular,CASA IBERIA,IMPORTADO,2025-10
C002,110102,2025-10-31,77,11.55,0.0,0.0,0.0,3.0,0.45,42780.0,1316.0,1332.0,197.4,196.8,61.0,12.150000000000006,False,12.150000000000006,0.7500000000000001,22.500000000000004,16.200000000000006,2025-10-01,SuperAhorro,Grandes Superficies,Antioquia,Valle de Aburrá,Medellín,Supermercado,HOLANDES TAJADO LOMA DORADA 150G,0.15,UND,HOLANDES,QUESOS TAJADOS PREMIUM,QUESOS MADURADOS,regular,LOMA DORADA,IMPORTADO,2025-10
C014,130101,2025-10-31,100,15.0,0.0,0.0,0.0,13.0,1.95,75590.0,2361.0,2333.0,354.15,349.95,128.0,19.19999999999999,False,19.19999999999999,1.26,37.8,15.238095238095228,2025-10-01,Plaza Hogar,Grandes Superficies,Occidente,Valle del Cauca,Cali,Hipermercado,CHEDDAR ESTILO AMERICANO DELILAT 150G,0.15,UND,CHEDDAR ANALOGO,LONCHAS,QUESOS ANALOGOS,regular,DELILAT,MAQUILA,2025-10
C015,110113,2025-10-31,12,0.0,0.0,0.0,0.0,1.0,0.25,15320.0,281.0,280.0,67.25,70.0,13.0,-2.75,True,0.0,0.2833333333333333,8.5,0.0,2025-10-01,Abarrotes Norte,Tradicional Modernizado,Caribe,Costa Norte,Barranquilla,Supermercado Regional,PARMESANO RALLADO ORO LECHE 250G,0.25,UND,TIPO PARMESANO,RALLADOS,QUESO PARMESANO,regular,ORO LECHE,MAQUILA,2025-10
C006,300102,2025-10-31,97,22.31,57.0,13.11,398440.0,10.0,2.3,85420.0,1979.0,1988.0,455.17,453.78999999999996,88.0,23.690000000000055,False,23.690000000000055,1.6789999999999998,50.37,14.109589041095925,2025-10-01,PuntoMenos Caribe,Hard Discount,Caribe,Costa Norte,Cartagena,Discounter,JAMON DE PAVO FINAS LONCHAS SIERRA CARNES 230G,0.23,UND,JAMON PAVO,LONCHAS,CARNES FRIAS,regular,SIERRA CARNES,NACIONAL,2025-10
C004,300102,2025-10-31,99,22.77,77.0,17.71,534000.0,10.0,2.3,87390.0,3088.0,3053.0,710.24,689.08,134.0,43.92999999999995,False,43.92999999999995,2.5146666666666664,75.44,17.469512195121933,2025-10-01,Descuento Ya,Hard Discount,Centro,Bogotá y Sabana,Bogotá,Discounter,JAMON DE PAVO FINAS LONCHAS SIERRA CARNES 230G,0.23,UND,JAMON PAVO,LONCHAS,CARNES FRIAS,regular,SIERRA CARNES,NACIONAL,2025-10
C002,110115,2025-10-31,68,17.0,0.0,0.0,0.0,2.0,0.5,50200.0,1252.0,1245.0,313.0,301.87,75.0,28.129999999999995,False,28.129999999999995,0.875,26.25,32.14857142857142,2025-10-01,SuperAhorro,Grandes Superficies,Antioquia,Valle de Aburrá,Medellín,Supermercado,FETA CUBOS CASA SIERRA 250G,0.25,UND,FETA,ESPECIALES,QUESOS MADURADOS,regular,CASA SIERRA,IMPORTADO,2025-10
C015,120101,2025-10-31,35,8.75,0.0,0.0,0.0,0.0,0.0,0.0,610.0,617.0,147.75,150.69,28.0,5.810000000000002,False,5.810000000000002,0.55,16.5,10.563636363636366,2025-10-01,Abarrotes Norte,Tradicional Modernizado,Caribe,Costa Norte,Barranquilla,Supermercado Regional,MOZZARELLA TAJADA CAMPOCLARO 250G,0.25,UND,MOZZARELLA,QUESOS TAJADOS,QUESOS FRESCOS,regular,CAMPOCLARO,NACIONAL,2025-10
C001,190101,2025-10-31,25,10.0,0.0,0.0,0.0,0.0,0.0,0.0,2.0,24.0,0.8,9.200000000000001,3.0,1.5999999999999996,False,1.5999999999999996,0.17333333333333334,5.2,9.230769230769228,2025-10-01,HiperMax Nacional,Grandes Superficies,Centro,Bogotá y Sabana,Bogotá,Hipermercado,TABLA APERITIVO NAVIDEÑA MONTE AZUL 400G,0.4,UND,MIXTO QUESOS,TEMPORADA,QUESOS MADURADOS,temporada,MONTE AZUL,IMPORTADO,2025-10
C016,130101,2025-10-31,125,18.75,0.0,0.0,0.0,9.0,1.35,51580.0,2213.0,2213.0,331.95,326.85,125.0,23.849999999999966,False,23.849999999999966,1.2049999999999998,36.15,19.792531120331926,2025-10-01,Canasta Familiar,Grandes Superficies,Santanderes,Bucaramanga Metropolitana,Bucaramanga,Supermercado,CHEDDAR ESTILO AMERICANO DELILAT 150G,0.15,UND,CHEDDAR ANALOGO,LONCHAS,QUESOS ANALOGOS,regular,DELILAT,MAQUILA,2025-10
C018,300101,2025-10-31,111,25.53,93.0,21.39,599550.0,20.0,4.6,161730.0,2911.0,2888.0,669.53,655.831,134.0,39.22899999999993,False,39.22899999999993,2.07,62.1,18.951207729468567,2025-10-01,Cadena Uno,Hard Discount,Occidente,Valle del Cauca,Cali,Discounter,JAMON DE CERDO FINAS LONCHAS SIERRA CARNES 230G,0.23,UND,JAMON CERDO,LONCHAS,CARNES FRIAS,regular,SIERRA CARNES,NACIONAL,2025-10
C002,900101,2025-10-31,77,6.16,0.0,0.0,0.0,7.0,0.56,70680.0,1408.0,1406.0,112.64,109.955,79.0,8.844999999999999,False,8.844999999999999,0.39466666666666667,11.84,22.411317567567565,2025-10-01,SuperAhorro,Grandes Superficies,Antioquia,Valle de Aburrá,Medellín,Supermercado,SALAMI TAJADO CASA IBERIA 80G,0.08,UND,SALAMI,CHARCUTERIA,CARNES MADURADAS,regular,CASA IBERIA,IMPORTADO,2025-10
C001,120103,2025-10-31,113,22.6,0.0,0.0,0.0,11.0,2.2,108400.0,2334.0,2352.0,447.6,460.912,95.0,9.288000000000068,False,9.288000000000068,1.6466666666666667,49.4,5.640485829959555,2025-10-01,HiperMax Nacional,Grandes Superficies,Centro,Bogotá y Sabana,Bogotá,Hipermercado,QUESO CREMA CAMPOCLARO 200G,0.2,UND,CREMAS,UNTABLES,QUESOS FRESCOS,regular,CAMPOCLARO,NACIONAL,2025-10
C012,900104,2025-10-31,26,2.08,0.0,0.0,0.0,1.0,0.08,10360.0,366.0,366.0,29.28,29.2,26.0,2.16,False,2.16,0.11733333333333333,3.52,18.40909090909091,2025-10-01,Delimarket Gourmet,Tiendas Especializadas,Centro,Bogotá y Sabana,Bogotá,Especialidad,CHORIZO TAJADO CASA IBERIA 80G,0.08,UND,CHORIZO,CHARCUTERIA,CARNES MADURADAS,regular,CASA IBERIA,IMPORTADO,2025-10
C003,110115,2025-10-31,50,12.5,0.0,0.0,0.0,5.0,1.25,126810.0,1103.0,1110.0,275.75,274.54,43.0,13.70999999999998,False,13.70999999999998,0.8833333333333333,26.5,15.52075471698111,2025-10-01,MaxiCompra Caribe,Grandes Superficies,Caribe,Costa Norte,Barranquilla,Supermercado,FETA CUBOS CASA SIERRA 250G,0.25,UND,FETA,ESPECIALES,QUESOS MADURADOS,regular,CASA SIERRA,IMPORTADO,2025-10
C003,120101,2025-10-31,113,28.25,0.0,0.0,0.0,8.0,2.0,78850.0,1879.0,1906.0,449.75,468.72,86.0,9.279999999999973,False,9.279999999999973,1.6166666666666667,48.5,5.7402061855669935,2025-10-01,MaxiCompra Caribe,Grandes Superficies,Caribe,Costa Norte,Barranquilla,Supermercado,MOZZARELLA TAJADA CAMPOCLARO 250G,0.25,UND,MOZZARELLA,QUESOS TAJADOS,QUESOS FRESCOS,regular,CAMPOCLARO,NACIONAL,2025-10
C017,900102,2025-10-31,6,0.48,0.0,0.0,0.0,0.0,0.0,0.0,169.0,170.0,13.28,13.599,5.0,0.1609999999999996,False,0.1609999999999996,0.037333333333333336,1.12,4.3124999999999885,2025-10-01,RapiExpress,E-commerce,Centro,Bogotá y Sabana,Bogotá,Quick Commerce,PEPPERONI TAJADO CASA IBERIA 80G,0.08,UND,PEPPERONI,CHARCUTERIA,CARNES MADURADAS,regular,CASA IBERIA,IMPORTADO,2025-10
C015,110112,2025-10-31,32,3.2,0.0,0.0,0.0,1.0,0.1,6640.0,638.0,644.0,61.0,63.776,26.0,0.4239999999999995,False,0.4239999999999995,0.2,6.0,2.1199999999999974,2025-10-01,Abarrotes Norte,Tradicional Modernizado,Caribe,Costa Norte,Barranquilla,Supermercado Regional,PARMESANO RALLADO ORO LECHE 100G,0.1,UND,TIPO PARMESANO,RALLADOS,QUESO PARMESANO,regular,ORO LECHE,MAQUILA,2025-10
C017,110113,2025-10-31,3,0.75,3.0,0.75,36760.0,0.0,0.0,0.0,165.0,163.0,41.175,39.48,5.0,2.4450000000000003,False,2.4450000000000003,0.15,4.5,16.300000000000004,2025-10-01,RapiExpress,E-commerce,Centro,Bogotá y Sabana,Bogotá,Quick Commerce,PARMESANO RALLADO ORO LECHE 250G,0.25,UND,TIPO PARMESANO,RALLADOS,QUESO PARMESANO,regular,ORO LECHE,MAQUILA,2025-10
C001,130101,2025-10-31,202,30.3,0.0,0.0,0.0,21.0,3.15,120700.0,3416.0,3464.0,514.41,513.456,154.0,31.253999999999905,False,31.253999999999905,1.845,55.35,16.939837398373932,2025-10-01,HiperMax Nacional,Grandes Superficies,Centro,Bogotá y Sabana,Bogotá,Hipermercado,CHEDDAR ESTILO AMERICANO DELILAT 150G,0.15,UND,CHEDDAR ANALOGO,LONCHAS,QUESOS ANALOGOS,regular,DELILAT,MAQUILA,2025-10
C003,900103,2025-10-31,54,4.32,0.0,0.0,0.0,3.0,0.24,32000.0,1114.0,1108.0,78.72,87.741,60.0,-4.701000000000008,True,0.0,0.328,9.84,0.0,2025-10-01,MaxiCompra Caribe,Grandes Superficies,Caribe,Costa Norte,Barranquilla,Supermercado,JAMON SERRANO TAJADO CASA IBERIA 80G,0.08,UND,JAMON SERRANO,CHARCUTERIA,CARNES MADURADAS,regular,CASA IBERIA,IMPORTADO,2025-10
C004,300101,2025-10-31,151,34.73,0.0,0.0,0.0,18.0,4.14,148430.0,3679.0,3706.0,846.17,848.7,124.0,32.19999999999993,False,32.19999999999993,2.8443333333333336,85.33000000000001,11.320754716981106,2025-10-01,Descuento Ya,Hard Discount,Centro,Bogotá y Sabana,Bogotá,Discounter,JAMON DE CERDO FINAS LONCHAS SIERRA CARNES 230G,0.23,UND,JAMON CERDO,LONCHAS,CARNES FRIAS,regular,SIERRA CARNES,NACIONAL,2025-10
C003,110114,2025-10-31,60,15.0,0.0,0.0,0.0,3.0,0.75,71860.0,1185.0,1190.0,296.25,293.69,55.0,17.560000000000002,False,17.560000000000002,1.2916666666666667,38.75,13.59483870967742,2025-10-01,MaxiCompra Caribe,Grandes Superficies,Caribe,Costa Norte,Barranquilla,Supermercado,GOUDA NATURAL CUÑA LOMA DORADA 250G,0.25,UND,GOUDA NATURAL,CUÑAS,QUESOS MADURADOS,regular,LOMA DORADA,IMPORTADO,2025-10
C017,300101,2025-10-31,6,1.38,3.0,0.69,20970.0,1.0,0.23,9630.0,216.0,216.0,49.68,47.38,6.0,3.6799999999999997,False,3.6799999999999997,0.15333333333333335,4.6000000000000005,23.999999999999996,2025-10-01,RapiExpress,E-commerce,Centro,Bogotá y Sabana,Bogotá,Quick Commerce,JAMON DE CERDO FINAS LONCHAS SIERRA CARNES 230G,0.23,UND,JAMON CERDO,LONCHAS,CARNES FRIAS,regular,SIERRA CARNES,NACIONAL,2025-10
C005,120101,2025-10-31,240,60.0,0.0,0.0,0.0,18.0,4.5,165780.0,4847.0,4970.0,1215.0,1218.05,117.0,56.950000000000045,False,56.950000000000045,4.083333333333333,122.5,13.946938775510215,2025-10-01,PrecioListo,Hard Discount,Antioquia,Valle de Aburrá,Medellín,Discounter,MOZZARELLA TAJADA CAMPOCLARO 250G,0.25,UND,MOZZARELLA,QUESOS TAJADOS,QUESOS FRESCOS,regular,CAMPOCLARO,NACIONAL,2025-10
C012,110115,2025-10-31,18,4.5,0.0,0.0,0.0,0.0,0.0,0.0,312.0,315.0,75.65,76.52,15.0,3.6300000000000097,False,3.6300000000000097,0.2,6.0,18.15000000000005,2025-10-01,Delimarket Gourmet,Tiendas Especializadas,Centro,Bogotá y Sabana,Bogotá,Especialidad,FETA CUBOS CASA SIERRA 250G,0.25,UND,FETA,ESPECIALES,QUESOS MADURADOS,regular,CASA SIERRA,IMPORTADO,2025-10
C013,110115,2025-10-31,11,2.75,0.0,0.0,0.0,2.0,0.5,55470.0,232.0,236.0,58.0,57.94,7.0,2.8100000000000023,False,2.8100000000000023,0.15833333333333333,4.75,17.747368421052645,2025-10-01,La Mesa Premium,Tiendas Especializadas,Occidente,,Cali,Especialidad,FETA CUBOS CASA SIERRA 250G,0.25,UND,FETA,ESPECIALES,QUESOS MADURADOS,regular,CASA SIERRA,IMPORTADO,2025-10
C016,190101,2025-10-31,16,6.4,0.0,0.0,0.0,0.0,0.0,0.0,5.0,19.0,2.0,7.6000000000000005,2.0,0.7999999999999998,False,0.7999999999999998,0.18666666666666668,5.6000000000000005,4.285714285714285,2025-10-01,Canasta Familiar,Grandes Superficies,Santanderes,Bucaramanga Metropolitana,Bucaramanga,Supermercado,TABLA APERITIVO NAVIDEÑA MONTE AZUL 400G,0.4,UND,MIXTO QUESOS,TEMPORADA,QUESOS MADURADOS,temporada,MONTE AZUL,IMPORTADO,2025-10
C018,130104,2025-10-31,188,28.2,0.0,0.0,0.0,13.0,1.95,70600.0,3875.0,3917.0,581.25,574.656,146.0,34.794000000000096,False,34.794000000000096,2.1149999999999998,63.449999999999996,16.45106382978728,2025-10-01,Cadena Uno,Hard Discount,Occidente,Valle del Cauca,Cali,Discounter,PIZZA MIX RALLADO DELILAT 150G,0.15,UND,MIXTO QUESOS,RALLADOS,QUESOS ANALOGOS,regular,DELILAT,MAQUILA,2025-10
C002,130101,2025-10-31,104,15.6,0.0,0.0,0.0,11.0,1.65,62820.0,2431.0,2455.0,350.25,362.814,80.0,3.0360000000000014,False,3.0360000000000014,1.2650000000000001,37.95,2.400000000000001,2025-10-01,SuperAhorro,Grandes Superficies,Antioquia,Valle de Aburrá,Medellín,Supermercado,CHEDDAR ESTILO AMERICANO DELILAT 150G,0.15,UND,CHEDDAR ANALOGO,LONCHAS,QUESOS ANALOGOS,regular,DELILAT,MAQUILA,2025-10
C005,900102,2025-10-31,101,8.08,0.0,0.0,0.0,9.0,0.72,78950.0,2344.0,2359.0,188.216,186.24,86.0,10.056000000000012,False,10.056000000000012,0.7466666666666667,22.400000000000002,13.467857142857158,2025-10-01,PrecioListo,Hard Discount,Antioquia,Valle de Aburrá,Medellín,Discounter,PEPPERONI TAJADO CASA IBERIA 80G,0.08,UND,PEPPERONI,CHARCUTERIA,CARNES MADURADAS,regular,CASA IBERIA,IMPORTADO,2025-10
C013,110105,2025-10-31,17,2.55,0.0,0.0,0.0,1.0,0.15,16130.0,219.0,226.0,31.2,33.888,10.0,-0.13799999999999812,True,0.0,0.115,3.45,0.0,2025-10-01,La Mesa Premium,Tiendas Especializadas,Occidente,,Cali,Especialidad,PROVOLONE TAJADO LOMA DORADA 150G,0.15,UND,PROVOLONE,QUESOS TAJADOS PREMIUM,QUESOS MADURADOS,regular,LOMA DORADA,IMPORTADO,2025-10
C003,110101,2025-10-31,51,7.65,0.0,0.0,0.0,2.0,0.3,28920.0,1193.0,1206.0,172.5,180.912,38.0,-0.7620000000000005,True,0.0,0.63,18.9,0.0,2025-10-01,MaxiCompra Caribe,Grandes Superficies,Caribe,Costa Norte,Barranquilla,Supermercado,GOUDA AHUMADO TAJADO LOMA DORADA 150G,0.15,UND,GOUDA AHUMADO,QUESOS TAJADOS PREMIUM,QUESOS MADURADOS,regular,LOMA DORADA,IMPORTADO,2025-10
C002,120101,2025-10-31,116,29.0,0.0,0.0,0.0,10.0,2.5,100670.0,2637.0,2641.0,659.25,650.75,112.0,37.5,False,37.5,2.283333333333333,68.5,16.423357664233578,2025-10-01,SuperAhorro,Grandes Superficies,Antioquia,Valle de Aburrá,Medellín,Supermercado,MOZZARELLA TAJADA CAMPOCLARO 250G,0.25,UND,MOZZARELLA,QUESOS TAJADOS,QUESOS FRESCOS,regular,CAMPOCLARO,NACIONAL,2025-10
C001,110110,2025-10-31,45,16.2,0.0,0.0,0.0,5.0,1.8,170940.0,1040.0,1033.0,361.44,357.322,52.0,20.317999999999984,False,20.317999999999984,1.344,40.32,15.117559523809511,2025-10-01,HiperMax Nacional,Grandes Superficies,Centro,Bogotá y Sabana,Bogotá,Hipermercado,MIX QUESOS PREMIUM MONTE AZUL 360G,0.36,UND,MIXTO QUESOS,MEZCLAS PREMIUM,QUESOS MADURADOS,regular,MONTE AZUL,IMPORTADO,2025-10
C002,300101,2025-10-31,76,17.48,0.0,0.0,0.0,5.0,1.15,45960.0,1563.0,1586.0,359.49,357.59499999999997,53.0,19.375000000000057,False,19.375000000000057,1.0886666666666664,32.66,17.796999387630184,2025-10-01,SuperAhorro,Grandes Superficies,Antioquia,Valle de Aburrá,Medellín,Supermercado,JAMON DE CERDO FINAS LONCHAS SIERRA CARNES 230G,0.23,UND,JAMON CERDO,LONCHAS,CARNES FRIAS,regular,SIERRA CARNES,NACIONAL,2025-10
C017,110108,2025-10-31,3,0.45,0.0,0.0,0.0,0.0,0.0,0.0,124.0,123.0,17.4,18.3,4.0,-0.45000000000000284,True,0.0,0.09,2.6999999999999997,0.0,2025-10-01,RapiExpress,E-commerce,Centro,Bogotá y Sabana,Bogotá,Quick Commerce,MANCHEGO CUÑA MONTE AZUL 150G,0.15,UND,MANCHEGO,CUÑAS PREMIUM,QUESOS MADURADOS,regular,MONTE AZUL,IMPORTADO,2025-10
C013,110108,2025-10-31,15,2.25,0.0,0.0,0.0,0.0,0.0,0.0,292.0,298.0,43.8,43.662,9.0,2.387999999999998,False,2.387999999999998,0.15499999999999997,4.6499999999999995,15.406451612903217,2025-10-01,La Mesa Premium,Tiendas Especializadas,Occidente,,Cali,Especialidad,MANCHEGO CUÑA MONTE AZUL 150G,0.15,UND,MANCHEGO,CUÑAS PREMIUM,QUESOS MADURADOS,regular,MONTE AZUL,IMPORTADO,2025-10
C003,130101,2025-10-31,98,14.7,0.0,0.0,0.0,4.0,0.6,23340.0,2350.0,2337.0,352.5,345.156,111.0,22.043999999999983,False,22.043999999999983,1.1550000000000002,34.650000000000006,19.085714285714268,2025-10-01,MaxiCompra Caribe,Grandes Superficies,Caribe,Costa Norte,Barranquilla,Supermercado,CHEDDAR ESTILO AMERICANO DELILAT 150G,0.15,UND,CHEDDAR ANALOGO,LONCHAS,QUESOS ANALOGOS,regular,DELILAT,MAQUILA,2025-10
C014,110104,2025-10-31,57,8.55,0.0,0.0,0.0,5.0,0.75,73370.0,1385.0,1374.0,207.75,200.988,68.0,15.312000000000012,False,15.312000000000012,0.65,19.5,23.556923076923095,2025-10-01,Plaza Hogar,Grandes Superficies,Occidente,Valle del Cauca,Cali,Hipermercado,COLBY JACK TAJADO LOMA DORADA 150G,0.15,UND,COLBY JACK,QUESOS TAJADOS PREMIUM,QUESOS MADURADOS,regular,LOMA DORADA,IMPORTADO,2025-10
C005,300101,2025-10-31,108,24.84,93.0,21.39,604680.0,4.0,0.92,32930.0,3236.0,3201.0,744.28,720.5169999999999,143.0,48.603000000000065,False,48.603000000000065,2.5300000000000002,75.9,19.210671936758917,2025-10-01,PrecioListo,Hard Discount,Antioquia,Valle de Aburrá,Medellín,Discounter,JAMON DE CERDO FINAS LONCHAS SIERRA CARNES 230G,0.23,UND,JAMON CERDO,LONCHAS,CARNES FRIAS,regular,SIERRA CARNES,NACIONAL,2025-10
C013,900104,2025-10-31,21,1.68,0.0,0.0,0.0,1.0,0.08,10090.0,281.0,289.0,22.48,23.046,13.0,1.1140000000000008,False,1.1140000000000008,0.08266666666666667,2.48,13.475806451612913,2025-10-01,La Mesa Premium,Tiendas Especializadas,Occidente,,Cali,Especialidad,CHORIZO TAJADO CASA IBERIA 80G,0.08,UND,CHORIZO,CHARCUTERIA,CARNES MADURADAS,regular,CASA IBERIA,IMPORTADO,2025-10
C012,110110,2025-10-31,8,2.88,0.0,0.0,0.0,1.0,0.36,36860.0,161.0,163.0,57.96,57.239999999999995,6.0,3.6000000000000085,False,3.6000000000000085,0.264,7.92,13.636363636363669,2025-10-01,Delimarket Gourmet,Tiendas Especializadas,Centro,Bogotá y Sabana,Bogotá,Especialidad,MIX QUESOS PREMIUM MONTE AZUL 360G,0.36,UND,MIXTO QUESOS,MEZCLAS PREMIUM,QUESOS MADURADOS,regular,MONTE AZUL,IMPORTADO,2025-10
C002,900103,2025-10-31,58,4.64,0.0,0.0,0.0,13.0,1.04,141870.0,1365.0,1368.0,109.2,108.333,55.0,5.507000000000005,False,5.507000000000005,0.39200000000000007,11.760000000000002,14.048469387755112,2025-10-01,SuperAhorro,Grandes Superficies,Antioquia,Valle de Aburrá,Medellín,Supermercado,JAMON SERRANO TAJADO CASA IBERIA 80G,0.08,UND,JAMON SERRANO,CHARCUTERIA,CARNES MADURADAS,regular,CASA IBERIA,IMPORTADO,2025-10
C012,190103,2025-10-31,5,3.0,0.0,0.0,0.0,0.0,0.0,0.0,1.0,5.0,0.6,3.0,1.0,0.6000000000000001,False,0.6000000000000001,0.0,0.0,,2025-10-01,Delimarket Gourmet,Tiendas Especializadas,Centro,Bogotá y Sabana,Bogotá,Especialidad,RACLETTE CELEBRACION LOMA DORADA 600G,0.6,UND,MIXTO QUESOS,TEMPORADA,QUESOS MADURADOS,temporada,LOMA DORADA,IMPORTADO,2025-10
C018,120104,2025-10-31,104,20.8,0.0,0.0,0.0,7.0,1.4,51610.0,2856.0,2855.0,571.2,558.192,105.0,33.80799999999999,False,33.80799999999999,2.193333333333334,65.80000000000001,15.413981762917926,2025-10-01,Cadena Uno,Hard Discount,Occidente,Valle del Cauca,Cali,Discounter,MOZZARELLA LIGHT CAMPOCLARO 200G,0.2,UND,MOZZARELLA,QUESOS TAJADOS,QUESOS FRESCOS,regular,CAMPOCLARO,NACIONAL,2025-10
C001,900104,2025-10-31,106,8.48,0.0,0.0,0.0,15.0,1.2,141210.0,2169.0,2221.0,173.52,172.662,54.0,9.337999999999994,False,9.337999999999994,0.7200000000000001,21.6,12.969444444444434,2025-10-01,HiperMax Nacional,Grandes Superficies,Centro,Bogotá y Sabana,Bogotá,Hipermercado,CHORIZO TAJADO CASA IBERIA 80G,0.08,UND,CHORIZO,CHARCUTERIA,CARNES MADURADAS,regular,CASA IBERIA,IMPORTADO,2025-10
C001,900102,2025-10-31,121,9.68,0.0,0.0,0.0,11.0,0.88,109490.0,1904.0,1980.0,152.32,155.52,45.0,6.47999999999999,False,6.47999999999999,0.568,17.04,11.408450704225334,2025-10-01,HiperMax Nacional,Grandes Superficies,Centro,Bogotá y Sabana,Bogotá,Hipermercado,PEPPERONI TAJADO CASA IBERIA 80G,0.08,UND,PEPPERONI,CHARCUTERIA,CARNES MADURADAS,regular,CASA IBERIA,IMPORTADO,2025-10
C013,110106,2025-10-31,10,1.25,0.0,0.0,0.0,0.0,0.0,0.0,209.0,206.0,26.125,25.615,13.0,1.7600000000000016,False,1.7600000000000016,0.07916666666666666,2.375,22.23157894736844,2025-10-01,La Mesa Premium,Tiendas Especializadas,Occidente,,Cali,Especialidad,BRIE CUÑA MONTE AZUL 125G,0.125,UND,BRIE,QUESOS BLANDOS,QUESOS MADURADOS,regular,MONTE AZUL,IMPORTADO,2025-10
C016,120101,2025-10-31,92,0.0,0.0,0.0,0.0,6.0,1.5,61560.0,1715.0,1724.0,428.75,419.5,83.0,9.25,False,9.25,1.4583333333333333,43.75,6.342857142857143,2025-10-01,Canasta Familiar,Grandes Superficies,Santanderes,Bucaramanga Metropolitana,Bucaramanga,Supermercado,MOZZARELLA TAJADA CAMPOCLARO 250G,0.25,UND,MOZZARELLA,QUESOS TAJADOS,QUESOS FRESCOS,regular,CAMPOCLARO,NACIONAL,2025-10
C018,130101,2025-10-31,262,39.3,266.0,39.9,1109010.0,31.0,4.65,158250.0,8100.0,7994.0,1150.95,1199.448,368.0,-9.198000000000093,True,0.0,4.050000000000001,121.50000000000001,0.0,2025-10-01,Cadena Uno,Hard Discount,Occidente,Valle del Cauca,Cali,Discounter,CHEDDAR ESTILO AMERICANO DELILAT 150G,0.15,UND,CHEDDAR ANALOGO,LONCHAS,QUESOS ANALOGOS,regular,DELILAT,MAQUILA,2025-10
C016,110110,2025-10-31,24,8.64,0.0,0.0,0.0,0.0,0.0,0.0,468.0,478.0,168.48000000000002,171.72,14.0,5.400000000000006,False,5.400000000000006,0.636,19.080000000000002,8.490566037735858,2025-10-01,Canasta Familiar,Grandes Superficies,Santanderes,Bucaramanga Metropolitana,Bucaramanga,Supermercado,MIX QUESOS PREMIUM MONTE AZUL 360G,0.36,UND,MIXTO QUESOS,MEZCLAS PREMIUM,QUESOS MADURADOS,regular,MONTE AZUL,IMPORTADO,2025-10
C003,110102,2025-10-31,54,8.1,0.0,0.0,0.0,1.0,0.15,14770.0,1103.0,1102.0,165.45,163.446,55.0,10.103999999999985,False,10.103999999999985,0.56,16.8,18.042857142857116,2025-10-01,MaxiCompra Caribe,Grandes Superficies,Caribe,Costa Norte,Barranquilla,Supermercado,HOLANDES TAJADO LOMA DORADA 150G,0.15,UND,HOLANDES,QUESOS TAJADOS PREMIUM,QUESOS MADURADOS,regular,LOMA DORADA,IMPORTADO,2025-10
C003,120104,2025-10-31,86,17.2,0.0,0.0,0.0,8.0,1.6,62930.0,1407.0,1455.0,271.8,288.144,38.0,0.8559999999999945,False,0.8559999999999945,1.04,31.200000000000003,0.8230769230769178,2025-10-01,MaxiCompra Caribe,Grandes Superficies,Caribe,Costa Norte,Barranquilla,Supermercado,MOZZARELLA LIGHT CAMPOCLARO 200G,0.2,UND,MOZZARELLA,QUESOS TAJADOS,QUESOS FRESCOS,regular,CAMPOCLARO,NACIONAL,2025-10
C016,190103,2025-10-31,18,10.8,0.0,0.0,0.0,1.0,0.6,41680.0,0.0,17.0,0.0,10.2,1.0,0.6000000000000014,False,0.6000000000000014,0.18,5.3999999999999995,3.3333333333333415,2025-10-01,Canasta Familiar,Grandes Superficies,Santanderes,Bucaramanga Metropolitana,Bucaramanga,Supermercado,RACLETTE CELEBRACION LOMA DORADA 600G,0.6,UND,MIXTO QUESOS,TEMPORADA,QUESOS MADURADOS,temporada,LOMA DORADA,IMPORTADO,2025-10
C004,130103,2025-10-31,336,96.768,0.0,0.0,0.0,32.0,9.216,238850.0,6948.0,7121.0,1929.024,2032.243,163.0,-6.451000000000022,True,0.0,7.5360000000000005,226.08,0.0,2025-10-01,Descuento Ya,Hard Discount,Centro,Bogotá y Sabana,Bogotá,Discounter,LONCHAS AMERICANAS DELILAT 288G,0.288,UND,CHEDDAR ANALOGO,LONCHITAS,QUESOS ANALOGOS,regular,DELILAT,MAQUILA,2025-10
C001,120104,2025-10-31,143,28.6,0.0,0.0,0.0,9.0,1.8,71800.0,2307.0,2324.0,461.4,454.216,126.0,35.78399999999999,False,35.78399999999999,1.5266666666666666,45.8,23.439301310043664,2025-10-01,HiperMax Nacional,Grandes Superficies,Centro,Bogotá y Sabana,Bogotá,Hipermercado,MOZZARELLA LIGHT CAMPOCLARO 200G,0.2,UND,MOZZARELLA,QUESOS TAJADOS,QUESOS FRESCOS,regular,CAMPOCLARO,NACIONAL,2025-10
C016,110113,2025-10-31,46,11.5,0.0,0.0,0.0,2.0,0.5,31080.0,1026.0,1044.0,246.25,257.61,28.0,0.13999999999998636,False,0.13999999999998636,0.7916666666666666,23.75,0.17684210526314068,2025-10-01,Canasta Familiar,Grandes Superficies,Santanderes,Bucaramanga Metropolitana,Bucaramanga,Supermercado,PARMESANO RALLADO ORO LECHE 250G,0.25,UND,TIPO PARMESANO,RALLADOS,QUESO PARMESANO,regular,ORO LECHE,MAQUILA,2025-10
C003,300102,2025-10-31,79,18.17,0.0,0.0,0.0,3.0,0.69,28550.0,1359.0,1374.0,301.07,311.42,64.0,7.819999999999993,False,7.819999999999993,1.0273333333333334,30.82,7.611940298507455,2025-10-01,MaxiCompra Caribe,Grandes Superficies,Caribe,Costa Norte,Barranquilla,Supermercado,JAMON DE PAVO FINAS LONCHAS SIERRA CARNES 230G,0.23,UND,JAMON PAVO,LONCHAS,CARNES FRIAS,regular,SIERRA CARNES,NACIONAL,2025-10
C012,190102,2025-10-31,7,3.5,0.0,0.0,0.0,0.0,0.0,0.0,2.0,8.0,1.0,4.0,1.0,0.5,False,0.5,0.03333333333333333,1.0,15.0,2025-10-01,Delimarket Gourmet,Tiendas Especializadas,Centro,Bogotá y Sabana,Bogotá,Especialidad,DUO FESTIVO QUESOS Y CARNES 500G,0.5,UND,MIXTO QUESOS-CARNES,TEMPORADA,QUESOS MADURADOS,temporada,MONTE AZUL,MAQUILA,2025-10
C014,900104,2025-10-31,74,5.92,0.0,0.0,0.0,4.0,0.32,36440.0,1405.0,1439.0,111.896,112.877,40.0,4.939000000000007,False,4.939000000000007,0.456,13.68,10.831140350877208,2025-10-01,Plaza Hogar,Grandes Superficies,Occidente,Valle del Cauca,Cali,Hipermercado,CHORIZO TAJADO CASA IBERIA 80G,0.08,UND,CHORIZO,CHARCUTERIA,CARNES MADURADAS,regular,CASA IBERIA,IMPORTADO,2025-10
C014,120104,2025-10-31,96,19.2,0.0,0.0,0.0,10.0,2.0,82150.0,1703.0,1715.0,340.6,341.048,84.0,18.75200000000001,False,18.75200000000001,1.28,38.4,14.650000000000007,2025-10-01,Plaza Hogar,Grandes Superficies,Occidente,Valle del Cauca,Cali,Hipermercado,MOZZARELLA LIGHT CAMPOCLARO 200G,0.2,UND,MOZZARELLA,QUESOS TAJADOS,QUESOS FRESCOS,regular,CAMPOCLARO,NACIONAL,2025-10
C001,110105,2025-10-31,88,13.2,0.0,0.0,0.0,6.0,0.9,87910.0,1637.0,1671.0,245.55,250.41,54.0,8.340000000000003,False,8.340000000000003,0.9199999999999999,27.599999999999998,9.065217391304353,2025-10-01,HiperMax Nacional,Grandes Superficies,Centro,Bogotá y Sabana,Bogotá,Hipermercado,PROVOLONE TAJADO LOMA DORADA 150G,0.15,UND,PROVOLONE,QUESOS TAJADOS PREMIUM,QUESOS MADURADOS,regular,LOMA DORADA,IMPORTADO,2025-10
C016,300102,2025-10-31,55,12.65,0.0,0.0,0.0,1.0,0.23,9510.0,1108.0,1114.0,254.84,253.92,49.0,13.570000000000022,False,13.570000000000022,0.8510000000000001,25.53,15.94594594594597,2025-10-01,Canasta Familiar,Grandes Superficies,Santanderes,Bucaramanga Metropolitana,Bucaramanga,Supermercado,JAMON DE PAVO FINAS LONCHAS SIERRA CARNES 230G,0.23,UND,JAMON PAVO,LONCHAS,CARNES FRIAS,regular,SIERRA CARNES,NACIONAL,2025-10
C004,110112,2025-10-31,222,22.2,201.0,20.1,985390.0,21.0,2.1,128700.0,5791.0,5754.0,579.1,568.772,259.0,32.52800000000002,False,32.52800000000002,2.066666666666667,62.0,15.739354838709685,2025-10-01,Descuento Ya,Hard Discount,Centro,Bogotá y Sabana,Bogotá,Discounter,PARMESANO RALLADO ORO LECHE 100G,0.1,UND,TIPO PARMESANO,RALLADOS,QUESO PARMESANO,regular,ORO LECHE,MAQUILA,2025-10
C016,110115,2025-10-31,46,11.5,0.0,0.0,0.0,3.0,0.75,73760.0,860.0,861.0,215.0,211.67,45.0,14.830000000000013,False,14.830000000000013,0.6666666666666666,20.0,22.24500000000002,2025-10-01,Canasta Familiar,Grandes Superficies,Santanderes,Bucaramanga Metropolitana,Bucaramanga,Supermercado,FETA CUBOS CASA SIERRA 250G,0.25,UND,FETA,ESPECIALES,QUESOS MADURADOS,regular,CASA SIERRA,IMPORTADO,2025-10
C017,300102,2025-10-31,4,0.92,0.0,0.0,0.0,0.0,0.0,0.0,270.0,272.0,59.8,62.56,2.0,-1.8400000000000034,True,0.0,0.13799999999999998,4.14,0.0,2025-10-01,RapiExpress,E-commerce,Centro,Bogotá y Sabana,Bogotá,Quick Commerce,JAMON DE PAVO FINAS LONCHAS SIERRA CARNES 230G,0.23,UND,JAMON PAVO,LONCHAS,CARNES FRIAS,regular,SIERRA CARNES,NACIONAL,2025-10
C016,110112,2025-10-31,136,13.6,0.0,0.0,0.0,21.0,2.1,142460.0,2124.0,2177.0,212.4,215.116,83.0,10.883999999999986,False,10.883999999999986,0.7233333333333333,21.7,15.047004608294912,2025-10-01,Canasta Familiar,Grandes Superficies,Santanderes,Bucaramanga Metropolitana,Bucaramanga,Supermercado,PARMESANO RALLADO ORO LECHE 100G,0.1,UND,TIPO PARMESANO,RALLADOS,QUESO PARMESANO,regular,ORO LECHE,MAQUILA,2025-10
C012,110106,2025-10-31,15,1.875,0.0,0.0,0.0,2.0,0.25,28250.0,275.0,275.0,34.375,34.25,15.0,2.0,False,2.0,0.12916666666666668,3.875,15.483870967741934,2025-10-01,Delimarket Gourmet,Tiendas Especializadas,Centro,Bogotá y Sabana,Bogotá,Especialidad,BRIE CUÑA MONTE AZUL 125G,0.125,UND,BRIE,QUESOS BLANDOS,QUESOS MADURADOS,regular,MONTE AZUL,IMPORTADO,2025-10
C006,300101,2025-10-31,100,23.0,0.0,0.0,0.0,8.0,1.84,66950.0,2010.0,2063.0,462.3,462.741,47.0,22.559000000000026,False,22.559000000000026,1.61,48.300000000000004,14.01180124223604,2025-10-01,PuntoMenos Caribe,Hard Discount,Caribe,Costa Norte,Cartagena,Discounter,JAMON DE CERDO FINAS LONCHAS SIERRA CARNES 230G,0.23,UND,JAMON CERDO,LONCHAS,CARNES FRIAS,regular,SIERRA CARNES,NACIONAL,2025-10
C018,900102,2025-10-31,93,7.44,0.0,0.0,0.0,7.0,0.56,61340.0,2109.0,2151.0,163.52,171.84,51.0,-0.8799999999999955,True,0.0,0.5653333333333334,16.96,0.0,2025-10-01,Cadena Uno,Hard Discount,Occidente,Valle del Cauca,Cali,Discounter,PEPPERONI TAJADO CASA IBERIA 80G,0.08,UND,PEPPERONI,CHARCUTERIA,CARNES MADURADAS,regular,CASA IBERIA,IMPORTADO,2025-10
C003,900104,2025-10-31,92,7.36,0.0,0.0,0.0,8.0,0.64,73090.0,1519.0,1527.0,121.52,119.73100000000001,84.0,9.148999999999987,False,9.148999999999987,0.4640000000000001,13.920000000000002,19.71767241379307,2025-10-01,MaxiCompra Caribe,Grandes Superficies,Caribe,Costa Norte,Barranquilla,Supermercado,CHORIZO TAJADO CASA IBERIA 80G,0.08,UND,CHORIZO,CHARCUTERIA,CARNES MADURADAS,regular,CASA IBERIA,IMPORTADO,2025-10
C003,130103,2025-10-31,87,25.056,0.0,0.0,0.0,8.0,2.304,65140.0,2007.0,2047.0,561.6,583.638,47.0,3.018000000000029,False,3.018000000000029,2.016,60.48,1.497023809523824,2025-10-01,MaxiCompra Caribe,Grandes Superficies,Caribe,Costa Norte,Barranquilla,Supermercado,LONCHAS AMERICANAS DELILAT 288G,0.288,UND,CHEDDAR ANALOGO,LONCHITAS,QUESOS ANALOGOS,regular,DELILAT,MAQUILA,2025-10
C006,900102,2025-10-31,75,6.0,0.0,0.0,0.0,6.0,0.48,53370.0,1488.0,1519.0,111.84,119.92,44.0,-2.0799999999999983,True,0.0,0.44,13.2,0.0,2025-10-01,PuntoMenos Caribe,Hard Discount,Caribe,Costa Norte,Cartagena,Discounter,PEPPERONI TAJADO CASA IBERIA 80G,0.08,UND,PEPPERONI,CHARCUTERIA,CARNES MADURADAS,regular,CASA IBERIA,IMPORTADO,2025-10
C001,130103,2025-10-31,158,45.504,0.0,0.0,0.0,7.0,2.016,57470.0,3046.0,3099.0,877.2479999999999,879.264,105.0,43.48799999999994,False,43.48799999999994,3.3407999999999998,100.22399999999999,13.01724137931033,2025-10-01,HiperMax Nacional,Grandes Superficies,Centro,Bogotá y Sabana,Bogotá,Hipermercado,LONCHAS AMERICANAS DELILAT 288G,0.288,UND,CHEDDAR ANALOGO,LONCHITAS,QUESOS ANALOGOS,regular,DELILAT,MAQUILA,2025-10
C014,900101,2025-10-31,67,0.0,0.0,0.0,0.0,6.0,0.48,61840.0,1419.0,1413.0,108.72,112.82600000000001,73.0,-4.106000000000009,True,0.0,0.37600000000000006,11.280000000000001,0.0,2025-10-01,Plaza Hogar,Grandes Superficies,Occidente,Valle del Cauca,Cali,Hipermercado,SALAMI TAJADO CASA IBERIA 80G,0.08,UND,SALAMI,CHARCUTERIA,CARNES MADURADAS,regular,CASA IBERIA,IMPORTADO,2025-10
C006,130101,2025-10-31,242,36.3,199.0,29.85,822850.0,24.0,3.6,124910.0,6147.0,6107.0,922.05,903.222,282.0,55.12799999999993,False,55.12799999999993,3.185,95.55,17.308634222919913,2025-10-01,PuntoMenos Caribe,Hard Discount,Caribe,Costa Norte,Cartagena,Discounter,CHEDDAR ESTILO AMERICANO DELILAT 150G,0.15,UND,CHEDDAR ANALOGO,LONCHAS,QUESOS ANALOGOS,regular,DELILAT,MAQUILA,2025-10
C016,900103,2025-10-31,66,5.28,0.0,0.0,0.0,5.0,0.4,55340.0,1107.0,1121.0,85.12,88.88,52.0,1.5200000000000102,False,1.5200000000000102,0.3466666666666667,10.4,4.384615384615414,2025-10-01,Canasta Familiar,Grandes Superficies,Santanderes,Bucaramanga Metropolitana,Bucaramanga,Supermercado,JAMON SERRANO TAJADO CASA IBERIA 80G,0.08,UND,JAMON SERRANO,CHARCUTERIA,CARNES MADURADAS,regular,CASA IBERIA,IMPORTADO,2025-10
C005,130104,2025-10-31,185,27.75,0.0,0.0,0.0,23.0,3.45,122250.0,5207.0,5207.0,781.05,778.35,185.0,30.449999999999932,False,30.449999999999932,2.75,82.5,11.072727272727247,2025-10-01,PrecioListo,Hard Discount,Antioquia,Valle de Aburrá,Medellín,Discounter,PIZZA MIX RALLADO DELILAT 150G,0.15,UND,MIXTO QUESOS,RALLADOS,QUESOS ANALOGOS,regular,DELILAT,MAQUILA,2025-10
C002,110114,2025-10-31,66,16.5,0.0,0.0,0.0,3.0,0.75,73630.0,1042.0,1077.0,260.5,268.27,31.0,8.730000000000018,False,8.730000000000018,0.9083333333333333,27.25,9.611009174311947,2025-10-01,SuperAhorro,Grandes Superficies,Antioquia,Valle de Aburrá,Medellín,Supermercado,GOUDA NATURAL CUÑA LOMA DORADA 250G,0.25,UND,GOUDA NATURAL,CUÑAS,QUESOS MADURADOS,regular,LOMA DORADA,IMPORTADO,2025-10
C017,110112,2025-10-31,7,0.7,5.0,0.5,26950.0,1.0,0.1,7330.0,230.0,229.0,23.0,22.400000000000002,8.0,1.2999999999999972,False,1.2999999999999972,0.11333333333333333,3.4,11.470588235294093,2025-10-01,RapiExpress,E-commerce,Centro,Bogotá y Sabana,Bogotá,Quick Commerce,PARMESANO RALLADO ORO LECHE 100G,0.1,UND,TIPO PARMESANO,RALLADOS,QUESO PARMESANO,regular,ORO LECHE,MAQUILA,2025-10
C013,900102,2025-10-31,19,1.52,0.0,0.0,0.0,1.0,0.08,10740.0,347.0,344.0,26.24,27.133,22.0,0.6269999999999989,False,0.6269999999999989,0.08800000000000001,2.64,7.124999999999987,2025-10-01,La Mesa Premium,Tiendas Especializadas,Occidente,,Cali,Especialidad,PEPPERONI TAJADO CASA IBERIA 80G,0.08,UND,PEPPERONI,CHARCUTERIA,CARNES MADURADAS,regular,CASA IBERIA,IMPORTADO,2025-10
C001,120101,2025-10-31,269,67.25,0.0,0.0,0.0,21.0,5.25,216910.0,4992.0,4555.0,1248.0,1129.28,706.0,185.97000000000003,False,185.97000000000003,4.3,129.0,43.24883720930234,2025-10-01,HiperMax Nacional,Grandes Superficies,Centro,Bogotá y Sabana,Bogotá,Hipermercado,MOZZARELLA TAJADA CAMPOCLARO 250G,0.25,UND,MOZZARELLA,QUESOS TAJADOS,QUESOS FRESCOS,regular,CAMPOCLARO,NACIONAL,2025-10
C005,130103,2025-10-31,213,61.344,186.0,53.568,1121650.0,19.0,5.472,139340.0,5372.0,5327.0,1547.136,1518.877,258.0,89.60300000000007,False,89.60300000000007,5.0016,150.048,17.91486724248242,2025-10-01,PrecioListo,Hard Discount,Antioquia,Valle de Aburrá,Medellín,Discounter,LONCHAS AMERICANAS DELILAT 288G,0.288,UND,CHEDDAR ANALOGO,LONCHITAS,QUESOS ANALOGOS,regular,DELILAT,MAQUILA,2025-10
C012,110107,2025-10-31,16,2.0,0.0,0.0,0.0,3.0,0.375,43220.0,314.0,323.0,39.25,40.0,7.0,1.25,False,1.25,0.13333333333333333,4.0,9.375,2025-10-01,Delimarket Gourmet,Tiendas Especializadas,Centro,Bogotá y Sabana,Bogotá,Especialidad,CAMEMBERT CUÑA MONTE AZUL 125G,0.125,UND,CAMEMBERT,QUESOS BLANDOS,QUESOS MADURADOS,regular,MONTE AZUL,IMPORTADO,2025-10
C001,110104,2025-10-31,84,12.6,0.0,0.0,0.0,9.0,1.35,130860.0,1915.0,1895.0,286.26,281.946,104.0,16.913999999999987,False,16.913999999999987,0.98,29.4,17.259183673469376,2025-10-01,HiperMax Nacional,Grandes Superficies,Centro,Bogotá y Sabana,Bogotá,Hipermercado,COLBY JACK TAJADO LOMA DORADA 150G,0.15,UND,COLBY JACK,QUESOS TAJADOS PREMIUM,QUESOS MADURADOS,regular,LOMA DORADA,IMPORTADO,2025-10
C014,110113,2025-10-31,68,17.0,0.0,0.0,0.0,2.0,0.5,30720.0,1346.0,1348.0,336.5,331.42,66.0,22.079999999999984,False,22.079999999999984,1.175,35.25,18.791489361702112,2025-10-01,Plaza Hogar,Grandes Superficies,Occidente,Valle del Cauca,Cali,Hipermercado,PARMESANO RALLADO ORO LECHE 250G,0.25,UND,TIPO PARMESANO,RALLADOS,QUESO PARMESANO,regular,ORO LECHE,MAQUILA,2025-10
C006,120104,2025-10-31,92,18.4,85.0,17.0,504190.0,8.0,1.6,58120.0,2472.0,2450.0,494.4,486.072,114.0,26.727999999999952,False,26.727999999999952,1.7733333333333334,53.2,15.072180451127792,2025-10-01,PuntoMenos Caribe,Hard Discount,Caribe,Costa Norte,Cartagena,Discounter,MOZZARELLA LIGHT CAMPOCLARO 200G,0.2,UND,MOZZARELLA,QUESOS TAJADOS,QUESOS FRESCOS,regular,CAMPOCLARO,NACIONAL,2025-10
C012,110101,2025-10-31,18,2.7,0.0,0.0,0.0,1.0,0.15,16270.0,342.0,347.0,51.3,50.538,13.0,3.4620000000000033,False,3.4620000000000033,0.11999999999999998,3.5999999999999996,28.850000000000033,2025-10-01,Delimarket Gourmet,Tiendas Especializadas,Centro,Bogotá y Sabana,Bogotá,Especialidad,GOUDA AHUMADO TAJADO LOMA DORADA 150G,0.15,UND,GOUDA AHUMADO,QUESOS TAJADOS PREMIUM,QUESOS MADURADOS,regular,LOMA DORADA,IMPORTADO,2025-10
C005,110112,2025-10-31,205,20.5,0.0,0.0,0.0,12.0,1.2,74810.0,4272.0,4375.0,427.2,435.02,102.0,12.680000000000007,False,12.680000000000007,1.45,43.5,8.7448275862069,2025-10-01,PrecioListo,Hard Discount,Antioquia,Valle de Aburrá,Medellín,Discounter,PARMESANO RALLADO ORO LECHE 100G,0.1,UND,TIPO PARMESANO,RALLADOS,QUESO PARMESANO,regular,ORO LECHE,MAQUILA,2025-10
C018,120103,2025-10-31,112,22.4,0.0,0.0,0.0,11.0,2.2,100170.0,3029.0,3028.0,605.8,597.2,113.0,30.999999999999886,False,30.999999999999886,1.8266666666666667,54.8,16.970802919707968,2025-10-01,Cadena Uno,Hard Discount,Occidente,Valle del Cauca,Cali,Discounter,QUESO CREMA CAMPOCLARO 200G,0.2,UND,CREMAS,UNTABLES,QUESOS FRESCOS,regular,CAMPOCLARO,NACIONAL,2025-10
C018,120101,2025-10-31,174,43.5,0.0,0.0,0.0,21.0,5.25,188340.0,4058.0,4089.0,1014.5,1008.0,143.0,50.0,False,50.0,3.175,95.25,15.748031496062993,2025-10-01,Cadena Uno,Hard Discount,Occidente,Valle del Cauca,Cali,Discounter,MOZZARELLA TAJADA CAMPOCLARO 250G,0.25,UND,MOZZARELLA,QUESOS TAJADOS,QUESOS FRESCOS,regular,CAMPOCLARO,NACIONAL,2025-10
C016,300101,2025-10-31,88,20.24,0.0,0.0,0.0,5.0,1.15,45260.0,1397.0,1444.0,309.35,329.029,41.0,0.5610000000000355,False,0.5610000000000355,1.0273333333333334,30.82,0.5460739779364394,2025-10-01,Canasta Familiar,Grandes Superficies,Santanderes,Bucaramanga Metropolitana,Bucaramanga,Supermercado,JAMON DE CERDO FINAS LONCHAS SIERRA CARNES 230G,0.23,UND,JAMON CERDO,LONCHAS,CARNES FRIAS,regular,SIERRA CARNES,NACIONAL,2025-10
C003,300101,2025-10-31,69,15.87,0.0,0.0,0.0,5.0,1.15,46180.0,1690.0,1689.0,388.7,383.40999999999997,70.0,21.160000000000025,False,21.160000000000025,1.2496666666666665,37.489999999999995,16.932515337423336,2025-10-01,MaxiCompra Caribe,Grandes Superficies,Caribe,Costa Norte,Barranquilla,Supermercado,JAMON DE CERDO FINAS LONCHAS SIERRA CARNES 230G,0.23,UND,JAMON CERDO,LONCHAS,CARNES FRIAS,regular,SIERRA CARNES,NACIONAL,2025-10
C001,190103,2025-10-31,29,17.4,0.0,0.0,0.0,1.0,0.6,41300.0,0.0,20.0,0.0,12.0,9.0,5.399999999999999,False,5.399999999999999,0.3,9.0,17.999999999999996,2025-10-01,HiperMax Nacional,Grandes Superficies,Centro,Bogotá y Sabana,Bogotá,Hipermercado,RACLETTE CELEBRACION LOMA DORADA 600G,0.6,UND,MIXTO QUESOS,TEMPORADA,QUESOS MADURADOS,temporada,LOMA DORADA,IMPORTADO,2025-10
C016,190102,2025-10-31,20,10.0,0.0,0.0,0.0,1.0,0.5,30940.0,0.0,17.0,0.0,8.5,3.0,1.5,False,1.5,0.21666666666666667,6.5,6.9230769230769225,2025-10-01,Canasta Familiar,Grandes Superficies,Santanderes,Bucaramanga Metropolitana,Bucaramanga,Supermercado,DUO FESTIVO QUESOS Y CARNES 500G,0.5,UND,MIXTO QUESOS-CARNES,TEMPORADA,QUESOS MADURADOS,temporada,MONTE AZUL,MAQUILA,2025-10
C014,300101,2025-10-31,90,20.7,0.0,0.0,0.0,11.0,2.53,99410.0,1774.0,1816.0,408.02,408.15,48.0,20.569999999999993,False,20.569999999999993,1.4029999999999998,42.089999999999996,14.661439771917317,2025-10-01,Plaza Hogar,Grandes Superficies,Occidente,Valle del Cauca,Cali,Hipermercado,JAMON DE CERDO FINAS LONCHAS SIERRA CARNES 230G,0.23,UND,JAMON CERDO,LONCHAS,CARNES FRIAS,regular,SIERRA CARNES,NACIONAL,2025-10
C002,110101,2025-10-31,73,10.95,0.0,0.0,0.0,9.0,1.35,128360.0,1205.0,1226.0,181.38,177.6,52.0,14.72999999999999,False,14.72999999999999,0.6,18.0,24.549999999999983,2025-10-01,SuperAhorro,Grandes Superficies,Antioquia,Valle de Aburrá,Medellín,Supermercado,GOUDA AHUMADO TAJADO LOMA DORADA 150G,0.15,UND,GOUDA AHUMADO,QUESOS TAJADOS PREMIUM,QUESOS MADURADOS,regular,LOMA DORADA,IMPORTADO,2025-10
C003,110112,2025-10-31,120,12.0,0.0,0.0,0.0,8.0,0.8,55420.0,5256.0,5250.0,525.6,518.8,126.0,18.800000000000068,False,18.800000000000068,0.6666666666666666,20.0,28.200000000000102,2025-10-01,MaxiCompra Caribe,Grandes Superficies,Caribe,Costa Norte,Barranquilla,Supermercado,PARMESANO RALLADO ORO LECHE 100G,0.1,UND,TIPO PARMESANO,RALLADOS,QUESO PARMESANO,regular,ORO LECHE,MAQUILA,2025-10
C001,110103,2025-10-31,102,15.3,0.0,0.0,0.0,7.0,1.05,101070.0,1849.0,1896.0,264.3,283.59,55.0,-3.9899999999999523,True,0.0,1.015,30.45,0.0,2025-10-01,HiperMax Nacional,Grandes Superficies,Centro,Bogotá y Sabana,Bogotá,Hipermercado,MUENSTER TAJADO LOMA DORADA 150G,0.15,UND,MUENSTER,QUESOS TAJADOS PREMIUM,QUESOS MADURADOS,regular,LOMA DORADA,IMPORTADO,2025-10
C015,900101,2025-10-31,15,1.2,0.0,0.0,0.0,0.0,0.0,0.0,327.0,329.0,26.16,26.006,13.0,1.3539999999999992,False,1.3539999999999992,0.10933333333333334,3.2800000000000002,12.384146341463406,2025-10-01,Abarrotes Norte,Tradicional Modernizado,Caribe,Costa Norte,Barranquilla,Supermercado Regional,SALAMI TAJADO CASA IBERIA 80G,0.08,UND,SALAMI,CHARCUTERIA,CARNES MADURADAS,regular,CASA IBERIA,IMPORTADO,2025-10
C018,130103,2025-10-31,144,41.472,0.0,0.0,0.0,16.0,4.608,121330.0,4539.0,4516.0,1307.232,1289.076,167.0,59.62799999999993,False,59.62799999999993,4.118399999999999,123.55199999999999,14.478438228438213,2025-10-01,Cadena Uno,Hard Discount,Occidente,Valle del Cauca,Cali,Discounter,LONCHAS AMERICANAS DELILAT 288G,0.288,UND,CHEDDAR ANALOGO,LONCHITAS,QUESOS ANALOGOS,regular,DELILAT,MAQUILA,2025-10
C017,900101,2025-10-31,4,0.32,4.0,0.32,30890.0,2.0,0.16,21110.0,159.0,158.0,12.48,12.252,5.0,0.548,False,0.548,0.04800000000000001,1.4400000000000002,11.416666666666666,2025-10-01,RapiExpress,E-commerce,Centro,Bogotá y Sabana,Bogotá,Quick Commerce,SALAMI TAJADO CASA IBERIA 80G,0.08,UND,SALAMI,CHARCUTERIA,CARNES MADURADAS,regular,CASA IBERIA,IMPORTADO,2025-10
C003,110103,2025-10-31,72,10.8,0.0,0.0,0.0,6.0,0.9,87940.0,1332.0,1351.0,199.8,199.248,53.0,11.352000000000032,False,11.352000000000032,0.805,24.150000000000002,14.101863354037306,2025-10-01,MaxiCompra Caribe,Grandes Superficies,Caribe,Costa Norte,Barranquilla,Supermercado,MUENSTER TAJADO LOMA DORADA 150G,0.15,UND,MUENSTER,QUESOS TAJADOS PREMIUM,QUESOS MADURADOS,regular,LOMA DORADA,IMPORTADO,2025-10
C004,120101,2025-10-31,269,67.25,0.0,0.0,0.0,20.0,5.0,179400.0,5983.0,6029.0,1495.75,1486.94,223.0,76.05999999999995,False,76.05999999999995,5.483333333333333,164.5,13.87112462006078,2025-10-01,Descuento Ya,Hard Discount,Centro,Bogotá y Sabana,Bogotá,Discounter,MOZZARELLA TAJADA CAMPOCLARO 250G,0.25,UND,MOZZARELLA,QUESOS TAJADOS,QUESOS FRESCOS,regular,CAMPOCLARO,NACIONAL,2025-10
C013,110102,2025-10-31,19,2.85,0.0,0.0,0.0,3.0,0.45,48190.0,279.0,292.0,41.85,43.602,6.0,1.098000000000006,False,1.098000000000006,0.185,5.55,5.935135135135168,2025-10-01,La Mesa Premium,Tiendas Especializadas,Occidente,,Cali,Especialidad,HOLANDES TAJADO LOMA DORADA 150G,0.15,UND,HOLANDES,QUESOS TAJADOS PREMIUM,QUESOS MADURADOS,regular,LOMA DORADA,IMPORTADO,2025-10
C003,120103,2025-10-31,88,17.6,0.0,0.0,0.0,5.0,1.0,50590.0,1495.0,1525.0,299.0,301.8,58.0,14.800000000000011,False,14.800000000000011,1.0333333333333334,31.0,14.3225806451613,2025-10-01,MaxiCompra Caribe,Grandes Superficies,Caribe,Costa Norte,Barranquilla,Supermercado,QUESO CREMA CAMPOCLARO 200G,0.2,UND,CREMAS,UNTABLES,QUESOS FRESCOS,regular,CAMPOCLARO,NACIONAL,2025-10
C014,900103,2025-10-31,71,5.68,0.0,0.0,0.0,1.0,0.08,10930.0,1398.0,1398.0,111.84,110.278,71.0,7.242000000000004,False,7.242000000000004,0.3946666666666667,11.840000000000002,18.349662162162172,2025-10-01,Plaza Hogar,Grandes Superficies,Occidente,Valle del Cauca,Cali,Hipermercado,JAMON SERRANO TAJADO CASA IBERIA 80G,0.08,UND,JAMON SERRANO,CHARCUTERIA,CARNES MADURADAS,regular,CASA IBERIA,IMPORTADO,2025-10
C002,130103,2025-10-31,124,35.712,0.0,0.0,0.0,5.0,1.44,41110.0,2404.0,2414.0,645.408,672.653,114.0,8.466999999999985,False,8.466999999999985,2.2656,67.968,3.737199858757055,2025-10-01,SuperAhorro,Grandes Superficies,Antioquia,Valle de Aburrá,Medellín,Supermercado,LONCHAS AMERICANAS DELILAT 288G,0.288,UND,CHEDDAR ANALOGO,LONCHITAS,QUESOS ANALOGOS,regular,DELILAT,MAQUILA,2025-10
C013,190103,2025-10-31,5,3.0,0.0,0.0,0.0,0.0,0.0,0.0,0.0,4.0,0.0,2.4,1.0,0.6000000000000001,False,0.6000000000000001,0.02,0.6,30.000000000000004,2025-10-01,La Mesa Premium,Tiendas Especializadas,Occidente,,Cali,Especialidad,RACLETTE CELEBRACION LOMA DORADA 600G,0.6,UND,MIXTO QUESOS,TEMPORADA,QUESOS MADURADOS,temporada,LOMA DORADA,IMPORTADO,2025-10
C001,900103,2025-10-31,112,8.96,0.0,0.0,0.0,9.0,0.72,97330.0,1864.0,1908.0,137.92,150.72,68.0,-3.8400000000000034,True,0.0,0.5253333333333334,15.760000000000002,0.0,2025-10-01,HiperMax Nacional,Grandes Superficies,Centro,Bogotá y Sabana,Bogotá,Hipermercado,JAMON SERRANO TAJADO CASA IBERIA 80G,0.08,UND,JAMON SERRANO,CHARCUTERIA,CARNES MADURADAS,regular,CASA IBERIA,IMPORTADO,2025-10
C005,300102,2025-10-31,105,24.15,0.0,0.0,0.0,9.0,2.07,77050.0,2233.0,2284.0,513.59,522.79,54.0,14.950000000000045,False,14.950000000000045,1.8936666666666666,56.809999999999995,7.894736842105288,2025-10-01,PrecioListo,Hard Discount,Antioquia,Valle de Aburrá,Medellín,Discounter,JAMON DE PAVO FINAS LONCHAS SIERRA CARNES 230G,0.23,UND,JAMON PAVO,LONCHAS,CARNES FRIAS,regular,SIERRA CARNES,NACIONAL,2025-10
C002,190103,2025-10-31,22,0.0,0.0,0.0,0.0,0.0,0.0,0.0,0.0,16.0,0.0,9.6,6.0,-9.6,True,0.0,0.22,6.6,0.0,2025-10-01,SuperAhorro,Grandes Superficies,Antioquia,Valle de Aburrá,Medellín,Supermercado,RACLETTE CELEBRACION LOMA DORADA 600G,0.6,UND,MIXTO QUESOS,TEMPORADA,QUESOS MADURADOS,temporada,LOMA DORADA,IMPORTADO,2025-10
C014,110101,2025-10-31,70,10.5,0.0,0.0,0.0,5.0,0.75,74020.0,1355.0,1383.0,195.9,205.35,42.0,1.0500000000000114,False,1.0500000000000114,0.5850000000000001,17.55,1.794871794871814,2025-10-01,Plaza Hogar,Grandes Superficies,Occidente,Valle del Cauca,Cali,Hipermercado,GOUDA AHUMADO TAJADO LOMA DORADA 150G,0.15,UND,GOUDA AHUMADO,QUESOS TAJADOS PREMIUM,QUESOS MADURADOS,regular,LOMA DORADA,IMPORTADO,2025-10
C001,190102,2025-10-31,26,13.0,0.0,0.0,0.0,0.0,0.0,0.0,0.0,21.0,0.0,10.0,5.0,3.0,False,3.0,0.2,6.0,15.0,2025-10-01,HiperMax Nacional,Grandes Superficies,Centro,Bogotá y Sabana,Bogotá,Hipermercado,DUO FESTIVO QUESOS Y CARNES 500G,0.5,UND,MIXTO QUESOS-CARNES,TEMPORADA,QUESOS MADURADOS,temporada,MONTE AZUL,MAQUILA,2025-10
C002,110112,2025-10-31,158,15.8,0.0,0.0,0.0,9.0,0.9,61490.0,2663.0,2695.0,266.3,267.3,126.0,14.800000000000011,False,14.800000000000011,0.92,27.6,16.086956521739143,2025-10-01,SuperAhorro,Grandes Superficies,Antioquia,Valle de Aburrá,Medellín,Supermercado,PARMESANO RALLADO ORO LECHE 100G,0.1,UND,TIPO PARMESANO,RALLADOS,QUESO PARMESANO,regular,ORO LECHE,MAQUILA,2025-10
C003,110113,2025-10-31,58,14.5,0.0,0.0,0.0,6.0,1.5,92940.0,1374.0,1380.0,328.25,337.75,52.0,5.0,False,5.0,1.0666666666666667,32.0,4.6875,2025-10-01,MaxiCompra Caribe,Grandes Superficies,Caribe,Costa Norte,Barranquilla,Supermercado,PARMESANO RALLADO ORO LECHE 250G,0.25,UND,TIPO PARMESANO,RALLADOS,QUESO PARMESANO,regular,ORO LECHE,MAQUILA,2025-10
C004,130101,2025-10-31,424,63.6,0.0,0.0,0.0,35.0,5.25,179570.0,11003.0,11174.0,1594.92,1653.0,253.0,5.519999999999982,False,5.519999999999982,6.010000000000001,180.3,0.9184692179700468,2025-10-01,Descuento Ya,Hard Discount,Centro,Bogotá y Sabana,Bogotá,Discounter,CHEDDAR ESTILO AMERICANO DELILAT 150G,0.15,UND,CHEDDAR ANALOGO,LONCHAS,QUESOS ANALOGOS,regular,DELILAT,MAQUILA,2025-10
C001,110115,2025-10-31,84,21.0,0.0,0.0,0.0,11.0,2.75,277260.0,1727.0,1715.0,431.75,421.35,96.0,31.399999999999977,False,31.399999999999977,1.4333333333333333,43.0,21.906976744186032,2025-10-01,HiperMax Nacional,Grandes Superficies,Centro,Bogotá y Sabana,Bogotá,Hipermercado,FETA CUBOS CASA SIERRA 250G,0.25,UND,FETA,ESPECIALES,QUESOS MADURADOS,regular,CASA SIERRA,IMPORTADO,2025-10
C014,190102,2025-10-31,26,13.0,0.0,0.0,0.0,1.0,0.5,29660.0,0.0,17.0,0.0,8.5,9.0,4.5,False,4.5,0.15,4.5,30.0,2025-10-01,Plaza Hogar,Grandes Superficies,Occidente,Valle del Cauca,Cali,Hipermercado,DUO FESTIVO QUESOS Y CARNES 500G,0.5,UND,MIXTO QUESOS-CARNES,TEMPORADA,QUESOS MADURADOS,temporada,MONTE AZUL,MAQUILA,2025-10
C001,110112,2025-10-31,239,23.9,0.0,0.0,0.0,12.0,1.2,80850.0,3778.0,3881.0,362.7,384.424,136.0,2.1759999999999877,False,2.1759999999999877,1.27,38.1,1.7133858267716437,2025-10-01,HiperMax Nacional,Grandes Superficies,Centro,Bogotá y Sabana,Bogotá,Hipermercado,PARMESANO RALLADO ORO LECHE 100G,0.1,UND,TIPO PARMESANO,RALLADOS,QUESO PARMESANO,regular,ORO LECHE,MAQUILA,2025-10
C013,110109,2025-10-31,13,1.95,0.0,0.0,0.0,0.0,0.0,0.0,295.0,298.0,42.6,44.088,10.0,0.4620000000000033,False,0.4620000000000033,0.165,4.95,2.80000000000002,2025-10-01,La Mesa Premium,Tiendas Especializadas,Occidente,,Cali,Especialidad,IBERICO CUÑA MONTE AZUL 150G,0.15,UND,IBERICO,CUÑAS PREMIUM,QUESOS MADURADOS,regular,MONTE AZUL,IMPORTADO,2025-10
C013,110110,2025-10-31,10,3.6,0.0,0.0,0.0,0.0,0.0,0.0,140.0,144.0,48.6,49.982,6.0,2.2180000000000035,False,2.2180000000000035,0.132,3.96,16.80303030303033,2025-10-01,La Mesa Premium,Tiendas Especializadas,Occidente,,Cali,Especialidad,MIX QUESOS PREMIUM MONTE AZUL 360G,0.36,UND,MIXTO QUESOS,MEZCLAS PREMIUM,QUESOS MADURADOS,regular,MONTE AZUL,IMPORTADO,2025-10
C014,110107,2025-10-31,58,7.25,0.0,0.0,0.0,3.0,0.375,39690.0,999.0,1028.0,108.5,126.595,29.0,-10.844999999999999,True,0.0,0.4,12.0,0.0,2025-10-01,Plaza Hogar,Grandes Superficies,Occidente,Valle del Cauca,Cali,Hipermercado,CAMEMBERT CUÑA MONTE AZUL 125G,0.125,UND,CAMEMBERT,QUESOS BLANDOS,QUESOS MADURADOS,regular,MONTE AZUL,IMPORTADO,2025-10
C012,190101,2025-10-31,7,2.8,0.0,0.0,0.0,0.0,0.0,0.0,0.0,6.0,0.0,2.4000000000000004,1.0,0.39999999999999947,False,0.39999999999999947,0.05333333333333334,1.6,7.499999999999989,2025-10-01,Delimarket Gourmet,Tiendas Especializadas,Centro,Bogotá y Sabana,Bogotá,Especialidad,TABLA APERITIVO NAVIDEÑA MONTE AZUL 400G,0.4,UND,MIXTO QUESOS,TEMPORADA,QUESOS MADURADOS,temporada,MONTE AZUL,IMPORTADO,2025-10
C014,110110,2025-10-31,33,11.88,0.0,0.0,0.0,2.0,0.72,68130.0,602.0,617.0,216.72,219.6,18.0,9.0,False,9.0,0.732,21.96,12.295081967213115,2025-10-01,Plaza Hogar,Grandes Superficies,Occidente,Valle del Cauca,Cali,Hipermercado,MIX QUESOS PREMIUM MONTE AZUL 360G,0.36,UND,MIXTO QUESOS,MEZCLAS PREMIUM,QUESOS MADURADOS,regular,MONTE AZUL,IMPORTADO,2025-10
C004,900102,2025-10-31,149,11.92,0.0,0.0,0.0,18.0,1.44,160170.0,3047.0,3090.0,218.0,240.025,106.0,-10.105000000000018,True,0.0,0.9626666666666667,28.88,0.0,2025-10-01,Descuento Ya,Hard Discount,Centro,Bogotá y Sabana,Bogotá,Discounter,PEPPERONI TAJADO CASA IBERIA 80G,0.08,UND,PEPPERONI,CHARCUTERIA,CARNES MADURADAS,regular,CASA IBERIA,IMPORTADO,2025-10
C017,130101,2025-10-31,6,0.9,0.0,0.0,0.0,0.0,0.0,0.0,218.0,220.0,32.7,32.826,4.0,0.7740000000000009,False,0.7740000000000009,0.06999999999999999,2.0999999999999996,11.057142857142871,2025-10-01,RapiExpress,E-commerce,Centro,Bogotá y Sabana,Bogotá,Quick Commerce,CHEDDAR ESTILO AMERICANO DELILAT 150G,0.15,UND,CHEDDAR ANALOGO,LONCHAS,QUESOS ANALOGOS,regular,DELILAT,MAQUILA,2025-10
C016,110114,2025-10-31,55,13.75,0.0,0.0,0.0,9.0,2.25,215330.0,1088.0,1113.0,263.0,276.0,30.0,0.75,False,0.75,1.1083333333333334,33.25,0.6766917293233082,2025-10-01,Canasta Familiar,Grandes Superficies,Santanderes,Bucaramanga Metropolitana,Bucaramanga,Supermercado,GOUDA NATURAL CUÑA LOMA DORADA 250G,0.25,UND,GOUDA NATURAL,CUÑAS,QUESOS MADURADOS,regular,LOMA DORADA,IMPORTADO,2025-10
C003,110110,2025-10-31,39,14.04,0.0,0.0,0.0,1.0,0.36,34100.0,629.0,648.0,226.44,232.142,20.0,8.337999999999994,False,8.337999999999994,0.852,25.56,9.786384976525815,2025-10-01,MaxiCompra Caribe,Grandes Superficies,Caribe,Costa Norte,Barranquilla,Supermercado,MIX QUESOS PREMIUM MONTE AZUL 360G,0.36,UND,MIXTO QUESOS,MEZCLAS PREMIUM,QUESOS MADURADOS,regular,MONTE AZUL,IMPORTADO,2025-10
C001,110114,2025-10-31,96,24.0,0.0,0.0,0.0,9.0,2.25,222180.0,1561.0,1616.0,375.5,398.62,41.0,0.8799999999999955,False,0.8799999999999955,1.425,42.75,0.6175438596491196,2025-10-01,HiperMax Nacional,Grandes Superficies,Centro,Bogotá y Sabana,Bogotá,Hipermercado,GOUDA NATURAL CUÑA LOMA DORADA 250G,0.25,UND,GOUDA NATURAL,CUÑAS,QUESOS MADURADOS,regular,LOMA DORADA,IMPORTADO,2025-10
C013,900102,2025-11-30,19,1.52,0.0,0.0,0.0,2.0,0.16,21500.0,388.0,397.0,29.52,31.373,10.0,-0.33300000000000196,True,0.0,0.14133333333333334,4.24,0.0,2025-11-01,La Mesa Premium,Tiendas Especializadas,Occidente,,Cali,Especialidad,PEPPERONI TAJADO CASA IBERIA 80G,0.08,UND,PEPPERONI,CHARCUTERIA,CARNES MADURADAS,regular,CASA IBERIA,IMPORTADO,2025-11
C001,110107,2025-11-30,61,7.625,0.0,0.0,0.0,3.0,0.375,38790.0,1674.0,1669.0,209.25,204.95,66.0,11.925000000000011,False,11.925000000000011,0.6791666666666667,20.375,17.558282208588974,2025-11-01,HiperMax Nacional,Grandes Superficies,Centro,Bogotá y Sabana,Bogotá,Hipermercado,CAMEMBERT CUÑA MONTE AZUL 125G,0.125,UND,CAMEMBERT,QUESOS BLANDOS,QUESOS MADURADOS,regular,MONTE AZUL,IMPORTADO,2025-11
C015,900102,2025-11-30,12,0.96,0.0,0.0,0.0,0.0,0.0,0.0,308.0,307.0,23.52,24.400000000000002,13.0,0.0799999999999983,False,0.0799999999999983,0.09866666666666668,2.9600000000000004,0.8108108108107934,2025-11-01,Abarrotes Norte,Tradicional Modernizado,Caribe,Costa Norte,Barranquilla,Supermercado Regional,PEPPERONI TAJADO CASA IBERIA 80G,0.08,UND,PEPPERONI,CHARCUTERIA,CARNES MADURADAS,regular,CASA IBERIA,IMPORTADO,2025-11
C004,120104,2025-11-30,177,35.4,0.0,0.0,0.0,8.0,1.6,58070.0,4845.0,4844.0,969.0,952.688,178.0,51.71199999999999,False,51.71199999999999,3.2933333333333334,98.8,15.702024291497972,2025-11-01,Descuento Ya,Hard Discount,Centro,Bogotá y Sabana,Bogotá,Discounter,MOZZARELLA LIGHT CAMPOCLARO 200G,0.2,UND,MOZZARELLA,QUESOS TAJADOS,QUESOS FRESCOS,regular,CAMPOCLARO,NACIONAL,2025-11
C005,130101,2025-11-30,356,53.4,0.0,0.0,0.0,25.0,3.75,132670.0,9929.0,10032.0,1439.85,1497.75,253.0,-4.5,True,0.0,4.785,143.55,0.0,2025-11-01,PrecioListo,Hard Discount,Antioquia,Valle de Aburrá,Medellín,Discounter,CHEDDAR ESTILO AMERICANO DELILAT 150G,0.15,UND,CHEDDAR ANALOGO,LONCHAS,QUESOS ANALOGOS,regular,DELILAT,MAQUILA,2025-11
C001,120104,2025-11-30,143,28.6,0.0,0.0,0.0,10.0,2.0,80990.0,2513.0,2570.0,502.6,503.416,86.0,27.78400000000005,False,27.78400000000005,1.6400000000000001,49.2,16.941463414634175,2025-11-01,HiperMax Nacional,Grandes Superficies,Centro,Bogotá y Sabana,Bogotá,Hipermercado,MOZZARELLA LIGHT CAMPOCLARO 200G,0.2,UND,MOZZARELLA,QUESOS TAJADOS,QUESOS FRESCOS,regular,CAMPOCLARO,NACIONAL,2025-11
C001,110113,2025-11-30,116,29.0,0.0,0.0,0.0,5.0,1.25,77200.0,2130.0,2198.0,514.75,536.75,48.0,7.0,False,7.0,1.775,53.25,3.943661971830986,2025-11-01,HiperMax Nacional,Grandes Superficies,Centro,Bogotá y Sabana,Bogotá,Hipermercado,PARMESANO RALLADO ORO LECHE 250G,0.25,UND,TIPO PARMESANO,RALLADOS,QUESO PARMESANO,regular,ORO LECHE,MAQUILA,2025-11
C006,110112,2025-11-30,125,12.5,0.0,0.0,0.0,8.0,0.8,50340.0,3514.0,3507.0,351.4,349.80400000000003,132.0,14.095999999999947,False,14.095999999999947,1.0799999999999998,32.4,13.051851851851804,2025-11-01,PuntoMenos Caribe,Hard Discount,Caribe,Costa Norte,Cartagena,Discounter,PARMESANO RALLADO ORO LECHE 100G,0.1,UND,TIPO PARMESANO,RALLADOS,QUESO PARMESANO,regular,ORO LECHE,MAQUILA,2025-11
C002,190102,2025-11-30,22,11.0,0.0,0.0,0.0,0.0,0.0,0.0,37.0,51.0,18.5,25.5,8.0,4.0,False,4.0,0.6166666666666667,18.5,6.486486486486486,2025-11-01,SuperAhorro,Grandes Superficies,Antioquia,Valle de Aburrá,Medellín,Supermercado,DUO FESTIVO QUESOS Y CARNES 500G,0.5,UND,MIXTO QUESOS-CARNES,TEMPORADA,QUESOS MADURADOS,temporada,MONTE AZUL,MAQUILA,2025-11
C013,110114,2025-11-30,14,3.5,0.0,0.0,0.0,2.0,0.5,52350.0,277.0,278.0,69.25,68.79,13.0,3.9599999999999937,False,3.9599999999999937,0.175,5.25,22.628571428571394,2025-11-01,La Mesa Premium,Tiendas Especializadas,Occidente,,Cali,Especialidad,GOUDA NATURAL CUÑA LOMA DORADA 250G,0.25,UND,GOUDA NATURAL,CUÑAS,QUESOS MADURADOS,regular,LOMA DORADA,IMPORTADO,2025-11
C001,110101,2025-11-30,97,14.55,0.0,0.0,0.0,6.0,0.9,86160.0,1986.0,2004.0,288.45,297.354,79.0,5.646000000000015,False,5.646000000000015,1.0799999999999998,32.4,5.227777777777792,2025-11-01,HiperMax Nacional,Grandes Superficies,Centro,Bogotá y Sabana,Bogotá,Hipermercado,GOUDA AHUMADO TAJADO LOMA DORADA 150G,0.15,UND,GOUDA AHUMADO,QUESOS TAJADOS PREMIUM,QUESOS MADURADOS,regular,LOMA DORADA,IMPORTADO,2025-11
C018,110113,2025-11-30,114,28.5,0.0,0.0,0.0,8.0,2.0,116430.0,2544.0,2560.0,636.0,632.49,98.0,32.00999999999999,False,32.00999999999999,1.8333333333333333,55.0,17.459999999999997,2025-11-01,Cadena Uno,Hard Discount,Occidente,Valle del Cauca,Cali,Discounter,PARMESANO RALLADO ORO LECHE 250G,0.25,UND,TIPO PARMESANO,RALLADOS,QUESO PARMESANO,regular,ORO LECHE,MAQUILA,2025-11
C014,300101,2025-11-30,90,20.7,0.0,0.0,0.0,4.0,0.92,35340.0,1989.0,1987.0,439.53,447.48,92.0,12.749999999999943,False,12.749999999999943,1.3110000000000002,39.330000000000005,9.72540045766586,2025-11-01,Plaza Hogar,Grandes Superficies,Occidente,Valle del Cauca,Cali,Hipermercado,JAMON DE CERDO FINAS LONCHAS SIERRA CARNES 230G,0.23,UND,JAMON CERDO,LONCHAS,CARNES FRIAS,regular,SIERRA CARNES,NACIONAL,2025-11
C017,130101,2025-11-30,6,0.9,0.0,0.0,0.0,0.0,0.0,0.0,250.0,251.0,37.5,37.476,5.0,0.9239999999999995,False,0.9239999999999995,0.155,4.65,5.961290322580642,2025-11-01,RapiExpress,E-commerce,Centro,Bogotá y Sabana,Bogotá,Quick Commerce,CHEDDAR ESTILO AMERICANO DELILAT 150G,0.15,UND,CHEDDAR ANALOGO,LONCHAS,QUESOS ANALOGOS,regular,DELILAT,MAQUILA,2025-11
C001,110104,2025-11-30,84,12.6,0.0,0.0,0.0,9.0,1.35,128830.0,2101.0,2110.0,314.16,314.196,75.0,12.564000000000021,False,12.564000000000021,1.075,32.25,11.687441860465137,2025-11-01,HiperMax Nacional,Grandes Superficies,Centro,Bogotá y Sabana,Bogotá,Hipermercado,COLBY JACK TAJADO LOMA DORADA 150G,0.15,UND,COLBY JACK,QUESOS TAJADOS PREMIUM,QUESOS MADURADOS,regular,LOMA DORADA,IMPORTADO,2025-11
C014,900102,2025-11-30,76,6.08,0.0,0.0,0.0,8.0,0.64,79050.0,1504.0,1510.0,116.56,118.659,70.0,3.9809999999999945,False,3.9809999999999945,0.40266666666666673,12.080000000000002,9.886589403973495,2025-11-01,Plaza Hogar,Grandes Superficies,Occidente,Valle del Cauca,Cali,Hipermercado,PEPPERONI TAJADO CASA IBERIA 80G,0.08,UND,PEPPERONI,CHARCUTERIA,CARNES MADURADAS,regular,CASA IBERIA,IMPORTADO,2025-11
C001,120101,2025-11-30,269,67.25,0.0,0.0,0.0,11.0,2.75,109530.0,5523.0,5054.0,1380.75,1249.78,738.0,198.22000000000003,False,198.22000000000003,4.016666666666667,120.5,49.349377593361005,2025-11-01,HiperMax Nacional,Grandes Superficies,Centro,Bogotá y Sabana,Bogotá,Hipermercado,MOZZARELLA TAJADA CAMPOCLARO 250G,0.25,UND,MOZZARELLA,QUESOS TAJADOS,QUESOS FRESCOS,regular,CAMPOCLARO,NACIONAL,2025-11
C012,900102,2025-11-30,24,1.92,0.0,0.0,0.0,1.0,0.08,10920.0,406.0,415.0,32.480000000000004,32.4,15.0,2.000000000000007,False,2.000000000000007,0.07733333333333332,2.32,25.862068965517338,2025-11-01,Delimarket Gourmet,Tiendas Especializadas,Centro,Bogotá y Sabana,Bogotá,Especialidad,PEPPERONI TAJADO CASA IBERIA 80G,0.08,UND,PEPPERONI,CHARCUTERIA,CARNES MADURADAS,regular,CASA IBERIA,IMPORTADO,2025-11
C017,900103,2025-11-30,3,0.24,0.0,0.0,0.0,0.0,0.0,0.0,159.0,159.0,12.32,12.48,3.0,0.08000000000000007,False,0.08000000000000007,0.034666666666666665,1.04,2.3076923076923097,2025-11-01,RapiExpress,E-commerce,Centro,Bogotá y Sabana,Bogotá,Quick Commerce,JAMON SERRANO TAJADO CASA IBERIA 80G,0.08,UND,JAMON SERRANO,CHARCUTERIA,CARNES MADURADAS,regular,CASA IBERIA,IMPORTADO,2025-11
C016,110102,2025-11-30,56,8.4,0.0,0.0,0.0,1.0,0.15,14520.0,1070.0,1086.0,160.5,160.512,40.0,8.388000000000005,False,8.388000000000005,0.49000000000000005,14.700000000000001,17.118367346938786,2025-11-01,Canasta Familiar,Grandes Superficies,Santanderes,Bucaramanga Metropolitana,Bucaramanga,Supermercado,HOLANDES TAJADO LOMA DORADA 150G,0.15,UND,HOLANDES,QUESOS TAJADOS PREMIUM,QUESOS MADURADOS,regular,LOMA DORADA,IMPORTADO,2025-11
C016,130103,2025-11-30,88,25.344,0.0,0.0,0.0,3.0,0.864,25280.0,1846.0,1850.0,531.648,525.819,84.0,31.173000000000116,False,31.173000000000116,1.7664000000000002,52.992000000000004,17.647758152173978,2025-11-01,Canasta Familiar,Grandes Superficies,Santanderes,Bucaramanga Metropolitana,Bucaramanga,Supermercado,LONCHAS AMERICANAS DELILAT 288G,0.288,UND,CHEDDAR ANALOGO,LONCHITAS,QUESOS ANALOGOS,regular,DELILAT,MAQUILA,2025-11
C012,110109,2025-11-30,14,2.1,0.0,0.0,0.0,0.0,0.0,0.0,363.0,357.0,51.855,51.9,20.0,2.0549999999999997,False,2.0549999999999997,0.145,4.35,14.172413793103447,2025-11-01,Delimarket Gourmet,Tiendas Especializadas,Centro,Bogotá y Sabana,Bogotá,Especialidad,IBERICO CUÑA MONTE AZUL 150G,0.15,UND,IBERICO,CUÑAS PREMIUM,QUESOS MADURADOS,regular,MONTE AZUL,IMPORTADO,2025-11
C001,190103,2025-11-30,29,17.4,0.0,0.0,0.0,0.0,0.0,0.0,42.0,64.0,25.2,38.4,7.0,4.199999999999996,False,4.199999999999996,0.8800000000000001,26.400000000000002,4.772727272727267,2025-11-01,HiperMax Nacional,Grandes Superficies,Centro,Bogotá y Sabana,Bogotá,Hipermercado,RACLETTE CELEBRACION LOMA DORADA 600G,0.6,UND,MIXTO QUESOS,TEMPORADA,QUESOS MADURADOS,temporada,LOMA DORADA,IMPORTADO,2025-11
C001,110115,2025-11-30,84,21.0,0.0,0.0,0.0,8.0,2.0,203620.0,1943.0,1928.0,485.75,472.6,99.0,34.14999999999998,False,34.14999999999998,1.7083333333333333,51.25,19.990243902439012,2025-11-01,HiperMax Nacional,Grandes Superficies,Centro,Bogotá y Sabana,Bogotá,Hipermercado,FETA CUBOS CASA SIERRA 250G,0.25,UND,FETA,ESPECIALES,QUESOS MADURADOS,regular,CASA SIERRA,IMPORTADO,2025-11
C002,110115,2025-11-30,68,17.0,0.0,0.0,0.0,7.0,1.75,178820.0,1367.0,1387.0,341.75,336.87,48.0,21.879999999999995,False,21.879999999999995,1.1666666666666667,35.0,18.75428571428571,2025-11-01,SuperAhorro,Grandes Superficies,Antioquia,Valle de Aburrá,Medellín,Supermercado,FETA CUBOS CASA SIERRA 250G,0.25,UND,FETA,ESPECIALES,QUESOS MADURADOS,regular,CASA SIERRA,IMPORTADO,2025-11
C012,110114,2025-11-30,20,5.0,0.0,0.0,0.0,4.0,1.0,104700.0,338.0,351.0,84.5,85.31,7.0,4.189999999999998,False,4.189999999999998,0.3416666666666667,10.25,12.263414634146335,2025-11-01,Delimarket Gourmet,Tiendas Especializadas,Centro,Bogotá y Sabana,Bogotá,Especialidad,GOUDA NATURAL CUÑA LOMA DORADA 250G,0.25,UND,GOUDA NATURAL,CUÑAS,QUESOS MADURADOS,regular,LOMA DORADA,IMPORTADO,2025-11
C004,130104,2025-11-30,245,36.75,0.0,0.0,0.0,8.0,1.2,43030.0,5689.0,5756.0,825.9,853.626,178.0,9.024000000000001,False,9.024000000000001,2.65,79.5,3.405283018867925,2025-11-01,Descuento Ya,Hard Discount,Centro,Bogotá y Sabana,Bogotá,Discounter,PIZZA MIX RALLADO DELILAT 150G,0.15,UND,MIXTO QUESOS,RALLADOS,QUESOS ANALOGOS,regular,DELILAT,MAQUILA,2025-11
C004,120101,2025-11-30,269,67.25,0.0,0.0,0.0,21.0,5.25,191760.0,6591.0,6682.0,1647.75,1650.19,178.0,64.80999999999995,False,64.80999999999995,5.441666666666666,163.25,11.909954058192946,2025-11-01,Descuento Ya,Hard Discount,Centro,Bogotá y Sabana,Bogotá,Discounter,MOZZARELLA TAJADA CAMPOCLARO 250G,0.25,UND,MOZZARELLA,QUESOS TAJADOS,QUESOS FRESCOS,regular,CAMPOCLARO,NACIONAL,2025-11
C016,110110,2025-11-30,24,8.64,0.0,0.0,0.0,1.0,0.36,34520.0,509.0,518.0,183.24,186.12,15.0,5.759999999999991,False,5.759999999999991,0.4799999999999999,14.399999999999999,11.999999999999982,2025-11-01,Canasta Familiar,Grandes Superficies,Santanderes,Bucaramanga Metropolitana,Bucaramanga,Supermercado,MIX QUESOS PREMIUM MONTE AZUL 360G,0.36,UND,MIXTO QUESOS,MEZCLAS PREMIUM,QUESOS MADURADOS,regular,MONTE AZUL,IMPORTADO,2025-11
C016,110115,2025-11-30,46,11.5,0.0,0.0,0.0,1.0,0.25,25580.0,932.0,950.0,233.0,233.92,28.0,10.580000000000013,False,10.580000000000013,0.7416666666666667,22.25,14.26516853932586,2025-11-01,Canasta Familiar,Grandes Superficies,Santanderes,Bucaramanga Metropolitana,Bucaramanga,Supermercado,FETA CUBOS CASA SIERRA 250G,0.25,UND,FETA,ESPECIALES,QUESOS MADURADOS,regular,CASA SIERRA,IMPORTADO,2025-11
C014,110107,2025-11-30,58,7.25,0.0,0.0,0.0,0.0,0.0,0.0,1152.0,1161.0,127.625,142.72,49.0,-7.844999999999999,True,0.0,0.5375,16.125,0.0,2025-11-01,Plaza Hogar,Grandes Superficies,Occidente,Valle del Cauca,Cali,Hipermercado,CAMEMBERT CUÑA MONTE AZUL 125G,0.125,UND,CAMEMBERT,QUESOS BLANDOS,QUESOS MADURADOS,regular,MONTE AZUL,IMPORTADO,2025-11
C002,110110,2025-11-30,31,11.16,0.0,0.0,0.0,0.0,0.0,0.0,665.0,660.0,231.12,234.331,36.0,7.949000000000012,False,7.949000000000012,0.8280000000000001,24.840000000000003,9.600241545893734,2025-11-01,SuperAhorro,Grandes Superficies,Antioquia,Valle de Aburrá,Medellín,Supermercado,MIX QUESOS PREMIUM MONTE AZUL 360G,0.36,UND,MIXTO QUESOS,MEZCLAS PREMIUM,QUESOS MADURADOS,regular,MONTE AZUL,IMPORTADO,2025-11
C014,110103,2025-11-30,64,9.6,0.0,0.0,0.0,4.0,0.6,59520.0,1640.0,1622.0,246.0,239.4,82.0,16.19999999999999,False,16.19999999999999,0.68,20.400000000000002,23.82352941176469,2025-11-01,Plaza Hogar,Grandes Superficies,Occidente,Valle del Cauca,Cali,Hipermercado,MUENSTER TAJADO LOMA DORADA 150G,0.15,UND,MUENSTER,QUESOS TAJADOS PREMIUM,QUESOS MADURADOS,regular,LOMA DORADA,IMPORTADO,2025-11
C014,190102,2025-11-30,26,13.0,0.0,0.0,0.0,1.0,0.5,30890.0,26.0,51.0,13.0,25.5,1.0,0.5,False,0.5,0.5666666666666667,17.0,0.8823529411764706,2025-11-01,Plaza Hogar,Grandes Superficies,Occidente,Valle del Cauca,Cali,Hipermercado,DUO FESTIVO QUESOS Y CARNES 500G,0.5,UND,MIXTO QUESOS-CARNES,TEMPORADA,QUESOS MADURADOS,temporada,MONTE AZUL,MAQUILA,2025-11
C006,110113,2025-11-30,95,23.75,0.0,0.0,0.0,5.0,1.25,72640.0,1967.0,2006.0,491.75,496.62,56.0,18.879999999999995,False,18.879999999999995,1.55,46.5,12.18064516129032,2025-11-01,PuntoMenos Caribe,Hard Discount,Caribe,Costa Norte,Cartagena,Discounter,PARMESANO RALLADO ORO LECHE 250G,0.25,UND,TIPO PARMESANO,RALLADOS,QUESO PARMESANO,regular,ORO LECHE,MAQUILA,2025-11
C015,300102,2025-11-30,18,4.14,0.0,0.0,0.0,1.0,0.23,9420.0,452.0,451.0,103.96,101.89,19.0,6.209999999999994,False,6.209999999999994,0.28366666666666673,8.510000000000002,21.891891891891866,2025-11-01,Abarrotes Norte,Tradicional Modernizado,Caribe,Costa Norte,Barranquilla,Supermercado Regional,JAMON DE PAVO FINAS LONCHAS SIERRA CARNES 230G,0.23,UND,JAMON PAVO,LONCHAS,CARNES FRIAS,regular,SIERRA CARNES,NACIONAL,2025-11
C015,120101,2025-11-30,35,8.75,0.0,0.0,0.0,3.0,0.75,29330.0,678.0,691.0,164.75,168.69,22.0,4.810000000000002,False,4.810000000000002,0.6,18.0,8.016666666666671,2025-11-01,Abarrotes Norte,Tradicional Modernizado,Caribe,Costa Norte,Barranquilla,Supermercado Regional,MOZZARELLA TAJADA CAMPOCLARO 250G,0.25,UND,MOZZARELLA,QUESOS TAJADOS,QUESOS FRESCOS,regular,CAMPOCLARO,NACIONAL,2025-11
C016,130101,2025-11-30,125,18.75,0.0,0.0,0.0,7.0,1.05,40700.0,2394.0,2457.0,359.1,363.45,62.0,14.400000000000034,False,14.400000000000034,1.22,36.6,11.80327868852462,2025-11-01,Canasta Familiar,Grandes Superficies,Santanderes,Bucaramanga Metropolitana,Bucaramanga,Supermercado,CHEDDAR ESTILO AMERICANO DELILAT 150G,0.15,UND,CHEDDAR ANALOGO,LONCHAS,QUESOS ANALOGOS,regular,DELILAT,MAQUILA,2025-11
C003,110115,2025-11-30,50,12.5,0.0,0.0,0.0,3.0,0.75,74700.0,1245.0,1245.0,311.25,308.29,50.0,15.45999999999998,False,15.45999999999998,1.125,33.75,13.742222222222203,2025-11-01,MaxiCompra Caribe,Grandes Superficies,Caribe,Costa Norte,Barranquilla,Supermercado,FETA CUBOS CASA SIERRA 250G,0.25,UND,FETA,ESPECIALES,QUESOS MADURADOS,regular,CASA SIERRA,IMPORTADO,2025-11
C013,110102,2025-11-30,19,2.85,0.0,0.0,0.0,1.0,0.15,15740.0,317.0,327.0,47.55,48.852,9.0,1.5480000000000018,False,1.5480000000000018,0.175,5.25,8.845714285714296,2025-11-01,La Mesa Premium,Tiendas Especializadas,Occidente,,Cali,Especialidad,HOLANDES TAJADO LOMA DORADA 150G,0.15,UND,HOLANDES,QUESOS TAJADOS PREMIUM,QUESOS MADURADOS,regular,LOMA DORADA,IMPORTADO,2025-11
C001,900101,2025-11-30,80,6.4,0.0,0.0,0.0,7.0,0.56,69040.0,2182.0,2187.0,174.56,172.16,75.0,8.800000000000011,False,8.800000000000011,0.6346666666666666,19.04,13.865546218487415,2025-11-01,HiperMax Nacional,Grandes Superficies,Centro,Bogotá y Sabana,Bogotá,Hipermercado,SALAMI TAJADO CASA IBERIA 80G,0.08,UND,SALAMI,CHARCUTERIA,CARNES MADURADAS,regular,CASA IBERIA,IMPORTADO,2025-11
C014,120103,2025-11-30,87,17.4,0.0,0.0,0.0,9.0,1.8,92760.0,2074.0,2069.0,416.14,400.704,92.0,32.835999999999956,False,32.835999999999956,1.3333333333333335,40.00000000000001,24.626999999999963,2025-11-01,Plaza Hogar,Grandes Superficies,Occidente,Valle del Cauca,Cali,Hipermercado,QUESO CREMA CAMPOCLARO 200G,0.2,UND,CREMAS,UNTABLES,QUESOS FRESCOS,regular,CAMPOCLARO,NACIONAL,2025-11
C006,300101,2025-11-30,100,23.0,0.0,0.0,0.0,4.0,0.92,32870.0,2271.0,2284.0,522.33,513.571,87.0,31.759000000000015,False,31.759000000000015,1.6943333333333332,50.83,18.744245524296684,2025-11-01,PuntoMenos Caribe,Hard Discount,Caribe,Costa Norte,Cartagena,Discounter,JAMON DE CERDO FINAS LONCHAS SIERRA CARNES 230G,0.23,UND,JAMON CERDO,LONCHAS,CARNES FRIAS,regular,SIERRA CARNES,NACIONAL,2025-11
C017,120101,2025-11-30,6,1.5,0.0,0.0,0.0,2.0,0.5,21180.0,280.0,281.0,68.25,70.25,5.0,-0.5,True,0.0,0.325,9.75,0.0,2025-11-01,RapiExpress,E-commerce,Centro,Bogotá y Sabana,Bogotá,Quick Commerce,MOZZARELLA TAJADA CAMPOCLARO 250G,0.25,UND,MOZZARELLA,QUESOS TAJADOS,QUESOS FRESCOS,regular,CAMPOCLARO,NACIONAL,2025-11
C016,110103,2025-11-30,45,6.75,0.0,0.0,0.0,5.0,0.75,73760.0,1108.0,1135.0,161.1,169.368,18.0,-1.5180000000000007,True,0.0,0.615,18.45,0.0,2025-11-01,Canasta Familiar,Grandes Superficies,Santanderes,Bucaramanga Metropolitana,Bucaramanga,Supermercado,MUENSTER TAJADO LOMA DORADA 150G,0.15,UND,MUENSTER,QUESOS TAJADOS PREMIUM,QUESOS MADURADOS,regular,LOMA DORADA,IMPORTADO,2025-11
C002,190101,2025-11-30,18,7.2,0.0,0.0,0.0,0.0,0.0,0.0,31.0,43.0,12.4,17.2,6.0,2.400000000000002,False,2.400000000000002,0.29333333333333333,8.8,8.181818181818189,2025-11-01,SuperAhorro,Grandes Superficies,Antioquia,Valle de Aburrá,Medellín,Supermercado,TABLA APERITIVO NAVIDEÑA MONTE AZUL 400G,0.4,UND,MIXTO QUESOS,TEMPORADA,QUESOS MADURADOS,temporada,MONTE AZUL,IMPORTADO,2025-11
C001,900102,2025-11-30,121,9.68,0.0,0.0,0.0,10.0,0.8,98510.0,2192.0,2203.0,175.36,173.36,110.0,11.680000000000007,False,11.680000000000007,0.5946666666666667,17.84,19.641255605381176,2025-11-01,HiperMax Nacional,Grandes Superficies,Centro,Bogotá y Sabana,Bogotá,Hipermercado,PEPPERONI TAJADO CASA IBERIA 80G,0.08,UND,PEPPERONI,CHARCUTERIA,CARNES MADURADAS,regular,CASA IBERIA,IMPORTADO,2025-11
C016,900103,2025-11-30,66,5.28,0.0,0.0,0.0,3.0,0.24,33350.0,1254.0,1262.0,96.88,100.16,58.0,2.0,False,2.0,0.376,11.28,5.319148936170213,2025-11-01,Canasta Familiar,Grandes Superficies,Santanderes,Bucaramanga Metropolitana,Bucaramanga,Supermercado,JAMON SERRANO TAJADO CASA IBERIA 80G,0.08,UND,JAMON SERRANO,CHARCUTERIA,CARNES MADURADAS,regular,CASA IBERIA,IMPORTADO,2025-11
C018,130103,2025-11-30,144,41.472,0.0,0.0,0.0,9.0,2.592,67910.0,5005.0,4966.0,1441.44,1418.676,183.0,64.2360000000001,False,64.2360000000001,4.319999999999999,129.6,14.86944444444447,2025-11-01,Cadena Uno,Hard Discount,Occidente,Valle del Cauca,Cali,Discounter,LONCHAS AMERICANAS DELILAT 288G,0.288,UND,CHEDDAR ANALOGO,LONCHITAS,QUESOS ANALOGOS,regular,DELILAT,MAQUILA,2025-11
C002,110114,2025-11-30,66,16.5,0.0,0.0,0.0,5.0,1.25,121440.0,1208.0,1225.0,302.0,304.02,49.0,14.480000000000018,False,14.480000000000018,1.1916666666666667,35.75,12.151048951048967,2025-11-01,SuperAhorro,Grandes Superficies,Antioquia,Valle de Aburrá,Medellín,Supermercado,GOUDA NATURAL CUÑA LOMA DORADA 250G,0.25,UND,GOUDA NATURAL,CUÑAS,QUESOS MADURADOS,regular,LOMA DORADA,IMPORTADO,2025-11
C017,190101,2025-11-30,1,0.4,0.0,0.0,0.0,1.0,0.4,27900.0,6.0,7.0,2.4000000000000004,2.8000000000000003,0.0,0.0,False,0.0,0.08000000000000002,2.4000000000000004,0.0,2025-11-01,RapiExpress,E-commerce,Centro,Bogotá y Sabana,Bogotá,Quick Commerce,TABLA APERITIVO NAVIDEÑA MONTE AZUL 400G,0.4,UND,MIXTO QUESOS,TEMPORADA,QUESOS MADURADOS,temporada,MONTE AZUL,IMPORTADO,2025-11
C003,120103,2025-11-30,88,17.6,0.0,0.0,0.0,5.0,1.0,49640.0,1623.0,1665.0,324.6,329.8,46.0,12.400000000000034,False,12.400000000000034,0.9333333333333333,28.0,13.285714285714322,2025-11-01,MaxiCompra Caribe,Grandes Superficies,Caribe,Costa Norte,Barranquilla,Supermercado,QUESO CREMA CAMPOCLARO 200G,0.2,UND,CREMAS,UNTABLES,QUESOS FRESCOS,regular,CAMPOCLARO,NACIONAL,2025-11
C001,130101,2025-11-30,202,30.3,0.0,0.0,0.0,13.0,1.95,74480.0,3778.0,3810.0,568.71,563.856,170.0,35.153999999999996,False,35.153999999999996,1.68,50.4,20.924999999999997,2025-11-01,HiperMax Nacional,Grandes Superficies,Centro,Bogotá y Sabana,Bogotá,Hipermercado,CHEDDAR ESTILO AMERICANO DELILAT 150G,0.15,UND,CHEDDAR ANALOGO,LONCHAS,QUESOS ANALOGOS,regular,DELILAT,MAQUILA,2025-11
C002,120101,2025-11-30,116,29.0,0.0,0.0,0.0,3.0,0.75,29660.0,2916.0,2924.0,729.0,721.5,108.0,36.5,False,36.5,2.3583333333333334,70.75,15.477031802120141,2025-11-01,SuperAhorro,Grandes Superficies,Antioquia,Valle de Aburrá,Medellín,Supermercado,MOZZARELLA TAJADA CAMPOCLARO 250G,0.25,UND,MOZZARELLA,QUESOS TAJADOS,QUESOS FRESCOS,regular,CAMPOCLARO,NACIONAL,2025-11
C013,190101,2025-11-30,4,1.6,0.0,0.0,0.0,1.0,0.4,27960.0,8.0,11.0,3.2,4.4,1.0,0.40000000000000036,False,0.40000000000000036,0.06666666666666667,2.0,6.000000000000005,2025-11-01,La Mesa Premium,Tiendas Especializadas,Occidente,,Cali,Especialidad,TABLA APERITIVO NAVIDEÑA MONTE AZUL 400G,0.4,UND,MIXTO QUESOS,TEMPORADA,QUESOS MADURADOS,temporada,MONTE AZUL,IMPORTADO,2025-11
C018,110112,2025-11-30,136,13.6,0.0,0.0,0.0,17.0,1.7,108550.0,3809.0,3841.0,372.4,379.584,104.0,6.415999999999997,False,6.415999999999997,1.23,36.9,5.216260162601624,2025-11-01,Cadena Uno,Hard Discount,Occidente,Valle del Cauca,Cali,Discounter,PARMESANO RALLADO ORO LECHE 100G,0.1,UND,TIPO PARMESANO,RALLADOS,QUESO PARMESANO,regular,ORO LECHE,MAQUILA,2025-11
C004,300102,2025-11-30,99,22.77,0.0,0.0,0.0,6.0,1.38,52670.0,3378.0,3381.0,776.94,761.3,96.0,38.41000000000008,False,38.41000000000008,2.4073333333333333,72.22,15.955414012738888,2025-11-01,Descuento Ya,Hard Discount,Centro,Bogotá y Sabana,Bogotá,Discounter,JAMON DE PAVO FINAS LONCHAS SIERRA CARNES 230G,0.23,UND,JAMON PAVO,LONCHAS,CARNES FRIAS,regular,SIERRA CARNES,NACIONAL,2025-11
C003,130103,2025-11-30,87,25.056,0.0,0.0,0.0,3.0,0.864,24710.0,2261.0,2260.0,634.752,644.982,88.0,14.826000000000022,False,14.826000000000022,2.0448,61.344,7.250586854460105,2025-11-01,MaxiCompra Caribe,Grandes Superficies,Caribe,Costa Norte,Barranquilla,Supermercado,LONCHAS AMERICANAS DELILAT 288G,0.288,UND,CHEDDAR ANALOGO,LONCHITAS,QUESOS ANALOGOS,regular,DELILAT,MAQUILA,2025-11
C013,900101,2025-11-30,19,1.52,0.0,0.0,0.0,0.0,0.0,0.0,304.0,309.0,24.32,24.64,14.0,1.1999999999999993,False,1.1999999999999993,0.096,2.88,12.499999999999993,2025-11-01,La Mesa Premium,Tiendas Especializadas,Occidente,,Cali,Especialidad,SALAMI TAJADO CASA IBERIA 80G,0.08,UND,SALAMI,CHARCUTERIA,CARNES MADURADAS,regular,CASA IBERIA,IMPORTADO,2025-11
C013,110109,2025-11-30,13,1.95,0.0,0.0,0.0,0.0,0.0,0.0,332.0,333.0,48.15,49.338,12.0,0.7620000000000005,False,0.7620000000000005,0.175,5.25,4.354285714285717,2025-11-01,La Mesa Premium,Tiendas Especializadas,Occidente,,Cali,Especialidad,IBERICO CUÑA MONTE AZUL 150G,0.15,UND,IBERICO,CUÑAS PREMIUM,QUESOS MADURADOS,regular,MONTE AZUL,IMPORTADO,2025-11
C013,110101,2025-11-30,19,2.85,0.0,0.0,0.0,1.0,0.15,16150.0,316.0,322.0,45.75,46.65,13.0,1.9500000000000028,False,1.9500000000000028,0.14500000000000002,4.3500000000000005,13.448275862068984,2025-11-01,La Mesa Premium,Tiendas Especializadas,Occidente,,Cali,Especialidad,GOUDA AHUMADO TAJADO LOMA DORADA 150G,0.15,UND,GOUDA AHUMADO,QUESOS TAJADOS PREMIUM,QUESOS MADURADOS,regular,LOMA DORADA,IMPORTADO,2025-11
C018,130104,2025-11-30,188,28.2,0.0,0.0,0.0,11.0,1.65,59130.0,4287.0,4353.0,643.05,637.656,122.0,33.59400000000005,False,33.59400000000005,2.1,63.0,15.997142857142881,2025-11-01,Cadena Uno,Hard Discount,Occidente,Valle del Cauca,Cali,Discounter,PIZZA MIX RALLADO DELILAT 150G,0.15,UND,MIXTO QUESOS,RALLADOS,QUESOS ANALOGOS,regular,DELILAT,MAQUILA,2025-11
C001,110114,2025-11-30,96,24.0,0.0,0.0,0.0,7.0,0.0,168960.0,1726.0,1797.0,416.75,442.12,25.0,-1.3700000000000045,True,0.0,1.45,43.5,0.0,2025-11-01,HiperMax Nacional,Grandes Superficies,Centro,Bogotá y Sabana,Bogotá,Hipermercado,GOUDA NATURAL CUÑA LOMA DORADA 250G,0.25,UND,GOUDA NATURAL,CUÑAS,QUESOS MADURADOS,regular,LOMA DORADA,IMPORTADO,2025-11
C004,300101,2025-11-30,151,34.73,0.0,0.0,0.0,13.0,2.99,108840.0,4125.0,4128.0,948.75,945.76,148.0,37.72000000000003,False,37.72000000000003,3.2353333333333327,97.05999999999999,11.658767772511858,2025-11-01,Descuento Ya,Hard Discount,Centro,Bogotá y Sabana,Bogotá,Discounter,JAMON DE CERDO FINAS LONCHAS SIERRA CARNES 230G,0.23,UND,JAMON CERDO,LONCHAS,CARNES FRIAS,regular,SIERRA CARNES,NACIONAL,2025-11
C002,110102,2025-11-30,77,11.55,0.0,0.0,0.0,2.0,0.3,28700.0,1501.0,1521.0,225.15,225.15,57.0,11.550000000000011,False,11.550000000000011,0.945,28.349999999999998,12.222222222222236,2025-11-01,SuperAhorro,Grandes Superficies,Antioquia,Valle de Aburrá,Medellín,Supermercado,HOLANDES TAJADO LOMA DORADA 150G,0.15,UND,HOLANDES,QUESOS TAJADOS PREMIUM,QUESOS MADURADOS,regular,LOMA DORADA,IMPORTADO,2025-11
C006,130101,2025-11-30,242,36.3,0.0,0.0,0.0,15.0,2.25,75970.0,6754.0,6751.0,1013.1,997.272,245.0,52.12800000000004,False,52.12800000000004,3.135,94.05,16.627751196172262,2025-11-01,PuntoMenos Caribe,Hard Discount,Caribe,Costa Norte,Cartagena,Discounter,CHEDDAR ESTILO AMERICANO DELILAT 150G,0.15,UND,CHEDDAR ANALOGO,LONCHAS,QUESOS ANALOGOS,regular,DELILAT,MAQUILA,2025-11
C014,120101,2025-11-30,115,28.75,0.0,0.0,0.0,9.0,2.25,91970.0,2987.0,2989.0,722.75,740.63,113.0,10.870000000000005,False,10.870000000000005,2.216666666666667,66.5,4.903759398496242,2025-11-01,Plaza Hogar,Grandes Superficies,Occidente,Valle del Cauca,Cali,Hipermercado,MOZZARELLA TAJADA CAMPOCLARO 250G,0.25,UND,MOZZARELLA,QUESOS TAJADOS,QUESOS FRESCOS,regular,CAMPOCLARO,NACIONAL,2025-11
C001,110102,2025-11-30,87,13.05,0.0,0.0,0.0,10.0,1.5,143990.0,2232.0,2207.0,334.8,326.676,112.0,21.174000000000035,False,21.174000000000035,1.1600000000000001,34.800000000000004,18.253448275862098,2025-11-01,HiperMax Nacional,Grandes Superficies,Centro,Bogotá y Sabana,Bogotá,Hipermercado,HOLANDES TAJADO LOMA DORADA 150G,0.15,UND,HOLANDES,QUESOS TAJADOS PREMIUM,QUESOS MADURADOS,regular,LOMA DORADA,IMPORTADO,2025-11
C003,110102,2025-11-30,54,8.1,0.0,0.0,0.0,3.0,0.45,43590.0,1237.0,1234.0,185.55,183.246,57.0,10.403999999999996,False,10.403999999999996,0.66,19.8,15.763636363636357,2025-11-01,MaxiCompra Caribe,Grandes Superficies,Caribe,Costa Norte,Barranquilla,Supermercado,HOLANDES TAJADO LOMA DORADA 150G,0.15,UND,HOLANDES,QUESOS TAJADOS PREMIUM,QUESOS MADURADOS,regular,LOMA DORADA,IMPORTADO,2025-11
C016,300101,2025-11-30,88,20.24,0.0,0.0,0.0,1.0,0.23,9080.0,1560.0,1580.0,346.84000000000003,360.30899999999997,68.0,6.771000000000072,False,6.771000000000072,1.0426666666666666,31.279999999999998,6.493925831202115,2025-11-01,Canasta Familiar,Grandes Superficies,Santanderes,Bucaramanga Metropolitana,Bucaramanga,Supermercado,JAMON DE CERDO FINAS LONCHAS SIERRA CARNES 230G,0.23,UND,JAMON CERDO,LONCHAS,CARNES FRIAS,regular,SIERRA CARNES,NACIONAL,2025-11
C014,900104,2025-11-30,74,5.92,0.0,0.0,0.0,4.0,0.32,37230.0,1609.0,1621.0,122.696,127.357,62.0,1.2589999999999861,False,1.2589999999999861,0.4826666666666667,14.48,2.608425414364612,2025-11-01,Plaza Hogar,Grandes Superficies,Occidente,Valle del Cauca,Cali,Hipermercado,CHORIZO TAJADO CASA IBERIA 80G,0.08,UND,CHORIZO,CHARCUTERIA,CARNES MADURADAS,regular,CASA IBERIA,IMPORTADO,2025-11
C012,900104,2025-11-30,26,2.08,0.0,0.0,0.0,0.0,0.0,0.0,410.0,414.0,32.800000000000004,33.04,22.0,1.8400000000000034,False,1.8400000000000034,0.128,3.8400000000000003,14.375000000000027,2025-11-01,Delimarket Gourmet,Tiendas Especializadas,Centro,Bogotá y Sabana,Bogotá,Especialidad,CHORIZO TAJADO CASA IBERIA 80G,0.08,UND,CHORIZO,CHARCUTERIA,CARNES MADURADAS,regular,CASA IBERIA,IMPORTADO,2025-11
C006,300102,2025-11-30,97,22.31,0.0,0.0,0.0,7.0,1.61,60370.0,2145.0,2193.0,493.35,498.87,49.0,16.789999999999964,False,16.789999999999964,1.5026666666666666,45.08,11.173469387755079,2025-11-01,PuntoMenos Caribe,Hard Discount,Caribe,Costa Norte,Cartagena,Discounter,JAMON DE PAVO FINAS LONCHAS SIERRA CARNES 230G,0.23,UND,JAMON PAVO,LONCHAS,CARNES FRIAS,regular,SIERRA CARNES,NACIONAL,2025-11
C005,120104,2025-11-30,145,29.0,0.0,0.0,0.0,7.0,1.4,51750.0,3615.0,3707.0,723.0,732.2,53.0,19.799999999999955,False,19.799999999999955,2.22,66.60000000000001,8.918918918918898,2025-11-01,PrecioListo,Hard Discount,Antioquia,Valle de Aburrá,Medellín,Discounter,MOZZARELLA LIGHT CAMPOCLARO 200G,0.2,UND,MOZZARELLA,QUESOS TAJADOS,QUESOS FRESCOS,regular,CAMPOCLARO,NACIONAL,2025-11
C014,120104,2025-11-30,96,19.2,0.0,0.0,0.0,4.0,0.8,32240.0,1858.0,1893.0,371.6,376.648,61.0,14.151999999999987,False,14.151999999999987,1.1866666666666668,35.6,11.925842696629202,2025-11-01,Plaza Hogar,Grandes Superficies,Occidente,Valle del Cauca,Cali,Hipermercado,MOZZARELLA LIGHT CAMPOCLARO 200G,0.2,UND,MOZZARELLA,QUESOS TAJADOS,QUESOS FRESCOS,regular,CAMPOCLARO,NACIONAL,2025-11
C016,120103,2025-11-30,73,14.6,0.0,0.0,0.0,9.0,1.8,90320.0,1315.0,1346.0,263.0,267.416,42.0,10.184000000000026,False,10.184000000000026,0.8066666666666668,24.200000000000003,12.624793388429783,2025-11-01,Canasta Familiar,Grandes Superficies,Santanderes,Bucaramanga Metropolitana,Bucaramanga,Supermercado,QUESO CREMA CAMPOCLARO 200G,0.2,UND,CREMAS,UNTABLES,QUESOS FRESCOS,regular,CAMPOCLARO,NACIONAL,2025-11
C001,110106,2025-11-30,71,8.875,0.0,0.0,0.0,4.0,0.5,52690.0,1637.0,1665.0,204.625,206.25,43.0,7.25,False,7.25,0.7375,22.125,9.83050847457627,2025-11-01,HiperMax Nacional,Grandes Superficies,Centro,Bogotá y Sabana,Bogotá,Hipermercado,BRIE CUÑA MONTE AZUL 125G,0.125,UND,BRIE,QUESOS BLANDOS,QUESOS MADURADOS,regular,MONTE AZUL,IMPORTADO,2025-11
C016,120104,2025-11-30,81,16.2,0.0,0.0,0.0,6.0,1.2,47980.0,1660.0,1675.0,319.2,333.52,66.0,1.8799999999999955,False,1.8799999999999955,0.9733333333333333,29.2,1.931506849315064,2025-11-01,Canasta Familiar,Grandes Superficies,Santanderes,Bucaramanga Metropolitana,Bucaramanga,Supermercado,MOZZARELLA LIGHT CAMPOCLARO 200G,0.2,UND,MOZZARELLA,QUESOS TAJADOS,QUESOS FRESCOS,regular,CAMPOCLARO,NACIONAL,2025-11
C014,110112,2025-11-30,98,9.8,0.0,0.0,0.0,6.0,0.6,40380.0,2466.0,2508.0,247.54,248.756,56.0,8.583999999999975,False,8.583999999999975,0.74,22.2,11.599999999999966,2025-11-01,Plaza Hogar,Grandes Superficies,Occidente,Valle del Cauca,Cali,Hipermercado,PARMESANO RALLADO ORO LECHE 100G,0.1,UND,TIPO PARMESANO,RALLADOS,QUESO PARMESANO,regular,ORO LECHE,MAQUILA,2025-11
C015,120103,2025-11-30,22,4.4,0.0,0.0,0.0,1.0,0.2,9580.0,467.0,475.0,93.4,94.184,14.0,3.616000000000014,False,3.616000000000014,0.31333333333333335,9.4,11.540425531914938,2025-11-01,Abarrotes Norte,Tradicional Modernizado,Caribe,Costa Norte,Barranquilla,Supermercado Regional,QUESO CREMA CAMPOCLARO 200G,0.2,UND,CREMAS,UNTABLES,QUESOS FRESCOS,regular,CAMPOCLARO,NACIONAL,2025-11
C013,190102,2025-11-30,4,2.0,0.0,0.0,0.0,0.0,0.0,0.0,9.0,11.0,4.5,5.5,2.0,1.0,False,1.0,0.08333333333333333,2.5,12.0,2025-11-01,La Mesa Premium,Tiendas Especializadas,Occidente,,Cali,Especialidad,DUO FESTIVO QUESOS Y CARNES 500G,0.5,UND,MIXTO QUESOS-CARNES,TEMPORADA,QUESOS MADURADOS,temporada,MONTE AZUL,MAQUILA,2025-11
C018,120101,2025-11-30,174,43.5,0.0,0.0,0.0,9.0,2.25,81780.0,4423.0,4528.0,1105.75,1117.75,69.0,31.5,False,31.5,3.658333333333333,109.75,8.610478359908884,2025-11-01,Cadena Uno,Hard Discount,Occidente,Valle del Cauca,Cali,Discounter,MOZZARELLA TAJADA CAMPOCLARO 250G,0.25,UND,MOZZARELLA,QUESOS TAJADOS,QUESOS FRESCOS,regular,CAMPOCLARO,NACIONAL,2025-11
C003,900102,2025-11-30,85,6.8,0.0,0.0,0.0,6.0,0.48,58050.0,1567.0,1625.0,121.04,128.4,27.0,-0.5600000000000023,True,0.0,0.4053333333333333,12.16,0.0,2025-11-01,MaxiCompra Caribe,Grandes Superficies,Caribe,Costa Norte,Barranquilla,Supermercado,PEPPERONI TAJADO CASA IBERIA 80G,0.08,UND,PEPPERONI,CHARCUTERIA,CARNES MADURADAS,regular,CASA IBERIA,IMPORTADO,2025-11
C003,110110,2025-11-30,39,14.04,0.0,0.0,0.0,3.0,1.08,102370.0,716.0,719.0,257.76,257.702,36.0,14.098000000000013,False,14.098000000000013,0.8520000000000001,25.560000000000002,16.546948356807526,2025-11-01,MaxiCompra Caribe,Grandes Superficies,Caribe,Costa Norte,Barranquilla,Supermercado,MIX QUESOS PREMIUM MONTE AZUL 360G,0.36,UND,MIXTO QUESOS,MEZCLAS PREMIUM,QUESOS MADURADOS,regular,MONTE AZUL,IMPORTADO,2025-11
C002,900101,2025-11-30,77,6.16,0.0,0.0,0.0,4.0,0.32,40820.0,1534.0,1552.0,122.72,120.595,59.0,8.284999999999997,False,8.284999999999997,0.3546666666666667,10.64,23.359962406015025,2025-11-01,SuperAhorro,Grandes Superficies,Antioquia,Valle de Aburrá,Medellín,Supermercado,SALAMI TAJADO CASA IBERIA 80G,0.08,UND,SALAMI,CHARCUTERIA,CARNES MADURADAS,regular,CASA IBERIA,IMPORTADO,2025-11
C002,110113,2025-11-30,61,15.25,0.0,0.0,0.0,2.0,0.5,31700.0,1443.0,1438.0,360.75,358.75,66.0,17.25,False,17.25,1.2583333333333333,37.75,13.70860927152318,2025-11-01,SuperAhorro,Grandes Superficies,Antioquia,Valle de Aburrá,Medellín,Supermercado,PARMESANO RALLADO ORO LECHE 250G,0.25,UND,TIPO PARMESANO,RALLADOS,QUESO PARMESANO,regular,ORO LECHE,MAQUILA,2025-11
C006,900102,2025-11-30,75,6.0,0.0,0.0,0.0,4.0,0.32,35850.0,1673.0,1703.0,126.64,134.64000000000001,45.0,-2.0000000000000284,True,0.0,0.4906666666666667,14.72,0.0,2025-11-01,PuntoMenos Caribe,Hard Discount,Caribe,Costa Norte,Cartagena,Discounter,PEPPERONI TAJADO CASA IBERIA 80G,0.08,UND,PEPPERONI,CHARCUTERIA,CARNES MADURADAS,regular,CASA IBERIA,IMPORTADO,2025-11
C006,120101,2025-11-30,133,33.25,0.0,0.0,0.0,9.0,2.25,84300.0,3782.0,3854.0,945.5,953.09,61.0,25.659999999999968,False,25.659999999999968,2.9166666666666665,87.5,8.797714285714274,2025-11-01,PuntoMenos Caribe,Hard Discount,Caribe,Costa Norte,Cartagena,Discounter,MOZZARELLA TAJADA CAMPOCLARO 250G,0.25,UND,MOZZARELLA,QUESOS TAJADOS,QUESOS FRESCOS,regular,CAMPOCLARO,NACIONAL,2025-11
C016,900102,2025-11-30,72,5.76,0.0,0.0,0.0,4.0,0.32,39420.0,1285.0,1323.0,102.8,103.661,34.0,4.899000000000001,False,4.899000000000001,0.296,8.879999999999999,16.55067567567568,2025-11-01,Canasta Familiar,Grandes Superficies,Santanderes,Bucaramanga Metropolitana,Bucaramanga,Supermercado,PEPPERONI TAJADO CASA IBERIA 80G,0.08,UND,PEPPERONI,CHARCUTERIA,CARNES MADURADAS,regular,CASA IBERIA,IMPORTADO,2025-11
C013,110110,2025-11-30,10,3.6,0.0,0.0,0.0,1.0,0.36,36590.0,168.0,169.0,58.68,58.982,9.0,3.298000000000002,False,3.298000000000002,0.3,9.0,10.99333333333334,2025-11-01,La Mesa Premium,Tiendas Especializadas,Occidente,,Cali,Especialidad,MIX QUESOS PREMIUM MONTE AZUL 360G,0.36,UND,MIXTO QUESOS,MEZCLAS PREMIUM,QUESOS MADURADOS,regular,MONTE AZUL,IMPORTADO,2025-11
C005,130104,2025-11-30,185,27.75,0.0,0.0,0.0,13.0,1.95,68910.0,5679.0,5765.0,851.85,862.05,99.0,17.550000000000068,False,17.550000000000068,2.79,83.7,6.290322580645186,2025-11-01,PrecioListo,Hard Discount,Antioquia,Valle de Aburrá,Medellín,Discounter,PIZZA MIX RALLADO DELILAT 150G,0.15,UND,MIXTO QUESOS,RALLADOS,QUESOS ANALOGOS,regular,DELILAT,MAQUILA,2025-11
C013,110105,2025-11-30,17,2.55,0.0,0.0,0.0,1.0,0.15,15910.0,250.0,266.0,35.85,39.888,1.0,-1.4879999999999995,True,0.0,0.2,6.0,0.0,2025-11-01,La Mesa Premium,Tiendas Especializadas,Occidente,,Cali,Especialidad,PROVOLONE TAJADO LOMA DORADA 150G,0.15,UND,PROVOLONE,QUESOS TAJADOS PREMIUM,QUESOS MADURADOS,regular,LOMA DORADA,IMPORTADO,2025-11
C003,110114,2025-11-30,60,15.0,0.0,0.0,0.0,5.0,1.25,124240.0,1333.0,1325.0,333.25,326.94,68.0,21.310000000000002,False,21.310000000000002,1.1083333333333334,33.25,19.227067669172932,2025-11-01,MaxiCompra Caribe,Grandes Superficies,Caribe,Costa Norte,Barranquilla,Supermercado,GOUDA NATURAL CUÑA LOMA DORADA 250G,0.25,UND,GOUDA NATURAL,CUÑAS,QUESOS MADURADOS,regular,LOMA DORADA,IMPORTADO,2025-11
C002,300102,2025-11-30,97,22.31,0.0,0.0,0.0,1.0,0.23,9590.0,1721.0,1752.0,395.83,397.9,66.0,20.24000000000001,False,20.24000000000001,1.3416666666666666,40.25,15.085714285714294,2025-11-01,SuperAhorro,Grandes Superficies,Antioquia,Valle de Aburrá,Medellín,Supermercado,JAMON DE PAVO FINAS LONCHAS SIERRA CARNES 230G,0.23,UND,JAMON PAVO,LONCHAS,CARNES FRIAS,regular,SIERRA CARNES,NACIONAL,2025-11
C012,190102,2025-11-30,7,3.5,0.0,0.0,0.0,0.0,0.0,0.0,13.0,17.0,6.5,8.5,3.0,1.5,False,1.5,0.15,4.5,10.0,2025-11-01,Delimarket Gourmet,Tiendas Especializadas,Centro,Bogotá y Sabana,Bogotá,Especialidad,DUO FESTIVO QUESOS Y CARNES 500G,0.5,UND,MIXTO QUESOS-CARNES,TEMPORADA,QUESOS MADURADOS,temporada,MONTE AZUL,MAQUILA,2025-11
C001,900103,2025-11-30,112,8.96,0.0,0.0,0.0,5.0,0.4,55040.0,2121.0,2127.0,158.48,168.24,106.0,-0.8000000000000114,True,0.0,0.584,17.52,0.0,2025-11-01,HiperMax Nacional,Grandes Superficies,Centro,Bogotá y Sabana,Bogotá,Hipermercado,JAMON SERRANO TAJADO CASA IBERIA 80G,0.08,UND,JAMON SERRANO,CHARCUTERIA,CARNES MADURADAS,regular,CASA IBERIA,IMPORTADO,2025-11
C003,120101,2025-11-30,113,28.25,0.0,0.0,0.0,4.0,1.0,40280.0,2035.0,2097.0,488.75,516.47,51.0,0.5299999999999727,False,0.5299999999999727,1.5916666666666666,47.75,0.33298429319370015,2025-11-01,MaxiCompra Caribe,Grandes Superficies,Caribe,Costa Norte,Barranquilla,Supermercado,MOZZARELLA TAJADA CAMPOCLARO 250G,0.25,UND,MOZZARELLA,QUESOS TAJADOS,QUESOS FRESCOS,regular,CAMPOCLARO,NACIONAL,2025-11
C018,300102,2025-11-30,96,22.08,0.0,0.0,0.0,7.0,1.61,59330.0,2589.0,2635.0,595.47,600.512,50.0,17.038000000000125,False,17.038000000000125,1.6866666666666668,50.6,10.101581027668058,2025-11-01,Cadena Uno,Hard Discount,Occidente,Valle del Cauca,Cali,Discounter,JAMON DE PAVO FINAS LONCHAS SIERRA CARNES 230G,0.23,UND,JAMON PAVO,LONCHAS,CARNES FRIAS,regular,SIERRA CARNES,NACIONAL,2025-11
C001,110112,2025-11-30,239,23.9,0.0,0.0,0.0,17.0,1.7,116710.0,4233.0,4294.0,408.2,424.624,178.0,7.475999999999942,False,7.475999999999942,1.34,40.2,5.579104477611897,2025-11-01,HiperMax Nacional,Grandes Superficies,Centro,Bogotá y Sabana,Bogotá,Hipermercado,PARMESANO RALLADO ORO LECHE 100G,0.1,UND,TIPO PARMESANO,RALLADOS,QUESO PARMESANO,regular,ORO LECHE,MAQUILA,2025-11
C003,190102,2025-11-30,28,14.0,0.0,0.0,0.0,1.0,0.5,30910.0,35.0,56.0,17.5,27.5,7.0,4.0,False,4.0,0.65,19.5,6.153846153846153,2025-11-01,MaxiCompra Caribe,Grandes Superficies,Caribe,Costa Norte,Barranquilla,Supermercado,DUO FESTIVO QUESOS Y CARNES 500G,0.5,UND,MIXTO QUESOS-CARNES,TEMPORADA,QUESOS MADURADOS,temporada,MONTE AZUL,MAQUILA,2025-11
C018,120103,2025-11-30,112,22.4,0.0,0.0,0.0,7.0,1.4,63790.0,3359.0,3376.0,671.8,666.8,95.0,27.399999999999977,False,27.399999999999977,2.32,69.6,11.810344827586198,2025-11-01,Cadena Uno,Hard Discount,Occidente,Valle del Cauca,Cali,Discounter,QUESO CREMA CAMPOCLARO 200G,0.2,UND,CREMAS,UNTABLES,QUESOS FRESCOS,regular,CAMPOCLARO,NACIONAL,2025-11
C013,110115,2025-11-30,11,2.75,0.0,0.0,0.0,5.0,1.25,138220.0,274.0,276.0,68.5,67.94,9.0,3.3100000000000023,False,3.3100000000000023,0.3333333333333333,10.0,9.930000000000007,2025-11-01,La Mesa Premium,Tiendas Especializadas,Occidente,,Cali,Especialidad,FETA CUBOS CASA SIERRA 250G,0.25,UND,FETA,ESPECIALES,QUESOS MADURADOS,regular,CASA SIERRA,IMPORTADO,2025-11
C017,300101,2025-11-30,6,1.38,0.0,0.0,0.0,0.0,0.0,0.0,234.0,235.0,53.129999999999995,51.29,5.0,3.219999999999999,False,3.219999999999999,0.13033333333333333,3.91,24.705882352941167,2025-11-01,RapiExpress,E-commerce,Centro,Bogotá y Sabana,Bogotá,Quick Commerce,JAMON DE CERDO FINAS LONCHAS SIERRA CARNES 230G,0.23,UND,JAMON CERDO,LONCHAS,CARNES FRIAS,regular,SIERRA CARNES,NACIONAL,2025-11
C002,120103,2025-11-30,97,19.4,0.0,0.0,0.0,4.0,0.8,39880.0,2117.0,2166.0,394.2,427.4,48.0,-13.800000000000011,True,0.0,1.4200000000000002,42.6,0.0,2025-11-01,SuperAhorro,Grandes Superficies,Antioquia,Valle de Aburrá,Medellín,Supermercado,QUESO CREMA CAMPOCLARO 200G,0.2,UND,CREMAS,UNTABLES,QUESOS FRESCOS,regular,CAMPOCLARO,NACIONAL,2025-11
C016,120101,2025-11-30,92,0.0,0.0,0.0,0.0,5.0,1.25,51650.0,1847.0,1901.0,461.75,463.75,38.0,-2.0,True,0.0,1.475,44.25,0.0,2025-11-01,Canasta Familiar,Grandes Superficies,Santanderes,Bucaramanga Metropolitana,Bucaramanga,Supermercado,MOZZARELLA TAJADA CAMPOCLARO 250G,0.25,UND,MOZZARELLA,QUESOS TAJADOS,QUESOS FRESCOS,regular,CAMPOCLARO,NACIONAL,2025-11
C016,110112,2025-11-30,136,13.6,0.0,0.0,0.0,5.0,0.5,33870.0,2363.0,2408.0,236.3,237.016,91.0,12.884000000000015,False,12.884000000000015,0.7300000000000001,21.900000000000002,17.64931506849317,2025-11-01,Canasta Familiar,Grandes Superficies,Santanderes,Bucaramanga Metropolitana,Bucaramanga,Supermercado,PARMESANO RALLADO ORO LECHE 100G,0.1,UND,TIPO PARMESANO,RALLADOS,QUESO PARMESANO,regular,ORO LECHE,MAQUILA,2025-11
C014,130103,2025-11-30,91,26.208,0.0,0.0,0.0,5.0,1.44,42080.0,2410.0,2415.0,694.08,682.134,86.0,38.153999999999996,False,38.153999999999996,2.0064,60.192,19.01614832535885,2025-11-01,Plaza Hogar,Grandes Superficies,Occidente,Valle del Cauca,Cali,Hipermercado,LONCHAS AMERICANAS DELILAT 288G,0.288,UND,CHEDDAR ANALOGO,LONCHITAS,QUESOS ANALOGOS,regular,DELILAT,MAQUILA,2025-11
C014,110106,2025-11-30,51,6.375,0.0,0.0,0.0,1.0,0.125,13310.0,1171.0,1195.0,146.375,148.03,27.0,4.719999999999999,False,4.719999999999999,0.5166666666666667,15.5,9.13548387096774,2025-11-01,Plaza Hogar,Grandes Superficies,Occidente,Valle del Cauca,Cali,Hipermercado,BRIE CUÑA MONTE AZUL 125G,0.125,UND,BRIE,QUESOS BLANDOS,QUESOS MADURADOS,regular,MONTE AZUL,IMPORTADO,2025-11
C012,900103,2025-11-30,29,2.32,0.0,0.0,0.0,2.0,0.16,24020.0,571.0,600.0,44.384,46.88,0.0,-0.17600000000000193,True,0.0,0.14133333333333334,4.24,0.0,2025-11-01,Delimarket Gourmet,Tiendas Especializadas,Centro,Bogotá y Sabana,Bogotá,Especialidad,JAMON SERRANO TAJADO CASA IBERIA 80G,0.08,UND,JAMON SERRANO,CHARCUTERIA,CARNES MADURADAS,regular,CASA IBERIA,IMPORTADO,2025-11
C012,110110,2025-11-30,8,2.88,0.0,0.0,0.0,0.0,0.0,0.0,182.0,186.0,61.2,65.52,4.0,-1.4399999999999977,True,0.0,0.276,8.280000000000001,0.0,2025-11-01,Delimarket Gourmet,Tiendas Especializadas,Centro,Bogotá y Sabana,Bogotá,Especialidad,MIX QUESOS PREMIUM MONTE AZUL 360G,0.36,UND,MIXTO QUESOS,MEZCLAS PREMIUM,QUESOS MADURADOS,regular,MONTE AZUL,IMPORTADO,2025-11
C014,110101,2025-11-30,70,10.5,0.0,0.0,0.0,3.0,0.45,44690.0,1520.0,1541.0,220.65,228.15,49.0,3.0,False,3.0,0.76,22.8,3.9473684210526314,2025-11-01,Plaza Hogar,Grandes Superficies,Occidente,Valle del Cauca,Cali,Hipermercado,GOUDA AHUMADO TAJADO LOMA DORADA 150G,0.15,UND,GOUDA AHUMADO,QUESOS TAJADOS PREMIUM,QUESOS MADURADOS,regular,LOMA DORADA,IMPORTADO,2025-11
C014,300102,2025-11-30,61,14.03,0.0,0.0,0.0,2.0,0.46,19500.0,1459.0,1503.0,321.54,332.157,17.0,3.413000000000011,False,3.413000000000011,1.0733333333333335,32.2,3.179813664596283,2025-11-01,Plaza Hogar,Grandes Superficies,Occidente,Valle del Cauca,Cali,Hipermercado,JAMON DE PAVO FINAS LONCHAS SIERRA CARNES 230G,0.23,UND,JAMON PAVO,LONCHAS,CARNES FRIAS,regular,SIERRA CARNES,NACIONAL,2025-11
C015,110113,2025-11-30,12,0.0,0.0,0.0,0.0,0.0,0.0,0.0,302.0,305.0,72.5,76.25,9.0,-3.75,True,0.0,0.20833333333333334,6.25,0.0,2025-11-01,Abarrotes Norte,Tradicional Modernizado,Caribe,Costa Norte,Barranquilla,Supermercado Regional,PARMESANO RALLADO ORO LECHE 250G,0.25,UND,TIPO PARMESANO,RALLADOS,QUESO PARMESANO,regular,ORO LECHE,MAQUILA,2025-11
C001,130103,2025-11-30,158,45.504,0.0,0.0,0.0,8.0,2.304,64590.0,3394.0,3432.0,977.472,975.168,120.0,47.80799999999999,False,47.80799999999999,3.1968000000000005,95.90400000000001,14.95495495495495,2025-11-01,HiperMax Nacional,Grandes Superficies,Centro,Bogotá y Sabana,Bogotá,Hipermercado,LONCHAS AMERICANAS DELILAT 288G,0.288,UND,CHEDDAR ANALOGO,LONCHITAS,QUESOS ANALOGOS,regular,DELILAT,MAQUILA,2025-11
C001,110105,2025-11-30,88,13.2,0.0,0.0,0.0,5.0,0.75,72650.0,1866.0,1884.0,279.9,282.36,70.0,10.739999999999952,False,10.739999999999952,1.065,31.95,10.084507042253477,2025-11-01,HiperMax Nacional,Grandes Superficies,Centro,Bogotá y Sabana,Bogotá,Hipermercado,PROVOLONE TAJADO LOMA DORADA 150G,0.15,UND,PROVOLONE,QUESOS TAJADOS PREMIUM,QUESOS MADURADOS,regular,LOMA DORADA,IMPORTADO,2025-11
C003,110101,2025-11-30,51,7.65,0.0,0.0,0.0,2.0,0.3,29840.0,1358.0,1345.0,197.25,201.762,64.0,3.1380000000000052,False,3.1380000000000052,0.6950000000000001,20.85,4.5151079136690715,2025-11-01,MaxiCompra Caribe,Grandes Superficies,Caribe,Costa Norte,Barranquilla,Supermercado,GOUDA AHUMADO TAJADO LOMA DORADA 150G,0.15,UND,GOUDA AHUMADO,QUESOS TAJADOS PREMIUM,QUESOS MADURADOS,regular,LOMA DORADA,IMPORTADO,2025-11
C002,130101,2025-11-30,104,15.6,0.0,0.0,0.0,5.0,0.75,28020.0,2715.0,2723.0,392.85,403.014,96.0,5.4360000000000355,False,5.4360000000000355,1.3399999999999999,40.199999999999996,4.056716417910475,2025-11-01,SuperAhorro,Grandes Superficies,Antioquia,Valle de Aburrá,Medellín,Supermercado,CHEDDAR ESTILO AMERICANO DELILAT 150G,0.15,UND,CHEDDAR ANALOGO,LONCHAS,QUESOS ANALOGOS,regular,DELILAT,MAQUILA,2025-11
C005,110113,2025-11-30,105,26.25,0.0,0.0,0.0,2.0,0.5,29020.0,2817.0,2814.0,616.75,694.14,108.0,-51.139999999999986,True,0.0,2.341666666666667,70.25,0.0,2025-11-01,PrecioListo,Hard Discount,Antioquia,Valle de Aburrá,Medellín,Discounter,PARMESANO RALLADO ORO LECHE 250G,0.25,UND,TIPO PARMESANO,RALLADOS,QUESO PARMESANO,regular,ORO LECHE,MAQUILA,2025-11
C014,130101,2025-11-30,100,15.0,0.0,0.0,0.0,9.0,1.35,51620.0,2553.0,2578.0,382.95,385.35,75.0,12.599999999999966,False,12.599999999999966,1.1800000000000002,35.400000000000006,10.677966101694885,2025-11-01,Plaza Hogar,Grandes Superficies,Occidente,Valle del Cauca,Cali,Hipermercado,CHEDDAR ESTILO AMERICANO DELILAT 150G,0.15,UND,CHEDDAR ANALOGO,LONCHAS,QUESOS ANALOGOS,regular,DELILAT,MAQUILA,2025-11
C012,110108,2025-11-30,16,2.4,0.0,0.0,0.0,1.0,0.15,16780.0,362.0,364.0,54.3,54.3,14.0,2.3999999999999986,False,2.3999999999999986,0.2,6.0,11.999999999999993,2025-11-01,Delimarket Gourmet,Tiendas Especializadas,Centro,Bogotá y Sabana,Bogotá,Especialidad,MANCHEGO CUÑA MONTE AZUL 150G,0.15,UND,MANCHEGO,CUÑAS PREMIUM,QUESOS MADURADOS,regular,MONTE AZUL,IMPORTADO,2025-11
C012,110102,2025-11-30,21,3.15,0.0,0.0,0.0,0.0,0.0,0.0,427.0,440.0,58.2,65.39999999999999,8.0,-4.04999999999999,True,0.0,0.215,6.45,0.0,2025-11-01,Delimarket Gourmet,Tiendas Especializadas,Centro,Bogotá y Sabana,Bogotá,Especialidad,HOLANDES TAJADO LOMA DORADA 150G,0.15,UND,HOLANDES,QUESOS TAJADOS PREMIUM,QUESOS MADURADOS,regular,LOMA DORADA,IMPORTADO,2025-11
C017,190102,2025-11-30,2,1.0,0.0,0.0,0.0,1.0,0.5,32360.0,5.0,6.0,2.5,3.0,1.0,0.5,False,0.5,0.05,1.5,10.0,2025-11-01,RapiExpress,E-commerce,Centro,Bogotá y Sabana,Bogotá,Quick Commerce,DUO FESTIVO QUESOS Y CARNES 500G,0.5,UND,MIXTO QUESOS-CARNES,TEMPORADA,QUESOS MADURADOS,temporada,MONTE AZUL,MAQUILA,2025-11
C002,900104,2025-11-30,92,7.36,0.0,0.0,0.0,5.0,0.4,46590.0,1652.0,1678.0,132.16,132.679,66.0,6.841000000000008,False,6.841000000000008,0.4453333333333333,13.36,15.361526946107803,2025-11-01,SuperAhorro,Grandes Superficies,Antioquia,Valle de Aburrá,Medellín,Supermercado,CHORIZO TAJADO CASA IBERIA 80G,0.08,UND,CHORIZO,CHARCUTERIA,CARNES MADURADAS,regular,CASA IBERIA,IMPORTADO,2025-11
C003,300102,2025-11-30,79,18.17,0.0,0.0,0.0,8.0,1.84,78290.0,1513.0,1523.0,324.07,345.69,69.0,-3.4499999999999886,True,0.0,1.1423333333333332,34.269999999999996,0.0,2025-11-01,MaxiCompra Caribe,Grandes Superficies,Caribe,Costa Norte,Barranquilla,Supermercado,JAMON DE PAVO FINAS LONCHAS SIERRA CARNES 230G,0.23,UND,JAMON PAVO,LONCHAS,CARNES FRIAS,regular,SIERRA CARNES,NACIONAL,2025-11
C017,110108,2025-11-30,3,0.45,0.0,0.0,0.0,0.0,0.0,0.0,146.0,144.0,20.1,21.45,5.0,-0.8999999999999986,True,0.0,0.105,3.15,0.0,2025-11-01,RapiExpress,E-commerce,Centro,Bogotá y Sabana,Bogotá,Quick Commerce,MANCHEGO CUÑA MONTE AZUL 150G,0.15,UND,MANCHEGO,CUÑAS PREMIUM,QUESOS MADURADOS,regular,MONTE AZUL,IMPORTADO,2025-11
C001,300102,2025-11-30,84,19.32,0.0,0.0,0.0,11.0,2.53,103400.0,2149.0,2168.0,479.09000000000003,484.996,65.0,13.414000000000044,False,13.414000000000044,1.5716666666666665,47.15,8.534888653234388,2025-11-01,HiperMax Nacional,Grandes Superficies,Centro,Bogotá y Sabana,Bogotá,Hipermercado,JAMON DE PAVO FINAS LONCHAS SIERRA CARNES 230G,0.23,UND,JAMON PAVO,LONCHAS,CARNES FRIAS,regular,SIERRA CARNES,NACIONAL,2025-11
C005,900102,2025-11-30,101,8.08,0.0,0.0,0.0,9.0,0.72,81520.0,2605.0,2655.0,209.096,209.92000000000002,51.0,7.256,False,7.256,0.7893333333333333,23.68,9.192567567567568,2025-11-01,PrecioListo,Hard Discount,Antioquia,Valle de Aburrá,Medellín,Discounter,PEPPERONI TAJADO CASA IBERIA 80G,0.08,UND,PEPPERONI,CHARCUTERIA,CARNES MADURADAS,regular,CASA IBERIA,IMPORTADO,2025-11
C012,110107,2025-11-30,16,2.0,0.0,0.0,0.0,0.0,0.0,0.0,372.0,370.0,46.5,45.875,18.0,2.625,False,2.625,0.19583333333333333,5.875,13.404255319148936,2025-11-01,Delimarket Gourmet,Tiendas Especializadas,Centro,Bogotá y Sabana,Bogotá,Especialidad,CAMEMBERT CUÑA MONTE AZUL 125G,0.125,UND,CAMEMBERT,QUESOS BLANDOS,QUESOS MADURADOS,regular,MONTE AZUL,IMPORTADO,2025-11
C001,190101,2025-11-30,25,10.0,0.0,0.0,0.0,1.0,0.4,25940.0,39.0,64.0,12.0,24.400000000000002,0.0,-2.400000000000002,True,0.0,0.5066666666666667,15.200000000000001,0.0,2025-11-01,HiperMax Nacional,Grandes Superficies,Centro,Bogotá y Sabana,Bogotá,Hipermercado,TABLA APERITIVO NAVIDEÑA MONTE AZUL 400G,0.4,UND,MIXTO QUESOS,TEMPORADA,QUESOS MADURADOS,temporada,MONTE AZUL,IMPORTADO,2025-11
C005,300102,2025-11-30,105,24.15,0.0,0.0,0.0,8.0,1.84,68050.0,2484.0,2515.0,551.54,573.85,74.0,1.8399999999999181,False,1.8399999999999181,1.7020000000000002,51.06,1.081081081081033,2025-11-01,PrecioListo,Hard Discount,Antioquia,Valle de Aburrá,Medellín,Discounter,JAMON DE PAVO FINAS LONCHAS SIERRA CARNES 230G,0.23,UND,JAMON PAVO,LONCHAS,CARNES FRIAS,regular,SIERRA CARNES,NACIONAL,2025-11
C003,130101,2025-11-30,98,14.7,0.0,0.0,0.0,5.0,0.75,28810.0,2536.0,2573.0,380.4,380.556,61.0,14.543999999999983,False,14.543999999999983,1.18,35.4,12.325423728813545,2025-11-01,MaxiCompra Caribe,Grandes Superficies,Caribe,Costa Norte,Barranquilla,Supermercado,CHEDDAR ESTILO AMERICANO DELILAT 150G,0.15,UND,CHEDDAR ANALOGO,LONCHAS,QUESOS ANALOGOS,regular,DELILAT,MAQUILA,2025-11
C004,900102,2025-11-30,149,11.92,0.0,0.0,0.0,6.0,0.48,53730.0,3464.0,3475.0,251.36,270.825,138.0,-7.544999999999959,True,0.0,1.0266666666666666,30.8,0.0,2025-11-01,Descuento Ya,Hard Discount,Centro,Bogotá y Sabana,Bogotá,Discounter,PEPPERONI TAJADO CASA IBERIA 80G,0.08,UND,PEPPERONI,CHARCUTERIA,CARNES MADURADAS,regular,CASA IBERIA,IMPORTADO,2025-11
C014,110102,2025-11-30,74,11.1,0.0,0.0,0.0,6.0,0.9,88700.0,1295.0,1334.0,182.25,199.788,35.0,-6.438000000000017,True,0.0,0.725,21.75,0.0,2025-11-01,Plaza Hogar,Grandes Superficies,Occidente,Valle del Cauca,Cali,Hipermercado,HOLANDES TAJADO LOMA DORADA 150G,0.15,UND,HOLANDES,QUESOS TAJADOS PREMIUM,QUESOS MADURADOS,regular,LOMA DORADA,IMPORTADO,2025-11
C006,120104,2025-11-30,92,18.4,0.0,0.0,0.0,9.0,1.8,66830.0,2706.0,2729.0,541.2,541.872,69.0,17.728000000000065,False,17.728000000000065,1.86,55.800000000000004,9.53118279569896,2025-11-01,PuntoMenos Caribe,Hard Discount,Caribe,Costa Norte,Cartagena,Discounter,MOZZARELLA LIGHT CAMPOCLARO 200G,0.2,UND,MOZZARELLA,QUESOS TAJADOS,QUESOS FRESCOS,regular,CAMPOCLARO,NACIONAL,2025-11
C012,190101,2025-11-30,7,2.8,0.0,0.0,0.0,0.0,0.0,0.0,9.0,16.0,3.5999999999999996,6.4,0.0,-8.881784197001252e-16,True,0.0,0.13333333333333333,4.0,0.0,2025-11-01,Delimarket Gourmet,Tiendas Especializadas,Centro,Bogotá y Sabana,Bogotá,Especialidad,TABLA APERITIVO NAVIDEÑA MONTE AZUL 400G,0.4,UND,MIXTO QUESOS,TEMPORADA,QUESOS MADURADOS,temporada,MONTE AZUL,IMPORTADO,2025-11
C003,900101,2025-11-30,53,4.24,0.0,0.0,0.0,5.0,0.4,50380.0,1256.0,1285.0,100.48,100.915,24.0,3.8049999999999926,False,3.8049999999999926,0.34400000000000003,10.32,11.061046511627884,2025-11-01,MaxiCompra Caribe,Grandes Superficies,Caribe,Costa Norte,Barranquilla,Supermercado,SALAMI TAJADO CASA IBERIA 80G,0.08,UND,SALAMI,CHARCUTERIA,CARNES MADURADAS,regular,CASA IBERIA,IMPORTADO,2025-11
C001,120103,2025-11-30,113,22.6,0.0,0.0,0.0,9.0,1.8,89900.0,2605.0,2633.0,501.8,517.112,85.0,7.288000000000011,False,7.288000000000011,1.8733333333333335,56.2,3.8903914590747384,2025-11-01,HiperMax Nacional,Grandes Superficies,Centro,Bogotá y Sabana,Bogotá,Hipermercado,QUESO CREMA CAMPOCLARO 200G,0.2,UND,CREMAS,UNTABLES,QUESOS FRESCOS,regular,CAMPOCLARO,NACIONAL,2025-11
C017,300102,2025-11-30,4,0.92,0.0,0.0,0.0,0.0,0.0,0.0,302.0,302.0,67.16,69.46000000000001,4.0,-1.3800000000000097,True,0.0,0.13033333333333333,3.91,0.0,2025-11-01,RapiExpress,E-commerce,Centro,Bogotá y Sabana,Bogotá,Quick Commerce,JAMON DE PAVO FINAS LONCHAS SIERRA CARNES 230G,0.23,UND,JAMON PAVO,LONCHAS,CARNES FRIAS,regular,SIERRA CARNES,NACIONAL,2025-11
C014,110105,2025-11-30,60,9.0,0.0,0.0,0.0,6.0,0.9,86970.0,1320.0,1331.0,191.1,197.862,49.0,2.2379999999999995,False,2.2379999999999995,0.775,23.25,2.8877419354838705,2025-11-01,Plaza Hogar,Grandes Superficies,Occidente,Valle del Cauca,Cali,Hipermercado,PROVOLONE TAJADO LOMA DORADA 150G,0.15,UND,PROVOLONE,QUESOS TAJADOS PREMIUM,QUESOS MADURADOS,regular,LOMA DORADA,IMPORTADO,2025-11
C013,900103,2025-11-30,18,1.44,0.0,0.0,0.0,2.0,0.16,23580.0,454.0,469.0,36.32,37.2,3.0,0.5599999999999952,False,0.5599999999999952,0.09066666666666667,2.72,6.17647058823524,2025-11-01,La Mesa Premium,Tiendas Especializadas,Occidente,,Cali,Especialidad,JAMON SERRANO TAJADO CASA IBERIA 80G,0.08,UND,JAMON SERRANO,CHARCUTERIA,CARNES MADURADAS,regular,CASA IBERIA,IMPORTADO,2025-11
C015,110112,2025-11-30,32,3.2,0.0,0.0,0.0,0.0,0.0,0.0,690.0,688.0,66.2,68.176,34.0,1.2240000000000038,False,1.2240000000000038,0.14666666666666667,4.4,8.34545454545457,2025-11-01,Abarrotes Norte,Tradicional Modernizado,Caribe,Costa Norte,Barranquilla,Supermercado Regional,PARMESANO RALLADO ORO LECHE 100G,0.1,UND,TIPO PARMESANO,RALLADOS,QUESO PARMESANO,regular,ORO LECHE,MAQUILA,2025-11
C016,110114,2025-11-30,55,13.75,0.0,0.0,0.0,5.0,1.25,119650.0,1246.0,1264.0,302.5,313.75,37.0,2.5,False,2.5,1.2583333333333333,37.75,1.9867549668874174,2025-11-01,Canasta Familiar,Grandes Superficies,Santanderes,Bucaramanga Metropolitana,Bucaramanga,Supermercado,GOUDA NATURAL CUÑA LOMA DORADA 250G,0.25,UND,GOUDA NATURAL,CUÑAS,QUESOS MADURADOS,regular,LOMA DORADA,IMPORTADO,2025-11
C018,300101,2025-11-30,111,25.53,0.0,0.0,0.0,8.0,1.84,66010.0,3210.0,3207.0,738.3,727.821,114.0,36.0089999999999,False,36.0089999999999,2.399666666666667,71.99000000000001,15.005834143631017,2025-11-01,Cadena Uno,Hard Discount,Occidente,Valle del Cauca,Cali,Discounter,JAMON DE CERDO FINAS LONCHAS SIERRA CARNES 230G,0.23,UND,JAMON CERDO,LONCHAS,CARNES FRIAS,regular,SIERRA CARNES,NACIONAL,2025-11
C014,110110,2025-11-30,33,11.88,0.0,0.0,0.0,1.0,0.36,34160.0,689.0,691.0,248.04,245.16,31.0,14.76000000000002,False,14.76000000000002,0.852,25.56,17.323943661971853,2025-11-01,Plaza Hogar,Grandes Superficies,Occidente,Valle del Cauca,Cali,Hipermercado,MIX QUESOS PREMIUM MONTE AZUL 360G,0.36,UND,MIXTO QUESOS,MEZCLAS PREMIUM,QUESOS MADURADOS,regular,MONTE AZUL,IMPORTADO,2025-11
C001,110103,2025-11-30,102,15.3,0.0,0.0,0.0,8.0,1.2,116280.0,2108.0,2130.0,303.15,318.69,80.0,-0.2400000000000091,True,0.0,1.1699999999999997,35.099999999999994,0.0,2025-11-01,HiperMax Nacional,Grandes Superficies,Centro,Bogotá y Sabana,Bogotá,Hipermercado,MUENSTER TAJADO LOMA DORADA 150G,0.15,UND,MUENSTER,QUESOS TAJADOS PREMIUM,QUESOS MADURADOS,regular,LOMA DORADA,IMPORTADO,2025-11
C006,120103,2025-11-30,114,22.8,0.0,0.0,0.0,5.0,1.0,44820.0,2679.0,2708.0,535.8,533.52,85.0,25.079999999999927,False,25.079999999999927,1.6666666666666667,50.0,15.047999999999956,2025-11-01,PuntoMenos Caribe,Hard Discount,Caribe,Costa Norte,Cartagena,Discounter,QUESO CREMA CAMPOCLARO 200G,0.2,UND,CREMAS,UNTABLES,QUESOS FRESCOS,regular,CAMPOCLARO,NACIONAL,2025-11
C016,110101,2025-11-30,52,7.8,0.0,0.0,0.0,5.0,0.75,71820.0,1074.0,1095.0,155.25,162.39,31.0,0.660000000000025,False,0.660000000000025,0.535,16.05,1.2336448598131309,2025-11-01,Canasta Familiar,Grandes Superficies,Santanderes,Bucaramanga Metropolitana,Bucaramanga,Supermercado,GOUDA AHUMADO TAJADO LOMA DORADA 150G,0.15,UND,GOUDA AHUMADO,QUESOS TAJADOS PREMIUM,QUESOS MADURADOS,regular,LOMA DORADA,IMPORTADO,2025-11
C014,110115,2025-11-30,41,10.25,0.0,0.0,0.0,1.0,0.25,24580.0,1084.0,1070.0,271.0,263.01,55.0,18.24000000000001,False,18.24000000000001,1.05,31.5,17.37142857142858,2025-11-01,Plaza Hogar,Grandes Superficies,Occidente,Valle del Cauca,Cali,Hipermercado,FETA CUBOS CASA SIERRA 250G,0.25,UND,FETA,ESPECIALES,QUESOS MADURADOS,regular,CASA SIERRA,IMPORTADO,2025-11
C001,110110,2025-11-30,45,16.2,0.0,0.0,0.0,6.0,2.16,200050.0,1136.0,1150.0,396.0,399.082,31.0,13.117999999999995,False,13.117999999999995,1.392,41.76,9.42385057471264,2025-11-01,HiperMax Nacional,Grandes Superficies,Centro,Bogotá y Sabana,Bogotá,Hipermercado,MIX QUESOS PREMIUM MONTE AZUL 360G,0.36,UND,MIXTO QUESOS,MEZCLAS PREMIUM,QUESOS MADURADOS,regular,MONTE AZUL,IMPORTADO,2025-11
C003,110103,2025-11-30,72,10.8,0.0,0.0,0.0,4.0,0.6,57480.0,1493.0,1509.0,223.95,222.948,56.0,11.801999999999992,False,11.801999999999992,0.7899999999999999,23.7,14.939240506329106,2025-11-01,MaxiCompra Caribe,Grandes Superficies,Caribe,Costa Norte,Barranquilla,Supermercado,MUENSTER TAJADO LOMA DORADA 150G,0.15,UND,MUENSTER,QUESOS TAJADOS PREMIUM,QUESOS MADURADOS,regular,LOMA DORADA,IMPORTADO,2025-11
C014,110114,2025-11-30,74,18.5,0.0,0.0,0.0,4.0,1.0,95930.0,2792.0,2826.0,698.0,692.72,40.0,23.779999999999973,False,23.779999999999973,1.1583333333333334,34.75,20.529496402877673,2025-11-01,Plaza Hogar,Grandes Superficies,Occidente,Valle del Cauca,Cali,Hipermercado,GOUDA NATURAL CUÑA LOMA DORADA 250G,0.25,UND,GOUDA NATURAL,CUÑAS,QUESOS MADURADOS,regular,LOMA DORADA,IMPORTADO,2025-11
C012,190103,2025-11-30,5,3.0,0.0,0.0,0.0,0.0,0.0,0.0,7.0,12.0,4.2,7.199999999999999,0.0,8.881784197001252e-16,False,8.881784197001252e-16,0.13999999999999999,4.199999999999999,6.344131569286609e-15,2025-11-01,Delimarket Gourmet,Tiendas Especializadas,Centro,Bogotá y Sabana,Bogotá,Especialidad,RACLETTE CELEBRACION LOMA DORADA 600G,0.6,UND,MIXTO QUESOS,TEMPORADA,QUESOS MADURADOS,temporada,LOMA DORADA,IMPORTADO,2025-11
C013,190103,2025-11-30,5,3.0,0.0,0.0,0.0,0.0,0.0,0.0,7.0,11.0,4.2,6.6,1.0,0.6000000000000005,False,0.6000000000000005,0.14,4.2,4.285714285714289,2025-11-01,La Mesa Premium,Tiendas Especializadas,Occidente,,Cali,Especialidad,RACLETTE CELEBRACION LOMA DORADA 600G,0.6,UND,MIXTO QUESOS,TEMPORADA,QUESOS MADURADOS,temporada,LOMA DORADA,IMPORTADO,2025-11
C002,900103,2025-11-30,58,4.64,0.0,0.0,0.0,7.0,0.56,77760.0,1476.0,1504.0,118.08,119.21300000000001,30.0,3.506999999999991,False,3.506999999999991,0.36266666666666664,10.879999999999999,9.670036764705857,2025-11-01,SuperAhorro,Grandes Superficies,Antioquia,Valle de Aburrá,Medellín,Supermercado,JAMON SERRANO TAJADO CASA IBERIA 80G,0.08,UND,JAMON SERRANO,CHARCUTERIA,CARNES MADURADAS,regular,CASA IBERIA,IMPORTADO,2025-11
C013,110106,2025-11-30,10,1.25,0.0,0.0,0.0,0.0,0.0,0.0,233.0,234.0,29.125,29.115,9.0,1.2600000000000016,False,1.2600000000000016,0.11666666666666667,3.5,10.800000000000013,2025-11-01,La Mesa Premium,Tiendas Especializadas,Occidente,,Cali,Especialidad,BRIE CUÑA MONTE AZUL 125G,0.125,UND,BRIE,QUESOS BLANDOS,QUESOS MADURADOS,regular,MONTE AZUL,IMPORTADO,2025-11
C013,900104,2025-11-30,21,1.68,0.0,0.0,0.0,1.0,0.08,10260.0,311.0,323.0,24.880000000000003,25.766000000000002,9.0,0.7940000000000005,False,0.7940000000000005,0.09066666666666667,2.72,8.757352941176475,2025-11-01,La Mesa Premium,Tiendas Especializadas,Occidente,,Cali,Especialidad,CHORIZO TAJADO CASA IBERIA 80G,0.08,UND,CHORIZO,CHARCUTERIA,CARNES MADURADAS,regular,CASA IBERIA,IMPORTADO,2025-11
C017,110113,2025-11-30,3,0.75,0.0,0.0,0.0,1.0,0.25,16440.0,188.0,187.0,46.925,45.48,4.0,2.1950000000000003,False,2.1950000000000003,0.2,6.0,10.975000000000001,2025-11-01,RapiExpress,E-commerce,Centro,Bogotá y Sabana,Bogotá,Quick Commerce,PARMESANO RALLADO ORO LECHE 250G,0.25,UND,TIPO PARMESANO,RALLADOS,QUESO PARMESANO,regular,ORO LECHE,MAQUILA,2025-11
C013,110108,2025-11-30,15,2.25,0.0,0.0,0.0,2.0,0.3,34140.0,323.0,330.0,48.45,48.162,8.0,2.538000000000004,False,2.538000000000004,0.15,4.5,16.920000000000027,2025-11-01,La Mesa Premium,Tiendas Especializadas,Occidente,,Cali,Especialidad,MANCHEGO CUÑA MONTE AZUL 150G,0.15,UND,MANCHEGO,CUÑAS PREMIUM,QUESOS MADURADOS,regular,MONTE AZUL,IMPORTADO,2025-11
C017,120103,2025-11-30,6,1.2,0.0,0.0,0.0,0.0,0.0,0.0,222.0,223.0,44.4,43.632000000000005,5.0,1.9679999999999964,False,1.9679999999999964,0.13333333333333333,4.0,14.759999999999973,2025-11-01,RapiExpress,E-commerce,Centro,Bogotá y Sabana,Bogotá,Quick Commerce,QUESO CREMA CAMPOCLARO 200G,0.2,UND,CREMAS,UNTABLES,QUESOS FRESCOS,regular,CAMPOCLARO,NACIONAL,2025-11
C001,300101,2025-11-30,170,39.1,0.0,0.0,0.0,11.0,2.53,98970.0,2810.0,2922.0,603.9110000000001,667.0,58.0,-23.98899999999992,True,0.0,1.9703333333333333,59.11,0.0,2025-11-01,HiperMax Nacional,Grandes Superficies,Centro,Bogotá y Sabana,Bogotá,Hipermercado,JAMON DE CERDO FINAS LONCHAS SIERRA CARNES 230G,0.23,UND,JAMON CERDO,LONCHAS,CARNES FRIAS,regular,SIERRA CARNES,NACIONAL,2025-11
C018,900102,2025-11-30,93,7.44,0.0,0.0,0.0,6.0,0.48,53170.0,2386.0,2396.0,185.68,191.44,83.0,1.6800000000000068,False,1.6800000000000068,0.6533333333333334,19.6,2.5714285714285814,2025-11-01,Cadena Uno,Hard Discount,Occidente,Valle del Cauca,Cali,Discounter,PEPPERONI TAJADO CASA IBERIA 80G,0.08,UND,PEPPERONI,CHARCUTERIA,CARNES MADURADAS,regular,CASA IBERIA,IMPORTADO,2025-11
C017,110112,2025-11-30,7,0.7,0.0,0.0,0.0,1.0,0.1,7410.0,259.0,261.0,25.9,25.6,5.0,0.9999999999999964,False,0.9999999999999964,0.10666666666666667,3.2,9.374999999999966,2025-11-01,RapiExpress,E-commerce,Centro,Bogotá y Sabana,Bogotá,Quick Commerce,PARMESANO RALLADO ORO LECHE 100G,0.1,UND,TIPO PARMESANO,RALLADOS,QUESO PARMESANO,regular,ORO LECHE,MAQUILA,2025-11
C018,120104,2025-11-30,104,20.8,0.0,0.0,0.0,7.0,1.4,50890.0,3157.0,3142.0,631.4,615.592,119.0,36.60799999999995,False,36.60799999999995,1.9133333333333336,57.400000000000006,19.133101045296137,2025-11-01,Cadena Uno,Hard Discount,Occidente,Valle del Cauca,Cali,Discounter,MOZZARELLA LIGHT CAMPOCLARO 200G,0.2,UND,MOZZARELLA,QUESOS TAJADOS,QUESOS FRESCOS,regular,CAMPOCLARO,NACIONAL,2025-11
C016,190102,2025-11-30,20,10.0,0.0,0.0,0.0,0.0,0.0,0.0,33.0,49.0,16.5,24.0,4.0,2.5,False,2.5,0.5166666666666667,15.5,4.838709677419354,2025-11-01,Canasta Familiar,Grandes Superficies,Santanderes,Bucaramanga Metropolitana,Bucaramanga,Supermercado,DUO FESTIVO QUESOS Y CARNES 500G,0.5,UND,MIXTO QUESOS-CARNES,TEMPORADA,QUESOS MADURADOS,temporada,MONTE AZUL,MAQUILA,2025-11
C014,900103,2025-11-30,71,5.68,0.0,0.0,0.0,8.0,0.64,85690.0,1512.0,1542.0,120.96000000000001,121.798,41.0,4.842000000000013,False,4.842000000000013,0.384,11.52,12.609375000000034,2025-11-01,Plaza Hogar,Grandes Superficies,Occidente,Valle del Cauca,Cali,Hipermercado,JAMON SERRANO TAJADO CASA IBERIA 80G,0.08,UND,JAMON SERRANO,CHARCUTERIA,CARNES MADURADAS,regular,CASA IBERIA,IMPORTADO,2025-11
C002,120104,2025-11-30,82,16.4,0.0,0.0,0.0,2.0,0.4,15810.0,1964.0,1955.0,392.8,387.504,91.0,21.69599999999997,False,21.69599999999997,1.32,39.6,16.436363636363613,2025-11-01,SuperAhorro,Grandes Superficies,Antioquia,Valle de Aburrá,Medellín,Supermercado,MOZZARELLA LIGHT CAMPOCLARO 200G,0.2,UND,MOZZARELLA,QUESOS TAJADOS,QUESOS FRESCOS,regular,CAMPOCLARO,NACIONAL,2025-11
C015,130101,2025-11-30,29,4.35,0.0,0.0,0.0,1.0,0.15,5530.0,683.0,681.0,99.0,100.626,31.0,2.7239999999999895,False,2.7239999999999895,0.285,8.549999999999999,9.55789473684207,2025-11-01,Abarrotes Norte,Tradicional Modernizado,Caribe,Costa Norte,Barranquilla,Supermercado Regional,CHEDDAR ESTILO AMERICANO DELILAT 150G,0.15,UND,CHEDDAR ANALOGO,LONCHAS,QUESOS ANALOGOS,regular,DELILAT,MAQUILA,2025-11
C016,300102,2025-11-30,55,12.65,0.0,0.0,0.0,4.0,0.92,38590.0,1191.0,1222.0,273.93,278.76,24.0,7.819999999999993,False,7.819999999999993,0.828,24.84,9.444444444444438,2025-11-01,Canasta Familiar,Grandes Superficies,Santanderes,Bucaramanga Metropolitana,Bucaramanga,Supermercado,JAMON DE PAVO FINAS LONCHAS SIERRA CARNES 230G,0.23,UND,JAMON PAVO,LONCHAS,CARNES FRIAS,regular,SIERRA CARNES,NACIONAL,2025-11
C005,130103,2025-11-30,213,61.344,0.0,0.0,0.0,15.0,4.32,111580.0,5756.0,5888.0,1657.728,1675.837,81.0,43.23500000000013,False,43.23500000000013,5.232,156.96,8.263570336391462,2025-11-01,PrecioListo,Hard Discount,Antioquia,Valle de Aburrá,Medellín,Discounter,LONCHAS AMERICANAS DELILAT 288G,0.288,UND,CHEDDAR ANALOGO,LONCHITAS,QUESOS ANALOGOS,regular,DELILAT,MAQUILA,2025-11
C005,110112,2025-11-30,205,20.5,0.0,0.0,0.0,10.0,1.0,61870.0,4733.0,4847.0,473.3,482.22,91.0,11.579999999999984,False,11.579999999999984,1.5733333333333335,47.2,7.360169491525413,2025-11-01,PrecioListo,Hard Discount,Antioquia,Valle de Aburrá,Medellín,Discounter,PARMESANO RALLADO ORO LECHE 100G,0.1,UND,TIPO PARMESANO,RALLADOS,QUESO PARMESANO,regular,ORO LECHE,MAQUILA,2025-11
C014,190101,2025-11-30,23,9.2,0.0,0.0,0.0,0.0,0.0,0.0,33.0,54.0,13.2,21.6,2.0,0.7999999999999972,False,0.7999999999999972,0.41333333333333333,12.4,1.935483870967735,2025-11-01,Plaza Hogar,Grandes Superficies,Occidente,Valle del Cauca,Cali,Hipermercado,TABLA APERITIVO NAVIDEÑA MONTE AZUL 400G,0.4,UND,MIXTO QUESOS,TEMPORADA,QUESOS MADURADOS,temporada,MONTE AZUL,IMPORTADO,2025-11
C003,110112,2025-11-30,120,12.0,0.0,0.0,0.0,4.0,0.4,27180.0,5712.0,5654.0,571.2,559.2,178.0,24.0,False,24.0,0.6433333333333333,19.3,37.30569948186529,2025-11-01,MaxiCompra Caribe,Grandes Superficies,Caribe,Costa Norte,Barranquilla,Supermercado,PARMESANO RALLADO ORO LECHE 100G,0.1,UND,TIPO PARMESANO,RALLADOS,QUESO PARMESANO,regular,ORO LECHE,MAQUILA,2025-11
C002,900102,2025-11-30,86,6.88,0.0,0.0,0.0,4.0,0.32,40010.0,3386.0,3396.0,270.88,268.692,76.0,9.067999999999984,False,9.067999999999984,0.4746666666666667,14.24,19.10393258426963,2025-11-01,SuperAhorro,Grandes Superficies,Antioquia,Valle de Aburrá,Medellín,Supermercado,PEPPERONI TAJADO CASA IBERIA 80G,0.08,UND,PEPPERONI,CHARCUTERIA,CARNES MADURADAS,regular,CASA IBERIA,IMPORTADO,2025-11
C003,190101,2025-11-30,14,5.6,0.0,0.0,0.0,1.0,0.4,25550.0,29.0,39.0,10.0,15.200000000000001,4.0,0.3999999999999986,False,0.3999999999999986,0.29333333333333333,8.8,1.3636363636363589,2025-11-01,MaxiCompra Caribe,Grandes Superficies,Caribe,Costa Norte,Barranquilla,Supermercado,TABLA APERITIVO NAVIDEÑA MONTE AZUL 400G,0.4,UND,MIXTO QUESOS,TEMPORADA,QUESOS MADURADOS,temporada,MONTE AZUL,IMPORTADO,2025-11
C005,300101,2025-11-30,108,24.84,0.0,0.0,0.0,12.0,2.76,97710.0,3553.0,3535.0,817.1899999999999,797.337,126.0,44.692999999999984,False,44.692999999999984,2.5606666666666666,76.82,17.453657901588123,2025-11-01,PrecioListo,Hard Discount,Antioquia,Valle de Aburrá,Medellín,Discounter,JAMON DE CERDO FINAS LONCHAS SIERRA CARNES 230G,0.23,UND,JAMON CERDO,LONCHAS,CARNES FRIAS,regular,SIERRA CARNES,NACIONAL,2025-11
C014,900101,2025-11-30,67,0.0,0.0,0.0,0.0,9.0,0.72,92940.0,1567.0,1571.0,120.56,125.46600000000001,63.0,-4.906000000000006,True,0.0,0.42133333333333334,12.64,0.0,2025-11-01,Plaza Hogar,Grandes Superficies,Occidente,Valle del Cauca,Cali,Hipermercado,SALAMI TAJADO CASA IBERIA 80G,0.08,UND,SALAMI,CHARCUTERIA,CARNES MADURADAS,regular,CASA IBERIA,IMPORTADO,2025-11
C001,900104,2025-11-30,106,8.48,0.0,0.0,0.0,7.0,0.56,65110.0,2459.0,2450.0,196.72,190.662,115.0,14.537999999999982,False,14.537999999999982,0.6,18.0,24.229999999999972,2025-11-01,HiperMax Nacional,Grandes Superficies,Centro,Bogotá y Sabana,Bogotá,Hipermercado,CHORIZO TAJADO CASA IBERIA 80G,0.08,UND,CHORIZO,CHARCUTERIA,CARNES MADURADAS,regular,CASA IBERIA,IMPORTADO,2025-11
C002,190103,2025-11-30,22,0.0,0.0,0.0,0.0,1.0,0.6,41350.0,33.0,54.0,19.799999999999997,32.4,1.0,-12.600000000000001,True,0.0,0.7599999999999999,22.799999999999997,0.0,2025-11-01,SuperAhorro,Grandes Superficies,Antioquia,Valle de Aburrá,Medellín,Supermercado,RACLETTE CELEBRACION LOMA DORADA 600G,0.6,UND,MIXTO QUESOS,TEMPORADA,QUESOS MADURADOS,temporada,LOMA DORADA,IMPORTADO,2025-11
C002,110103,2025-11-30,59,8.85,0.0,0.0,0.0,7.0,1.05,104090.0,1495.0,1508.0,224.25,224.016,46.0,9.084000000000003,False,9.084000000000003,0.89,26.7,10.206741573033712,2025-11-01,SuperAhorro,Grandes Superficies,Antioquia,Valle de Aburrá,Medellín,Supermercado,MUENSTER TAJADO LOMA DORADA 150G,0.15,UND,MUENSTER,QUESOS TAJADOS PREMIUM,QUESOS MADURADOS,regular,LOMA DORADA,IMPORTADO,2025-11
C018,130101,2025-11-30,262,39.3,0.0,0.0,0.0,25.0,3.75,128250.0,8700.0,8856.0,1240.95,1328.748,106.0,-48.49800000000005,True,0.0,4.31,129.29999999999998,0.0,2025-11-01,Cadena Uno,Hard Discount,Occidente,Valle del Cauca,Cali,Discounter,CHEDDAR ESTILO AMERICANO DELILAT 150G,0.15,UND,CHEDDAR ANALOGO,LONCHAS,QUESOS ANALOGOS,regular,DELILAT,MAQUILA,2025-11
C016,900101,2025-11-30,52,4.16,0.0,0.0,0.0,4.0,0.32,39960.0,1175.0,1173.0,86.96000000000001,93.44,54.0,-2.319999999999993,True,0.0,0.3173333333333333,9.52,0.0,2025-11-01,Canasta Familiar,Grandes Superficies,Santanderes,Bucaramanga Metropolitana,Bucaramanga,Supermercado,SALAMI TAJADO CASA IBERIA 80G,0.08,UND,SALAMI,CHARCUTERIA,CARNES MADURADAS,regular,CASA IBERIA,IMPORTADO,2025-11
C003,900103,2025-11-30,54,4.32,0.0,0.0,0.0,6.0,0.48,66390.0,1228.0,1249.0,87.84,99.021,33.0,-6.861000000000004,True,0.0,0.37600000000000006,11.280000000000001,0.0,2025-11-01,MaxiCompra Caribe,Grandes Superficies,Caribe,Costa Norte,Barranquilla,Supermercado,JAMON SERRANO TAJADO CASA IBERIA 80G,0.08,UND,JAMON SERRANO,CHARCUTERIA,CARNES MADURADAS,regular,CASA IBERIA,IMPORTADO,2025-11
C012,110101,2025-11-30,18,2.7,0.0,0.0,0.0,0.0,0.0,0.0,381.0,392.0,57.15,57.288,7.0,2.5620000000000047,False,2.5620000000000047,0.225,6.75,11.386666666666688,2025-11-01,Delimarket Gourmet,Tiendas Especializadas,Centro,Bogotá y Sabana,Bogotá,Especialidad,GOUDA AHUMADO TAJADO LOMA DORADA 150G,0.15,UND,GOUDA AHUMADO,QUESOS TAJADOS PREMIUM,QUESOS MADURADOS,regular,LOMA DORADA,IMPORTADO,2025-11
C006,130103,2025-11-30,124,35.712,0.0,0.0,0.0,12.0,3.456,90070.0,3598.0,3668.0,1036.224,1033.69,54.0,38.24599999999987,False,38.24599999999987,3.408,102.24,11.222417840375549,2025-11-01,PuntoMenos Caribe,Hard Discount,Caribe,Costa Norte,Cartagena,Discounter,LONCHAS AMERICANAS DELILAT 288G,0.288,UND,CHEDDAR ANALOGO,LONCHITAS,QUESOS ANALOGOS,regular,DELILAT,MAQUILA,2025-11
C005,120101,2025-11-30,240,60.0,0.0,0.0,0.0,20.0,5.0,184830.0,5399.0,5487.0,1353.0,1347.3,152.0,65.70000000000005,False,65.70000000000005,4.308333333333334,129.25,15.249516441005813,2025-11-01,PrecioListo,Hard Discount,Antioquia,Valle de Aburrá,Medellín,Discounter,MOZZARELLA TAJADA CAMPOCLARO 250G,0.25,UND,MOZZARELLA,QUESOS TAJADOS,QUESOS FRESCOS,regular,CAMPOCLARO,NACIONAL,2025-11
C012,110115,2025-11-30,18,4.5,0.0,0.0,0.0,0.0,0.0,0.0,345.0,348.0,83.9,84.27,15.0,4.13000000000001,False,4.13000000000001,0.25833333333333336,7.75,15.987096774193585,2025-11-01,Delimarket Gourmet,Tiendas Especializadas,Centro,Bogotá y Sabana,Bogotá,Especialidad,FETA CUBOS CASA SIERRA 250G,0.25,UND,FETA,ESPECIALES,QUESOS MADURADOS,regular,CASA SIERRA,IMPORTADO,2025-11
C004,110112,2025-11-30,222,22.2,0.0,0.0,0.0,9.0,0.9,56890.0,6359.0,6343.0,635.9,627.672,238.0,30.427999999999997,False,30.427999999999997,1.9633333333333334,58.9,15.498132427843801,2025-11-01,Descuento Ya,Hard Discount,Centro,Bogotá y Sabana,Bogotá,Discounter,PARMESANO RALLADO ORO LECHE 100G,0.1,UND,TIPO PARMESANO,RALLADOS,QUESO PARMESANO,regular,ORO LECHE,MAQUILA,2025-11
C016,190103,2025-11-30,18,10.8,0.0,0.0,0.0,0.0,0.0,0.0,29.0,45.0,17.4,27.0,2.0,1.1999999999999993,False,1.1999999999999993,0.5599999999999999,16.799999999999997,2.142857142857142,2025-11-01,Canasta Familiar,Grandes Superficies,Santanderes,Bucaramanga Metropolitana,Bucaramanga,Supermercado,RACLETTE CELEBRACION LOMA DORADA 600G,0.6,UND,MIXTO QUESOS,TEMPORADA,QUESOS MADURADOS,temporada,LOMA DORADA,IMPORTADO,2025-11
C014,110104,2025-11-30,57,8.55,0.0,0.0,0.0,6.0,0.9,87440.0,1564.0,1554.0,234.6,227.988,67.0,15.162000000000006,False,15.162000000000006,0.9000000000000001,27.000000000000004,16.84666666666667,2025-11-01,Plaza Hogar,Grandes Superficies,Occidente,Valle del Cauca,Cali,Hipermercado,COLBY JACK TAJADO LOMA DORADA 150G,0.15,UND,COLBY JACK,QUESOS TAJADOS PREMIUM,QUESOS MADURADOS,regular,LOMA DORADA,IMPORTADO,2025-11
C017,900102,2025-11-30,6,0.48,0.0,0.0,0.0,0.0,0.0,0.0,185.0,187.0,14.56,14.959,4.0,0.0810000000000013,False,0.0810000000000013,0.04533333333333334,1.36,1.7867647058823812,2025-11-01,RapiExpress,E-commerce,Centro,Bogotá y Sabana,Bogotá,Quick Commerce,PEPPERONI TAJADO CASA IBERIA 80G,0.08,UND,PEPPERONI,CHARCUTERIA,CARNES MADURADAS,regular,CASA IBERIA,IMPORTADO,2025-11
C003,300101,2025-11-30,69,15.87,0.0,0.0,0.0,2.0,0.46,18480.0,1872.0,1857.0,430.56,422.05,84.0,24.379999999999995,False,24.379999999999995,1.288,38.64,18.928571428571423,2025-11-01,MaxiCompra Caribe,Grandes Superficies,Caribe,Costa Norte,Barranquilla,Supermercado,JAMON DE CERDO FINAS LONCHAS SIERRA CARNES 230G,0.23,UND,JAMON CERDO,LONCHAS,CARNES FRIAS,regular,SIERRA CARNES,NACIONAL,2025-11
C002,130103,2025-11-30,124,35.712,0.0,0.0,0.0,6.0,1.728,49080.0,2694.0,2690.0,728.928,747.245,128.0,17.394999999999982,False,17.394999999999982,2.4864,74.592,6.996058558558551,2025-11-01,SuperAhorro,Grandes Superficies,Antioquia,Valle de Aburrá,Medellín,Supermercado,LONCHAS AMERICANAS DELILAT 288G,0.288,UND,CHEDDAR ANALOGO,LONCHITAS,QUESOS ANALOGOS,regular,DELILAT,MAQUILA,2025-11
C003,120104,2025-11-30,86,17.2,0.0,0.0,0.0,11.0,2.2,88310.0,1585.0,1615.0,307.4,318.744,56.0,5.855999999999938,False,5.855999999999938,1.02,30.599999999999998,5.741176470588174,2025-11-01,MaxiCompra Caribe,Grandes Superficies,Caribe,Costa Norte,Barranquilla,Supermercado,MOZZARELLA LIGHT CAMPOCLARO 200G,0.2,UND,MOZZARELLA,QUESOS TAJADOS,QUESOS FRESCOS,regular,CAMPOCLARO,NACIONAL,2025-11
C012,900101,2025-11-30,24,1.92,0.0,0.0,0.0,1.0,0.08,11290.0,501.0,504.0,40.08,38.8,21.0,3.200000000000003,False,3.200000000000003,0.11733333333333333,3.52,27.2727272727273,2025-11-01,Delimarket Gourmet,Tiendas Especializadas,Centro,Bogotá y Sabana,Bogotá,Especialidad,SALAMI TAJADO CASA IBERIA 80G,0.08,UND,SALAMI,CHARCUTERIA,CARNES MADURADAS,regular,CASA IBERIA,IMPORTADO,2025-11
C012,110106,2025-11-30,15,1.875,0.0,0.0,0.0,2.0,0.25,27970.0,317.0,315.0,39.625,39.0,17.0,2.5,False,2.5,0.15833333333333333,4.75,15.789473684210527,2025-11-01,Delimarket Gourmet,Tiendas Especializadas,Centro,Bogotá y Sabana,Bogotá,Especialidad,BRIE CUÑA MONTE AZUL 125G,0.125,UND,BRIE,QUESOS BLANDOS,QUESOS MADURADOS,regular,MONTE AZUL,IMPORTADO,2025-11
C004,110113,2025-11-30,145,36.25,0.0,0.0,0.0,8.0,2.0,115320.0,3383.0,3399.0,845.75,841.49,129.0,40.50999999999999,False,40.50999999999999,2.841666666666667,85.25,14.25571847507331,2025-11-01,Descuento Ya,Hard Discount,Centro,Bogotá y Sabana,Bogotá,Discounter,PARMESANO RALLADO ORO LECHE 250G,0.25,UND,TIPO PARMESANO,RALLADOS,QUESO PARMESANO,regular,ORO LECHE,MAQUILA,2025-11
C013,110107,2025-11-30,12,1.5,0.0,0.0,0.0,0.0,0.0,0.0,236.0,243.0,27.875,30.01,5.0,-0.6350000000000016,True,0.0,0.1125,3.375,0.0,2025-11-01,La Mesa Premium,Tiendas Especializadas,Occidente,,Cali,Especialidad,CAMEMBERT CUÑA MONTE AZUL 125G,0.125,UND,CAMEMBERT,QUESOS BLANDOS,QUESOS MADURADOS,regular,MONTE AZUL,IMPORTADO,2025-11
C001,190102,2025-11-30,26,13.0,0.0,0.0,0.0,2.0,1.0,60520.0,69.0,87.0,34.5,43.0,8.0,4.5,False,4.5,1.1,33.0,4.090909090909091,2025-11-01,HiperMax Nacional,Grandes Superficies,Centro,Bogotá y Sabana,Bogotá,Hipermercado,DUO FESTIVO QUESOS Y CARNES 500G,0.5,UND,MIXTO QUESOS-CARNES,TEMPORADA,QUESOS MADURADOS,temporada,MONTE AZUL,MAQUILA,2025-11
C004,130101,2025-11-30,424,63.6,0.0,0.0,0.0,19.0,2.85,97700.0,12414.0,12371.0,1806.57,1832.55,467.0,37.61999999999989,False,37.61999999999989,5.984999999999999,179.54999999999998,6.285714285714268,2025-11-01,Descuento Ya,Hard Discount,Centro,Bogotá y Sabana,Bogotá,Discounter,CHEDDAR ESTILO AMERICANO DELILAT 150G,0.15,UND,CHEDDAR ANALOGO,LONCHAS,QUESOS ANALOGOS,regular,DELILAT,MAQUILA,2025-11
C016,900104,2025-11-30,54,4.32,0.0,0.0,0.0,3.0,0.24,28240.0,1324.0,1348.0,105.92,106.69800000000001,30.0,3.5420000000000016,False,3.5420000000000016,0.34400000000000003,10.32,10.29651162790698,2025-11-01,Canasta Familiar,Grandes Superficies,Santanderes,Bucaramanga Metropolitana,Bucaramanga,Supermercado,CHORIZO TAJADO CASA IBERIA 80G,0.08,UND,CHORIZO,CHARCUTERIA,CARNES MADURADAS,regular,CASA IBERIA,IMPORTADO,2025-11
C002,300101,2025-11-30,76,17.48,0.0,0.0,0.0,6.0,1.38,54920.0,1750.0,1751.0,402.5,395.54499999999996,75.0,24.43500000000006,False,24.43500000000006,1.265,37.949999999999996,19.316205533596886,2025-11-01,SuperAhorro,Grandes Superficies,Antioquia,Valle de Aburrá,Medellín,Supermercado,JAMON DE CERDO FINAS LONCHAS SIERRA CARNES 230G,0.23,UND,JAMON CERDO,LONCHAS,CARNES FRIAS,regular,SIERRA CARNES,NACIONAL,2025-11
C014,110113,2025-11-30,68,17.0,0.0,0.0,0.0,5.0,1.25,79620.0,1454.0,1488.0,363.5,366.42,34.0,14.079999999999984,False,14.079999999999984,1.1666666666666667,35.0,12.068571428571413,2025-11-01,Plaza Hogar,Grandes Superficies,Occidente,Valle del Cauca,Cali,Hipermercado,PARMESANO RALLADO ORO LECHE 250G,0.25,UND,TIPO PARMESANO,RALLADOS,QUESO PARMESANO,regular,ORO LECHE,MAQUILA,2025-11
C017,900101,2025-11-30,4,0.32,0.0,0.0,0.0,1.0,0.08,10800.0,179.0,179.0,14.08,13.932,4.0,0.46799999999999997,False,0.46799999999999997,0.056,1.68,8.357142857142856,2025-11-01,RapiExpress,E-commerce,Centro,Bogotá y Sabana,Bogotá,Quick Commerce,SALAMI TAJADO CASA IBERIA 80G,0.08,UND,SALAMI,CHARCUTERIA,CARNES MADURADAS,regular,CASA IBERIA,IMPORTADO,2025-11
C006,130104,2025-11-30,112,16.8,0.0,0.0,0.0,5.0,0.75,26650.0,3351.0,3407.0,502.65,499.968,56.0,19.481999999999914,False,19.481999999999914,1.625,48.75,11.988923076923024,2025-11-01,PuntoMenos Caribe,Hard Discount,Caribe,Costa Norte,Cartagena,Discounter,PIZZA MIX RALLADO DELILAT 150G,0.15,UND,MIXTO QUESOS,RALLADOS,QUESOS ANALOGOS,regular,DELILAT,MAQUILA,2025-11
C004,130103,2025-11-30,336,96.768,0.0,0.0,0.0,21.0,6.048,153390.0,7734.0,7846.0,2155.392,2235.283,224.0,16.876999999999953,False,16.876999999999953,6.768,203.04,2.493646572104012,2025-11-01,Descuento Ya,Hard Discount,Centro,Bogotá y Sabana,Bogotá,Discounter,LONCHAS AMERICANAS DELILAT 288G,0.288,UND,CHEDDAR ANALOGO,LONCHITAS,QUESOS ANALOGOS,regular,DELILAT,MAQUILA,2025-11
C003,110113,2025-11-30,58,14.5,0.0,0.0,0.0,4.0,1.0,62600.0,1532.0,1523.0,367.75,371.0,67.0,11.25,False,11.25,1.1083333333333334,33.25,10.150375939849624,2025-11-01,MaxiCompra Caribe,Grandes Superficies,Caribe,Costa Norte,Barranquilla,Supermercado,PARMESANO RALLADO ORO LECHE 250G,0.25,UND,TIPO PARMESANO,RALLADOS,QUESO PARMESANO,regular,ORO LECHE,MAQUILA,2025-11
C014,190103,2025-11-30,16,9.6,0.0,0.0,0.0,0.0,0.0,0.0,30.0,40.0,18.0,24.0,6.0,3.6000000000000014,False,3.6000000000000014,0.56,16.8,6.428571428571431,2025-11-01,Plaza Hogar,Grandes Superficies,Occidente,Valle del Cauca,Cali,Hipermercado,RACLETTE CELEBRACION LOMA DORADA 600G,0.6,UND,MIXTO QUESOS,TEMPORADA,QUESOS MADURADOS,temporada,LOMA DORADA,IMPORTADO,2025-11
C015,300101,2025-11-30,15,3.45,0.0,0.0,0.0,5.0,1.15,43780.0,413.0,413.0,94.714,93.362,15.0,4.802000000000007,False,4.802000000000007,0.299,8.969999999999999,16.060200668896343,2025-11-01,Abarrotes Norte,Tradicional Modernizado,Caribe,Costa Norte,Barranquilla,Supermercado Regional,JAMON DE CERDO FINAS LONCHAS SIERRA CARNES 230G,0.23,UND,JAMON CERDO,LONCHAS,CARNES FRIAS,regular,SIERRA CARNES,NACIONAL,2025-11
C002,110101,2025-11-30,73,10.95,0.0,0.0,0.0,4.0,0.6,57030.0,1362.0,1379.0,204.93,200.55,56.0,15.329999999999984,False,15.329999999999984,0.7650000000000001,22.950000000000003,20.039215686274485,2025-11-01,SuperAhorro,Grandes Superficies,Antioquia,Valle de Aburrá,Medellín,Supermercado,GOUDA AHUMADO TAJADO LOMA DORADA 150G,0.15,UND,GOUDA AHUMADO,QUESOS TAJADOS PREMIUM,QUESOS MADURADOS,regular,LOMA DORADA,IMPORTADO,2025-11
C005,120103,2025-11-30,132,26.4,0.0,0.0,0.0,8.0,1.6,72470.0,3718.0,3715.0,743.6,732.256,135.0,37.74400000000003,False,37.74400000000003,2.2666666666666666,68.0,16.651764705882364,2025-11-01,PrecioListo,Hard Discount,Antioquia,Valle de Aburrá,Medellín,Discounter,QUESO CREMA CAMPOCLARO 200G,0.2,UND,CREMAS,UNTABLES,QUESOS FRESCOS,regular,CAMPOCLARO,NACIONAL,2025-11
C016,190101,2025-11-30,16,6.4,0.0,0.0,0.0,0.0,0.0,0.0,33.0,43.0,13.2,17.2,6.0,2.400000000000002,False,2.400000000000002,0.32,9.6,7.500000000000006,2025-11-01,Canasta Familiar,Grandes Superficies,Santanderes,Bucaramanga Metropolitana,Bucaramanga,Supermercado,TABLA APERITIVO NAVIDEÑA MONTE AZUL 400G,0.4,UND,MIXTO QUESOS,TEMPORADA,QUESOS MADURADOS,temporada,MONTE AZUL,IMPORTADO,2025-11
C003,900104,2025-11-30,92,7.36,0.0,0.0,0.0,4.0,0.32,36800.0,1650.0,1693.0,132.0,132.531,49.0,6.829000000000008,False,6.829000000000008,0.42666666666666664,12.799999999999999,16.00546875000002,2025-11-01,MaxiCompra Caribe,Grandes Superficies,Caribe,Costa Norte,Barranquilla,Supermercado,CHORIZO TAJADO CASA IBERIA 80G,0.08,UND,CHORIZO,CHARCUTERIA,CARNES MADURADAS,regular,CASA IBERIA,IMPORTADO,2025-11
C016,110113,2025-11-30,46,11.5,0.0,0.0,0.0,2.0,0.5,31290.0,1141.0,1134.0,275.0,279.36,53.0,7.139999999999986,False,7.139999999999986,0.725,21.75,9.848275862068947,2025-11-01,Canasta Familiar,Grandes Superficies,Santanderes,Bucaramanga Metropolitana,Bucaramanga,Supermercado,PARMESANO RALLADO ORO LECHE 250G,0.25,UND,TIPO PARMESANO,RALLADOS,QUESO PARMESANO,regular,ORO LECHE,MAQUILA,2025-11
C004,120103,2025-11-30,174,34.8,0.0,0.0,0.0,12.0,2.4,111550.0,5001.0,5107.0,1000.2,1004.144,68.0,30.855999999999995,False,30.855999999999995,3.24,97.2,9.523456790123454,2025-11-01,Descuento Ya,Hard Discount,Centro,Bogotá y Sabana,Bogotá,Discounter,QUESO CREMA CAMPOCLARO 200G,0.2,UND,CREMAS,UNTABLES,QUESOS FRESCOS,regular,CAMPOCLARO,NACIONAL,2025-11
C015,900101,2025-11-30,15,1.2,0.0,0.0,0.0,2.0,0.16,19550.0,362.0,366.0,28.96,28.966,11.0,1.193999999999999,False,1.193999999999999,0.09866666666666667,2.96,12.101351351351342,2025-11-01,Abarrotes Norte,Tradicional Modernizado,Caribe,Costa Norte,Barranquilla,Supermercado Regional,SALAMI TAJADO CASA IBERIA 80G,0.08,UND,SALAMI,CHARCUTERIA,CARNES MADURADAS,regular,CASA IBERIA,IMPORTADO,2025-11
C003,190103,2025-11-30,19,11.4,0.0,0.0,0.0,1.0,0.6,42210.0,21.0,37.0,12.6,21.599999999999998,3.0,2.400000000000002,False,2.400000000000002,0.52,15.6,4.615384615384619,2025-11-01,MaxiCompra Caribe,Grandes Superficies,Caribe,Costa Norte,Barranquilla,Supermercado,RACLETTE CELEBRACION LOMA DORADA 600G,0.6,UND,MIXTO QUESOS,TEMPORADA,QUESOS MADURADOS,temporada,LOMA DORADA,IMPORTADO,2025-11
C012,110105,2025-11-30,18,2.7,0.0,0.0,0.0,2.0,0.3,31550.0,349.0,351.0,49.95,51.612,16.0,1.0380000000000038,False,1.0380000000000038,0.15499999999999997,4.6499999999999995,6.696774193548413,2025-11-01,Delimarket Gourmet,Tiendas Especializadas,Centro,Bogotá y Sabana,Bogotá,Especialidad,PROVOLONE TAJADO LOMA DORADA 150G,0.15,UND,PROVOLONE,QUESOS TAJADOS PREMIUM,QUESOS MADURADOS,regular,LOMA DORADA,IMPORTADO,2025-11
C002,110112,2025-11-30,158,15.8,0.0,0.0,0.0,9.0,0.9,62450.0,2879.0,2960.0,287.9,293.8,77.0,9.899999999999977,False,9.899999999999977,0.8833333333333333,26.5,11.207547169811296,2025-11-01,SuperAhorro,Grandes Superficies,Antioquia,Valle de Aburrá,Medellín,Supermercado,PARMESANO RALLADO ORO LECHE 100G,0.1,UND,TIPO PARMESANO,RALLADOS,QUESO PARMESANO,regular,ORO LECHE,MAQUILA,2025-11
C012,110108,2025-12-31,16,2.4,0.0,0.0,0.0,1.0,0.15,16840.0,411.0,410.0,61.65,61.199999999999996,17.0,2.8500000000000014,False,2.8500000000000014,0.22999999999999998,6.8999999999999995,12.391304347826095,2025-12-01,Delimarket Gourmet,Tiendas Especializadas,Centro,Bogotá y Sabana,Bogotá,Especialidad,MANCHEGO CUÑA MONTE AZUL 150G,0.15,UND,MANCHEGO,CUÑAS PREMIUM,QUESOS MADURADOS,regular,MONTE AZUL,IMPORTADO,2025-12
C018,300101,2025-12-31,111,25.53,0.0,0.0,0.0,8.0,1.84,66470.0,3504.0,3526.0,805.92,798.201,89.0,33.24899999999991,False,33.24899999999991,2.2693333333333334,68.08,14.651439482961182,2025-12-01,Cadena Uno,Hard Discount,Occidente,Valle del Cauca,Cali,Discounter,JAMON DE CERDO FINAS LONCHAS SIERRA CARNES 230G,0.23,UND,JAMON CERDO,LONCHAS,CARNES FRIAS,regular,SIERRA CARNES,NACIONAL,2025-12
C004,130103,2025-12-31,336,96.768,0.0,0.0,0.0,31.0,8.928,229930.0,8519.0,8640.0,2381.472,2457.331,215.0,20.909000000000106,False,20.909000000000106,7.161600000000001,214.848,2.9195989722967077,2025-12-01,Descuento Ya,Hard Discount,Centro,Bogotá y Sabana,Bogotá,Discounter,LONCHAS AMERICANAS DELILAT 288G,0.288,UND,CHEDDAR ANALOGO,LONCHITAS,QUESOS ANALOGOS,regular,DELILAT,MAQUILA,2025-12
C004,130101,2025-12-31,424,63.6,0.0,0.0,0.0,45.0,6.75,236880.0,13560.0,13650.0,1978.47,2024.4,334.0,17.669999999999845,False,17.669999999999845,6.194999999999999,185.85,2.8523002421307257,2025-12-01,Descuento Ya,Hard Discount,Centro,Bogotá y Sabana,Bogotá,Discounter,CHEDDAR ESTILO AMERICANO DELILAT 150G,0.15,UND,CHEDDAR ANALOGO,LONCHAS,QUESOS ANALOGOS,regular,DELILAT,MAQUILA,2025-12
C004,120104,2025-12-31,177,35.4,0.0,0.0,0.0,27.0,5.4,196050.0,5346.0,5395.0,1069.2,1062.888,128.0,41.71200000000022,False,41.71200000000022,3.546666666666667,106.4,11.760902255639158,2025-12-01,Descuento Ya,Hard Discount,Centro,Bogotá y Sabana,Bogotá,Discounter,MOZZARELLA LIGHT CAMPOCLARO 200G,0.2,UND,MOZZARELLA,QUESOS TAJADOS,QUESOS FRESCOS,regular,CAMPOCLARO,NACIONAL,2025-12
C004,120103,2025-12-31,174,34.8,0.0,0.0,0.0,13.0,2.6,121690.0,5684.0,5646.0,1136.8,1107.944,212.0,63.65599999999995,False,63.65599999999995,3.3466666666666667,100.4,19.02071713147409,2025-12-01,Descuento Ya,Hard Discount,Centro,Bogotá y Sabana,Bogotá,Discounter,QUESO CREMA CAMPOCLARO 200G,0.2,UND,CREMAS,UNTABLES,QUESOS FRESCOS,regular,CAMPOCLARO,NACIONAL,2025-12
C004,120101,2025-12-31,269,67.25,0.0,0.0,0.0,17.0,4.25,155960.0,7433.0,7415.0,1858.25,1833.44,287.0,92.05999999999995,False,92.05999999999995,5.833333333333333,175.0,15.781714285714278,2025-12-01,Descuento Ya,Hard Discount,Centro,Bogotá y Sabana,Bogotá,Discounter,MOZZARELLA TAJADA CAMPOCLARO 250G,0.25,UND,MOZZARELLA,QUESOS TAJADOS,QUESOS FRESCOS,regular,CAMPOCLARO,NACIONAL,2025-12
C004,110113,2025-12-31,145,36.25,0.0,0.0,0.0,8.0,2.0,112110.0,3730.0,3731.0,932.5,924.49,144.0,44.25999999999999,False,44.25999999999999,2.675,80.25,16.545794392523362,2025-12-01,Descuento Ya,Hard Discount,Centro,Bogotá y Sabana,Bogotá,Discounter,PARMESANO RALLADO ORO LECHE 250G,0.25,UND,TIPO PARMESANO,RALLADOS,QUESO PARMESANO,regular,ORO LECHE,MAQUILA,2025-12
C004,110112,2025-12-31,222,22.2,0.0,0.0,0.0,20.0,2.0,126230.0,7035.0,6996.0,703.5,692.972,261.0,32.728000000000065,False,32.728000000000065,2.123333333333333,63.699999999999996,15.41350078492939,2025-12-01,Descuento Ya,Hard Discount,Centro,Bogotá y Sabana,Bogotá,Discounter,PARMESANO RALLADO ORO LECHE 100G,0.1,UND,TIPO PARMESANO,RALLADOS,QUESO PARMESANO,regular,ORO LECHE,MAQUILA,2025-12
C003,900104,2025-12-31,92,7.36,0.0,0.0,0.0,10.0,0.8,93750.0,1862.0,1879.0,148.96,147.411,75.0,8.90900000000002,False,8.90900000000002,0.4693333333333333,14.08,18.982244318181863,2025-12-01,MaxiCompra Caribe,Grandes Superficies,Caribe,Costa Norte,Barranquilla,Supermercado,CHORIZO TAJADO CASA IBERIA 80G,0.08,UND,CHORIZO,CHARCUTERIA,CARNES MADURADAS,regular,CASA IBERIA,IMPORTADO,2025-12
C003,900103,2025-12-31,54,4.32,0.0,0.0,0.0,7.0,0.56,76290.0,1402.0,1387.0,101.76,110.061,69.0,-3.9809999999999945,True,0.0,0.3546666666666667,10.64,0.0,2025-12-01,MaxiCompra Caribe,Grandes Superficies,Caribe,Costa Norte,Barranquilla,Supermercado,JAMON SERRANO TAJADO CASA IBERIA 80G,0.08,UND,JAMON SERRANO,CHARCUTERIA,CARNES MADURADAS,regular,CASA IBERIA,IMPORTADO,2025-12
C003,900102,2025-12-31,85,6.8,0.0,0.0,0.0,4.0,0.32,39810.0,1787.0,1825.0,138.64000000000001,144.4,47.0,1.0400000000000205,False,1.0400000000000205,0.52,15.6,2.000000000000039,2025-12-01,MaxiCompra Caribe,Grandes Superficies,Caribe,Costa Norte,Barranquilla,Supermercado,PEPPERONI TAJADO CASA IBERIA 80G,0.08,UND,PEPPERONI,CHARCUTERIA,CARNES MADURADAS,regular,CASA IBERIA,IMPORTADO,2025-12
C003,900101,2025-12-31,53,4.24,0.0,0.0,0.0,2.0,0.16,20100.0,1435.0,1418.0,114.8,111.555,70.0,7.484999999999985,False,7.484999999999985,0.3360000000000001,10.080000000000002,22.276785714285666,2025-12-01,MaxiCompra Caribe,Grandes Superficies,Caribe,Costa Norte,Barranquilla,Supermercado,SALAMI TAJADO CASA IBERIA 80G,0.08,UND,SALAMI,CHARCUTERIA,CARNES MADURADAS,regular,CASA IBERIA,IMPORTADO,2025-12
C003,300102,2025-12-31,79,18.17,0.0,0.0,0.0,5.0,1.15,47170.0,1626.0,1666.0,350.06,378.58,39.0,-10.349999999999966,True,0.0,1.0733333333333333,32.199999999999996,0.0,2025-12-01,MaxiCompra Caribe,Grandes Superficies,Caribe,Costa Norte,Barranquilla,Supermercado,JAMON DE PAVO FINAS LONCHAS SIERRA CARNES 230G,0.23,UND,JAMON PAVO,LONCHAS,CARNES FRIAS,regular,SIERRA CARNES,NACIONAL,2025-12
C003,300101,2025-12-31,69,15.87,0.0,0.0,0.0,8.0,1.84,73440.0,1997.0,2028.0,459.31,460.0,38.0,15.180000000000007,False,15.180000000000007,1.242,37.26,12.222222222222229,2025-12-01,MaxiCompra Caribe,Grandes Superficies,Caribe,Costa Norte,Barranquilla,Supermercado,JAMON DE CERDO FINAS LONCHAS SIERRA CARNES 230G,0.23,UND,JAMON CERDO,LONCHAS,CARNES FRIAS,regular,SIERRA CARNES,NACIONAL,2025-12
C003,190103,2025-12-31,19,11.4,0.0,0.0,0.0,2.0,1.2,84680.0,82.0,93.0,49.2,54.6,8.0,6.0,False,6.0,1.0799999999999998,32.4,5.555555555555556,2025-12-01,MaxiCompra Caribe,Grandes Superficies,Caribe,Costa Norte,Barranquilla,Supermercado,RACLETTE CELEBRACION LOMA DORADA 600G,0.6,UND,MIXTO QUESOS,TEMPORADA,QUESOS MADURADOS,temporada,LOMA DORADA,IMPORTADO,2025-12
C003,190102,2025-12-31,28,14.0,0.0,0.0,0.0,1.0,0.5,30860.0,126.0,137.0,56.0,68.0,17.0,2.0,False,2.0,1.3333333333333333,40.0,1.5,2025-12-01,MaxiCompra Caribe,Grandes Superficies,Caribe,Costa Norte,Barranquilla,Supermercado,DUO FESTIVO QUESOS Y CARNES 500G,0.5,UND,MIXTO QUESOS-CARNES,TEMPORADA,QUESOS MADURADOS,temporada,MONTE AZUL,MAQUILA,2025-12
C003,190101,2025-12-31,14,5.6,0.0,0.0,0.0,2.0,0.8,50700.0,92.0,96.0,35.2,38.0,10.0,2.8000000000000043,False,2.8000000000000043,0.7333333333333333,22.0,3.818181818181824,2025-12-01,MaxiCompra Caribe,Grandes Superficies,Caribe,Costa Norte,Barranquilla,Supermercado,TABLA APERITIVO NAVIDEÑA MONTE AZUL 400G,0.4,UND,MIXTO QUESOS,TEMPORADA,QUESOS MADURADOS,temporada,MONTE AZUL,IMPORTADO,2025-12
C003,130103,2025-12-31,87,25.056,0.0,0.0,0.0,6.0,1.728,49340.0,2498.0,2480.0,703.008,708.342,105.0,19.722000000000094,False,19.722000000000094,2.0736,62.208,9.510995370370416,2025-12-01,MaxiCompra Caribe,Grandes Superficies,Caribe,Costa Norte,Barranquilla,Supermercado,LONCHAS AMERICANAS DELILAT 288G,0.288,UND,CHEDDAR ANALOGO,LONCHITAS,QUESOS ANALOGOS,regular,DELILAT,MAQUILA,2025-12
C003,130101,2025-12-31,98,14.7,0.0,0.0,0.0,11.0,1.65,63860.0,2808.0,2839.0,421.2,420.456,67.0,15.44399999999996,False,15.44399999999996,1.28,38.4,12.065624999999969,2025-12-01,MaxiCompra Caribe,Grandes Superficies,Caribe,Costa Norte,Barranquilla,Supermercado,CHEDDAR ESTILO AMERICANO DELILAT 150G,0.15,UND,CHEDDAR ANALOGO,LONCHAS,QUESOS ANALOGOS,regular,DELILAT,MAQUILA,2025-12
C003,120104,2025-12-31,86,17.2,0.0,0.0,0.0,5.0,1.0,39920.0,1763.0,1791.0,343.0,353.944,58.0,6.255999999999972,False,6.255999999999972,1.1466666666666667,34.4,5.455813953488347,2025-12-01,MaxiCompra Caribe,Grandes Superficies,Caribe,Costa Norte,Barranquilla,Supermercado,MOZZARELLA LIGHT CAMPOCLARO 200G,0.2,UND,MOZZARELLA,QUESOS TAJADOS,QUESOS FRESCOS,regular,CAMPOCLARO,NACIONAL,2025-12
C003,120103,2025-12-31,88,17.6,0.0,0.0,0.0,7.0,1.4,71090.0,1806.0,1857.0,361.2,368.2,37.0,10.600000000000023,False,10.600000000000023,1.2066666666666666,36.199999999999996,8.784530386740352,2025-12-01,MaxiCompra Caribe,Grandes Superficies,Caribe,Costa Norte,Barranquilla,Supermercado,QUESO CREMA CAMPOCLARO 200G,0.2,UND,CREMAS,UNTABLES,QUESOS FRESCOS,regular,CAMPOCLARO,NACIONAL,2025-12
C003,120101,2025-12-31,113,28.25,0.0,0.0,0.0,7.0,1.75,71890.0,2294.0,2295.0,553.5,565.97,112.0,15.779999999999973,False,15.779999999999973,1.6166666666666667,48.5,9.760824742268024,2025-12-01,MaxiCompra Caribe,Grandes Superficies,Caribe,Costa Norte,Barranquilla,Supermercado,MOZZARELLA TAJADA CAMPOCLARO 250G,0.25,UND,MOZZARELLA,QUESOS TAJADOS,QUESOS FRESCOS,regular,CAMPOCLARO,NACIONAL,2025-12
C003,110115,2025-12-31,50,12.5,0.0,0.0,0.0,2.0,0.5,51160.0,1423.0,1390.0,355.75,344.54,83.0,23.70999999999998,False,23.70999999999998,1.1833333333333333,35.5,20.03661971830984,2025-12-01,MaxiCompra Caribe,Grandes Superficies,Caribe,Costa Norte,Barranquilla,Supermercado,FETA CUBOS CASA SIERRA 250G,0.25,UND,FETA,ESPECIALES,QUESOS MADURADOS,regular,CASA SIERRA,IMPORTADO,2025-12
C003,110114,2025-12-31,60,15.0,0.0,0.0,0.0,3.0,0.75,73980.0,1515.0,1509.0,378.75,372.94,66.0,20.810000000000002,False,20.810000000000002,1.45,43.5,14.351724137931036,2025-12-01,MaxiCompra Caribe,Grandes Superficies,Caribe,Costa Norte,Barranquilla,Supermercado,GOUDA NATURAL CUÑA LOMA DORADA 250G,0.25,UND,GOUDA NATURAL,CUÑAS,QUESOS MADURADOS,regular,LOMA DORADA,IMPORTADO,2025-12
C004,130104,2025-12-31,245,36.75,0.0,0.0,0.0,25.0,3.75,136380.0,6264.0,6354.0,912.15,943.326,155.0,5.573999999999955,False,5.573999999999955,2.9299999999999997,87.89999999999999,1.9023890784982784,2025-12-01,Descuento Ya,Hard Discount,Centro,Bogotá y Sabana,Bogotá,Discounter,PIZZA MIX RALLADO DELILAT 150G,0.15,UND,MIXTO QUESOS,RALLADOS,QUESOS ANALOGOS,regular,DELILAT,MAQUILA,2025-12
C004,300101,2025-12-31,151,34.73,0.0,0.0,0.0,16.0,3.68,131000.0,4536.0,4581.0,1043.28,1049.95,106.0,28.059999999999945,False,28.059999999999945,3.2889999999999997,98.66999999999999,8.531468531468516,2025-12-01,Descuento Ya,Hard Discount,Centro,Bogotá y Sabana,Bogotá,Discounter,JAMON DE CERDO FINAS LONCHAS SIERRA CARNES 230G,0.23,UND,JAMON CERDO,LONCHAS,CARNES FRIAS,regular,SIERRA CARNES,NACIONAL,2025-12
C004,300102,2025-12-31,99,22.77,0.0,0.0,0.0,10.0,2.3,88790.0,3672.0,3707.0,844.56,834.67,64.0,32.65999999999997,False,32.65999999999997,2.3689999999999998,71.07,13.78640776699028,2025-12-01,Descuento Ya,Hard Discount,Centro,Bogotá y Sabana,Bogotá,Discounter,JAMON DE PAVO FINAS LONCHAS SIERRA CARNES 230G,0.23,UND,JAMON PAVO,LONCHAS,CARNES FRIAS,regular,SIERRA CARNES,NACIONAL,2025-12
C004,900102,2025-12-31,149,11.92,0.0,0.0,0.0,13.0,1.04,118280.0,3816.0,3885.0,279.52,302.425,80.0,-10.985000000000014,True,0.0,1.008,30.240000000000002,0.0,2025-12-01,Descuento Ya,Hard Discount,Centro,Bogotá y Sabana,Bogotá,Discounter,PEPPERONI TAJADO CASA IBERIA 80G,0.08,UND,PEPPERONI,CHARCUTERIA,CARNES MADURADAS,regular,CASA IBERIA,IMPORTADO,2025-12
C012,110102,2025-12-31,21,3.15,0.0,0.0,0.0,4.0,0.6,64070.0,493.0,499.0,68.1,74.25,15.0,-3.0,True,0.0,0.295,8.85,0.0,2025-12-01,Delimarket Gourmet,Tiendas Especializadas,Centro,Bogotá y Sabana,Bogotá,Especialidad,HOLANDES TAJADO LOMA DORADA 150G,0.15,UND,HOLANDES,QUESOS TAJADOS PREMIUM,QUESOS MADURADOS,regular,LOMA DORADA,IMPORTADO,2025-12
C012,110101,2025-12-31,18,2.7,0.0,0.0,0.0,1.0,0.15,16430.0,451.0,452.0,67.65,66.288,17.0,4.062000000000012,False,4.062000000000012,0.295,8.85,13.769491525423769,2025-12-01,Delimarket Gourmet,Tiendas Especializadas,Centro,Bogotá y Sabana,Bogotá,Especialidad,GOUDA AHUMADO TAJADO LOMA DORADA 150G,0.15,UND,GOUDA AHUMADO,QUESOS TAJADOS PREMIUM,QUESOS MADURADOS,regular,LOMA DORADA,IMPORTADO,2025-12
C006,900102,2025-12-31,75,6.0,0.0,0.0,0.0,7.0,0.56,63710.0,1868.0,1895.0,142.24,150.0,48.0,-1.759999999999991,True,0.0,0.49333333333333335,14.8,0.0,2025-12-01,PuntoMenos Caribe,Hard Discount,Caribe,Costa Norte,Cartagena,Discounter,PEPPERONI TAJADO CASA IBERIA 80G,0.08,UND,PEPPERONI,CHARCUTERIA,CARNES MADURADAS,regular,CASA IBERIA,IMPORTADO,2025-12
C006,300102,2025-12-31,97,22.31,0.0,0.0,0.0,6.0,1.38,53250.0,2409.0,2419.0,554.07,548.55,87.0,27.83000000000004,False,27.83000000000004,1.5793333333333335,47.38,17.621359223300995,2025-12-01,PuntoMenos Caribe,Hard Discount,Caribe,Costa Norte,Cartagena,Discounter,JAMON DE PAVO FINAS LONCHAS SIERRA CARNES 230G,0.23,UND,JAMON PAVO,LONCHAS,CARNES FRIAS,regular,SIERRA CARNES,NACIONAL,2025-12
C006,300101,2025-12-31,100,23.0,0.0,0.0,0.0,10.0,2.3,82170.0,2519.0,2532.0,579.37,570.611,87.0,31.759000000000015,False,31.759000000000015,1.84,55.2,17.26032608695653,2025-12-01,PuntoMenos Caribe,Hard Discount,Caribe,Costa Norte,Cartagena,Discounter,JAMON DE CERDO FINAS LONCHAS SIERRA CARNES 230G,0.23,UND,JAMON CERDO,LONCHAS,CARNES FRIAS,regular,SIERRA CARNES,NACIONAL,2025-12
C006,130104,2025-12-31,112,16.8,0.0,0.0,0.0,15.0,2.25,81360.0,3773.0,3750.0,565.95,549.918,135.0,32.831999999999994,False,32.831999999999994,1.6,48.0,20.519999999999996,2025-12-01,PuntoMenos Caribe,Hard Discount,Caribe,Costa Norte,Cartagena,Discounter,PIZZA MIX RALLADO DELILAT 150G,0.15,UND,MIXTO QUESOS,RALLADOS,QUESOS ANALOGOS,regular,DELILAT,MAQUILA,2025-12
C006,130103,2025-12-31,124,35.712,0.0,0.0,0.0,14.0,4.032,105670.0,4079.0,4053.0,1174.752,1144.57,150.0,65.894,False,65.894,3.5808000000000004,107.424,18.402033065236818,2025-12-01,PuntoMenos Caribe,Hard Discount,Caribe,Costa Norte,Cartagena,Discounter,LONCHAS AMERICANAS DELILAT 288G,0.288,UND,CHEDDAR ANALOGO,LONCHITAS,QUESOS ANALOGOS,regular,DELILAT,MAQUILA,2025-12
C006,130101,2025-12-31,242,36.3,0.0,0.0,0.0,21.0,3.15,111270.0,7442.0,7416.0,1116.3,1097.022,268.0,55.577999999999975,False,55.577999999999975,3.2399999999999998,97.19999999999999,17.153703703703698,2025-12-01,PuntoMenos Caribe,Hard Discount,Caribe,Costa Norte,Cartagena,Discounter,CHEDDAR ESTILO AMERICANO DELILAT 150G,0.15,UND,CHEDDAR ANALOGO,LONCHAS,QUESOS ANALOGOS,regular,DELILAT,MAQUILA,2025-12
C006,120104,2025-12-31,92,18.4,0.0,0.0,0.0,4.0,0.8,29540.0,3031.0,3005.0,606.2,597.072,118.0,27.52800000000002,False,27.52800000000002,1.7733333333333332,53.199999999999996,15.523308270676704,2025-12-01,PuntoMenos Caribe,Hard Discount,Caribe,Costa Norte,Cartagena,Discounter,MOZZARELLA LIGHT CAMPOCLARO 200G,0.2,UND,MOZZARELLA,QUESOS TAJADOS,QUESOS FRESCOS,regular,CAMPOCLARO,NACIONAL,2025-12
C006,120103,2025-12-31,114,22.8,0.0,0.0,0.0,7.0,1.4,62990.0,2990.0,2990.0,598.0,589.92,114.0,30.879999999999995,False,30.879999999999995,1.853333333333333,55.599999999999994,16.66187050359712,2025-12-01,PuntoMenos Caribe,Hard Discount,Caribe,Costa Norte,Cartagena,Discounter,QUESO CREMA CAMPOCLARO 200G,0.2,UND,CREMAS,UNTABLES,QUESOS FRESCOS,regular,CAMPOCLARO,NACIONAL,2025-12
C006,120101,2025-12-31,133,33.25,0.0,0.0,0.0,11.0,2.75,99730.0,4139.0,4194.0,1034.75,1035.34,78.0,32.66000000000008,False,32.66000000000008,2.6416666666666666,79.25,12.363406940063122,2025-12-01,PuntoMenos Caribe,Hard Discount,Caribe,Costa Norte,Cartagena,Discounter,MOZZARELLA TAJADA CAMPOCLARO 250G,0.25,UND,MOZZARELLA,QUESOS TAJADOS,QUESOS FRESCOS,regular,CAMPOCLARO,NACIONAL,2025-12
C003,110113,2025-12-31,58,14.5,0.0,0.0,0.0,1.0,0.25,15980.0,1665.0,1667.0,401.0,405.25,56.0,10.25,False,10.25,1.0916666666666666,32.75,9.389312977099237,2025-12-01,MaxiCompra Caribe,Grandes Superficies,Caribe,Costa Norte,Barranquilla,Supermercado,PARMESANO RALLADO ORO LECHE 250G,0.25,UND,TIPO PARMESANO,RALLADOS,QUESO PARMESANO,regular,ORO LECHE,MAQUILA,2025-12
C006,110113,2025-12-31,95,23.75,0.0,0.0,0.0,6.0,1.5,83620.0,2151.0,2185.0,537.75,541.37,61.0,20.129999999999995,False,20.129999999999995,1.4416666666666667,43.25,13.963005780346817,2025-12-01,PuntoMenos Caribe,Hard Discount,Caribe,Costa Norte,Cartagena,Discounter,PARMESANO RALLADO ORO LECHE 250G,0.25,UND,TIPO PARMESANO,RALLADOS,QUESO PARMESANO,regular,ORO LECHE,MAQUILA,2025-12
C005,900102,2025-12-31,101,8.08,0.0,0.0,0.0,7.0,0.56,61890.0,2954.0,2970.0,237.016,235.12,85.0,9.975999999999999,False,9.975999999999999,0.8213333333333334,24.64,12.146103896103895,2025-12-01,PrecioListo,Hard Discount,Antioquia,Valle de Aburrá,Medellín,Discounter,PEPPERONI TAJADO CASA IBERIA 80G,0.08,UND,PEPPERONI,CHARCUTERIA,CARNES MADURADAS,regular,CASA IBERIA,IMPORTADO,2025-12
C005,300102,2025-12-31,105,24.15,0.0,0.0,0.0,10.0,2.3,84690.0,2739.0,2772.0,610.19,632.96,72.0,1.3799999999999955,False,1.3799999999999955,1.8783333333333332,56.349999999999994,0.734693877551018,2025-12-01,PrecioListo,Hard Discount,Antioquia,Valle de Aburrá,Medellín,Discounter,JAMON DE PAVO FINAS LONCHAS SIERRA CARNES 230G,0.23,UND,JAMON PAVO,LONCHAS,CARNES FRIAS,regular,SIERRA CARNES,NACIONAL,2025-12
C005,300101,2025-12-31,108,24.84,0.0,0.0,0.0,8.0,1.84,65280.0,3871.0,3883.0,890.33,877.377,96.0,37.79300000000012,False,37.79300000000012,2.583666666666667,77.51,14.627660946974629,2025-12-01,PrecioListo,Hard Discount,Antioquia,Valle de Aburrá,Medellín,Discounter,JAMON DE CERDO FINAS LONCHAS SIERRA CARNES 230G,0.23,UND,JAMON CERDO,LONCHAS,CARNES FRIAS,regular,SIERRA CARNES,NACIONAL,2025-12
C005,130104,2025-12-31,185,27.75,0.0,0.0,0.0,17.0,2.55,91340.0,6258.0,6341.0,938.7,946.2,102.0,20.25,False,20.25,2.6850000000000005,80.55000000000001,7.541899441340781,2025-12-01,PrecioListo,Hard Discount,Antioquia,Valle de Aburrá,Medellín,Discounter,PIZZA MIX RALLADO DELILAT 150G,0.15,UND,MIXTO QUESOS,RALLADOS,QUESOS ANALOGOS,regular,DELILAT,MAQUILA,2025-12
C005,130103,2025-12-31,213,61.344,0.0,0.0,0.0,11.0,3.168,83650.0,6398.0,6491.0,1842.624,1849.501,120.0,54.4670000000001,False,54.4670000000001,5.5776,167.328,9.765311244979937,2025-12-01,PrecioListo,Hard Discount,Antioquia,Valle de Aburrá,Medellín,Discounter,LONCHAS AMERICANAS DELILAT 288G,0.288,UND,CHEDDAR ANALOGO,LONCHITAS,QUESOS ANALOGOS,regular,DELILAT,MAQUILA,2025-12
C005,130101,2025-12-31,356,53.4,0.0,0.0,0.0,43.0,6.45,221700.0,11142.0,11110.0,1621.8,1659.45,388.0,15.75,False,15.75,5.234999999999999,157.04999999999998,3.008595988538682,2025-12-01,PrecioListo,Hard Discount,Antioquia,Valle de Aburrá,Medellín,Discounter,CHEDDAR ESTILO AMERICANO DELILAT 150G,0.15,UND,CHEDDAR ANALOGO,LONCHAS,QUESOS ANALOGOS,regular,DELILAT,MAQUILA,2025-12
C005,120104,2025-12-31,145,29.0,0.0,0.0,0.0,7.0,1.4,52200.0,4067.0,4094.0,813.4,806.0,118.0,36.39999999999998,False,36.39999999999998,2.4266666666666667,72.8,14.99999999999999,2025-12-01,PrecioListo,Hard Discount,Antioquia,Valle de Aburrá,Medellín,Discounter,MOZZARELLA LIGHT CAMPOCLARO 200G,0.2,UND,MOZZARELLA,QUESOS TAJADOS,QUESOS FRESCOS,regular,CAMPOCLARO,NACIONAL,2025-12
C005,120103,2025-12-31,132,26.4,0.0,0.0,0.0,4.0,0.8,35820.0,4082.0,4106.0,816.4,807.656,108.0,35.144000000000005,False,35.144000000000005,2.433333333333333,73.0,14.442739726027401,2025-12-01,PrecioListo,Hard Discount,Antioquia,Valle de Aburrá,Medellín,Discounter,QUESO CREMA CAMPOCLARO 200G,0.2,UND,CREMAS,UNTABLES,QUESOS FRESCOS,regular,CAMPOCLARO,NACIONAL,2025-12
C005,120101,2025-12-31,240,60.0,0.0,0.0,0.0,13.0,3.25,118630.0,6076.0,6080.0,1522.25,1495.55,236.0,86.70000000000005,False,86.70000000000005,4.8,144.0,18.06250000000001,2025-12-01,PrecioListo,Hard Discount,Antioquia,Valle de Aburrá,Medellín,Discounter,MOZZARELLA TAJADA CAMPOCLARO 250G,0.25,UND,MOZZARELLA,QUESOS TAJADOS,QUESOS FRESCOS,regular,CAMPOCLARO,NACIONAL,2025-12
C005,110113,2025-12-31,105,26.25,0.0,0.0,0.0,7.0,1.75,97680.0,3069.0,3055.0,679.75,752.64,119.0,-46.639999999999986,True,0.0,1.8583333333333334,55.75,0.0,2025-12-01,PrecioListo,Hard Discount,Antioquia,Valle de Aburrá,Medellín,Discounter,PARMESANO RALLADO ORO LECHE 250G,0.25,UND,TIPO PARMESANO,RALLADOS,QUESO PARMESANO,regular,ORO LECHE,MAQUILA,2025-12
C005,110112,2025-12-31,205,20.5,0.0,0.0,0.0,16.0,1.6,101730.0,5296.0,5369.0,529.6,534.42,132.0,15.680000000000064,False,15.680000000000064,1.7266666666666668,51.800000000000004,9.081081081081118,2025-12-01,PrecioListo,Hard Discount,Antioquia,Valle de Aburrá,Medellín,Discounter,PARMESANO RALLADO ORO LECHE 100G,0.1,UND,TIPO PARMESANO,RALLADOS,QUESO PARMESANO,regular,ORO LECHE,MAQUILA,2025-12
C006,110112,2025-12-31,125,12.5,0.0,0.0,0.0,18.0,1.8,112600.0,3872.0,3852.0,387.2,384.30400000000003,145.0,15.395999999999958,False,15.395999999999958,1.1166666666666667,33.5,13.787462686567126,2025-12-01,PuntoMenos Caribe,Hard Discount,Caribe,Costa Norte,Cartagena,Discounter,PARMESANO RALLADO ORO LECHE 100G,0.1,UND,TIPO PARMESANO,RALLADOS,QUESO PARMESANO,regular,ORO LECHE,MAQUILA,2025-12
C003,110112,2025-12-31,120,12.0,0.0,0.0,0.0,4.0,0.4,27540.0,6138.0,6124.0,613.8,606.2,134.0,19.59999999999991,False,19.59999999999991,0.73,21.9,26.849315068493027,2025-12-01,MaxiCompra Caribe,Grandes Superficies,Caribe,Costa Norte,Barranquilla,Supermercado,PARMESANO RALLADO ORO LECHE 100G,0.1,UND,TIPO PARMESANO,RALLADOS,QUESO PARMESANO,regular,ORO LECHE,MAQUILA,2025-12
C003,110110,2025-12-31,39,14.04,0.0,0.0,0.0,4.0,1.44,137120.0,786.0,804.0,282.96,287.942,21.0,9.057999999999993,False,9.057999999999993,0.9480000000000001,28.44,9.554852320675097,2025-12-01,MaxiCompra Caribe,Grandes Superficies,Caribe,Costa Norte,Barranquilla,Supermercado,MIX QUESOS PREMIUM MONTE AZUL 360G,0.36,UND,MIXTO QUESOS,MEZCLAS PREMIUM,QUESOS MADURADOS,regular,MONTE AZUL,IMPORTADO,2025-12
C001,900102,2025-12-31,121,9.68,0.0,0.0,0.0,14.0,1.12,138870.0,2475.0,2479.0,198.0,194.48000000000002,117.0,13.199999999999989,False,13.199999999999989,0.6960000000000001,20.880000000000003,18.965517241379292,2025-12-01,HiperMax Nacional,Grandes Superficies,Centro,Bogotá y Sabana,Bogotá,Hipermercado,PEPPERONI TAJADO CASA IBERIA 80G,0.08,UND,PEPPERONI,CHARCUTERIA,CARNES MADURADAS,regular,CASA IBERIA,IMPORTADO,2025-12
C001,900101,2025-12-31,80,6.4,0.0,0.0,0.0,16.0,1.28,160430.0,2464.0,2468.0,197.12,194.64000000000001,76.0,8.879999999999995,False,8.879999999999995,0.7226666666666667,21.68,12.287822878228775,2025-12-01,HiperMax Nacional,Grandes Superficies,Centro,Bogotá y Sabana,Bogotá,Hipermercado,SALAMI TAJADO CASA IBERIA 80G,0.08,UND,SALAMI,CHARCUTERIA,CARNES MADURADAS,regular,CASA IBERIA,IMPORTADO,2025-12
C001,300102,2025-12-31,84,19.32,0.0,0.0,0.0,10.0,2.3,94770.0,2368.0,2381.0,529.46,533.986,71.0,14.794000000000096,False,14.794000000000096,1.6176666666666668,48.53,9.145270966412587,2025-12-01,HiperMax Nacional,Grandes Superficies,Centro,Bogotá y Sabana,Bogotá,Hipermercado,JAMON DE PAVO FINAS LONCHAS SIERRA CARNES 230G,0.23,UND,JAMON PAVO,LONCHAS,CARNES FRIAS,regular,SIERRA CARNES,NACIONAL,2025-12
C001,300101,2025-12-31,170,39.1,0.0,0.0,0.0,10.0,2.3,89760.0,3138.0,3240.0,679.351,737.38,68.0,-18.928999999999974,True,0.0,2.277,68.31,0.0,2025-12-01,HiperMax Nacional,Grandes Superficies,Centro,Bogotá y Sabana,Bogotá,Hipermercado,JAMON DE CERDO FINAS LONCHAS SIERRA CARNES 230G,0.23,UND,JAMON CERDO,LONCHAS,CARNES FRIAS,regular,SIERRA CARNES,NACIONAL,2025-12
C001,190103,2025-12-31,29,17.4,0.0,0.0,0.0,3.0,1.8,125770.0,154.0,167.0,92.4,97.2,16.0,12.600000000000009,False,12.600000000000009,1.9600000000000002,58.800000000000004,6.428571428571432,2025-12-01,HiperMax Nacional,Grandes Superficies,Centro,Bogotá y Sabana,Bogotá,Hipermercado,RACLETTE CELEBRACION LOMA DORADA 600G,0.6,UND,MIXTO QUESOS,TEMPORADA,QUESOS MADURADOS,temporada,LOMA DORADA,IMPORTADO,2025-12
C001,190102,2025-12-31,26,13.0,0.0,0.0,0.0,6.0,3.0,179500.0,226.0,237.0,113.0,114.5,15.0,11.5,False,11.5,2.3,69.0,5.0,2025-12-01,HiperMax Nacional,Grandes Superficies,Centro,Bogotá y Sabana,Bogotá,Hipermercado,DUO FESTIVO QUESOS Y CARNES 500G,0.5,UND,MIXTO QUESOS-CARNES,TEMPORADA,QUESOS MADURADOS,temporada,MONTE AZUL,MAQUILA,2025-12
C001,190101,2025-12-31,25,10.0,0.0,0.0,0.0,5.0,2.0,126230.0,135.0,145.0,50.4,56.0,15.0,4.399999999999999,False,4.399999999999999,1.0533333333333335,31.6,4.177215189873416,2025-12-01,HiperMax Nacional,Grandes Superficies,Centro,Bogotá y Sabana,Bogotá,Hipermercado,TABLA APERITIVO NAVIDEÑA MONTE AZUL 400G,0.4,UND,MIXTO QUESOS,TEMPORADA,QUESOS MADURADOS,temporada,MONTE AZUL,IMPORTADO,2025-12
C001,130103,2025-12-31,158,45.504,0.0,0.0,0.0,11.0,3.168,91570.0,3781.0,3775.0,1088.9279999999999,1069.632,164.0,64.79999999999973,False,64.79999999999973,3.1008,93.024,20.897832817337374,2025-12-01,HiperMax Nacional,Grandes Superficies,Centro,Bogotá y Sabana,Bogotá,Hipermercado,LONCHAS AMERICANAS DELILAT 288G,0.288,UND,CHEDDAR ANALOGO,LONCHITAS,QUESOS ANALOGOS,regular,DELILAT,MAQUILA,2025-12
C001,130101,2025-12-31,202,30.3,0.0,0.0,0.0,8.0,1.2,44840.0,4191.0,4202.0,630.66,622.656,191.0,38.303999999999974,False,38.303999999999974,1.94,58.199999999999996,19.744329896907203,2025-12-01,HiperMax Nacional,Grandes Superficies,Centro,Bogotá y Sabana,Bogotá,Hipermercado,CHEDDAR ESTILO AMERICANO DELILAT 150G,0.15,UND,CHEDDAR ANALOGO,LONCHAS,QUESOS ANALOGOS,regular,DELILAT,MAQUILA,2025-12
C001,120104,2025-12-31,143,28.6,0.0,0.0,0.0,7.0,1.4,56500.0,2786.0,2839.0,557.2,557.216,90.0,28.58400000000006,False,28.58400000000006,1.7666666666666666,53.0,16.179622641509468,2025-12-01,HiperMax Nacional,Grandes Superficies,Centro,Bogotá y Sabana,Bogotá,Hipermercado,MOZZARELLA LIGHT CAMPOCLARO 200G,0.2,UND,MOZZARELLA,QUESOS TAJADOS,QUESOS FRESCOS,regular,CAMPOCLARO,NACIONAL,2025-12
C001,120103,2025-12-31,113,22.6,0.0,0.0,0.0,12.0,2.4,119150.0,2880.0,2912.0,556.8,572.912,81.0,6.487999999999943,False,6.487999999999943,1.8333333333333333,55.0,3.5389090909090597,2025-12-01,HiperMax Nacional,Grandes Superficies,Centro,Bogotá y Sabana,Bogotá,Hipermercado,QUESO CREMA CAMPOCLARO 200G,0.2,UND,CREMAS,UNTABLES,QUESOS FRESCOS,regular,CAMPOCLARO,NACIONAL,2025-12
C001,900103,2025-12-31,112,8.96,0.0,0.0,0.0,5.0,0.4,55030.0,2323.0,2372.0,174.64,186.96,63.0,-3.3600000000000136,True,0.0,0.5866666666666667,17.6,0.0,2025-12-01,HiperMax Nacional,Grandes Superficies,Centro,Bogotá y Sabana,Bogotá,Hipermercado,JAMON SERRANO TAJADO CASA IBERIA 80G,0.08,UND,JAMON SERRANO,CHARCUTERIA,CARNES MADURADAS,regular,CASA IBERIA,IMPORTADO,2025-12
C001,120101,2025-12-31,269,67.25,0.0,0.0,0.0,14.0,3.5,140940.0,5923.0,5557.0,1480.75,1375.53,635.0,172.47000000000003,False,172.47000000000003,4.141666666666667,124.25,41.64265593561369,2025-12-01,HiperMax Nacional,Grandes Superficies,Centro,Bogotá y Sabana,Bogotá,Hipermercado,MOZZARELLA TAJADA CAMPOCLARO 250G,0.25,UND,MOZZARELLA,QUESOS TAJADOS,QUESOS FRESCOS,regular,CAMPOCLARO,NACIONAL,2025-12
C001,110114,2025-12-31,96,24.0,0.0,0.0,0.0,8.0,2.0,193280.0,1988.0,2020.0,482.25,497.87,64.0,8.379999999999995,False,8.379999999999995,1.7833333333333334,53.5,4.6990654205607445,2025-12-01,HiperMax Nacional,Grandes Superficies,Centro,Bogotá y Sabana,Bogotá,Hipermercado,GOUDA NATURAL CUÑA LOMA DORADA 250G,0.25,UND,GOUDA NATURAL,CUÑAS,QUESOS MADURADOS,regular,LOMA DORADA,IMPORTADO,2025-12
C001,110113,2025-12-31,116,29.0,0.0,0.0,0.0,11.0,2.75,169810.0,2403.0,2444.0,583.0,598.25,75.0,13.75,False,13.75,2.0,60.0,6.875,2025-12-01,HiperMax Nacional,Grandes Superficies,Centro,Bogotá y Sabana,Bogotá,Hipermercado,PARMESANO RALLADO ORO LECHE 250G,0.25,UND,TIPO PARMESANO,RALLADOS,QUESO PARMESANO,regular,ORO LECHE,MAQUILA,2025-12
C001,110112,2025-12-31,239,23.9,0.0,0.0,0.0,14.0,1.4,96400.0,4590.0,4699.0,443.9,465.124,130.0,2.675999999999931,False,2.675999999999931,1.3,39.0,2.058461538461485,2025-12-01,HiperMax Nacional,Grandes Superficies,Centro,Bogotá y Sabana,Bogotá,Hipermercado,PARMESANO RALLADO ORO LECHE 100G,0.1,UND,TIPO PARMESANO,RALLADOS,QUESO PARMESANO,regular,ORO LECHE,MAQUILA,2025-12
C001,110110,2025-12-31,45,16.2,0.0,0.0,0.0,5.0,1.8,165120.0,1283.0,1291.0,448.92,449.842,37.0,15.27800000000002,False,15.27800000000002,1.644,49.32,9.293187347931886,2025-12-01,HiperMax Nacional,Grandes Superficies,Centro,Bogotá y Sabana,Bogotá,Hipermercado,MIX QUESOS PREMIUM MONTE AZUL 360G,0.36,UND,MIXTO QUESOS,MEZCLAS PREMIUM,QUESOS MADURADOS,regular,MONTE AZUL,IMPORTADO,2025-12
C001,110107,2025-12-31,61,7.625,0.0,0.0,0.0,3.0,0.375,39410.0,1914.0,1875.0,239.25,230.45,100.0,16.42500000000001,False,16.42500000000001,0.8,24.0,20.531250000000014,2025-12-01,HiperMax Nacional,Grandes Superficies,Centro,Bogotá y Sabana,Bogotá,Hipermercado,CAMEMBERT CUÑA MONTE AZUL 125G,0.125,UND,CAMEMBERT,QUESOS BLANDOS,QUESOS MADURADOS,regular,MONTE AZUL,IMPORTADO,2025-12
C001,110106,2025-12-31,71,8.875,0.0,0.0,0.0,6.0,0.75,77520.0,1865.0,1887.0,224.625,234.0,49.0,-0.5,True,0.0,0.8916666666666667,26.75,0.0,2025-12-01,HiperMax Nacional,Grandes Superficies,Centro,Bogotá y Sabana,Bogotá,Hipermercado,BRIE CUÑA MONTE AZUL 125G,0.125,UND,BRIE,QUESOS BLANDOS,QUESOS MADURADOS,regular,MONTE AZUL,IMPORTADO,2025-12
C001,110105,2025-12-31,88,13.2,0.0,0.0,0.0,12.0,1.8,173400.0,2138.0,2148.0,320.7,321.96,78.0,11.939999999999998,False,11.939999999999998,1.2650000000000001,37.95,9.43873517786561,2025-12-01,HiperMax Nacional,Grandes Superficies,Centro,Bogotá y Sabana,Bogotá,Hipermercado,PROVOLONE TAJADO LOMA DORADA 150G,0.15,UND,PROVOLONE,QUESOS TAJADOS PREMIUM,QUESOS MADURADOS,regular,LOMA DORADA,IMPORTADO,2025-12
C001,110104,2025-12-31,84,12.6,0.0,0.0,0.0,11.0,1.65,159420.0,2376.0,2363.0,355.41,351.696,97.0,16.31400000000002,False,16.31400000000002,1.2149999999999999,36.449999999999996,13.427160493827179,2025-12-01,HiperMax Nacional,Grandes Superficies,Centro,Bogotá y Sabana,Bogotá,Hipermercado,COLBY JACK TAJADO LOMA DORADA 150G,0.15,UND,COLBY JACK,QUESOS TAJADOS PREMIUM,QUESOS MADURADOS,regular,LOMA DORADA,IMPORTADO,2025-12
C001,110103,2025-12-31,102,15.3,0.0,0.0,0.0,11.0,1.65,160600.0,2401.0,2421.0,347.1,360.84,82.0,1.5600000000000591,False,1.5600000000000591,1.35,40.5,1.1555555555555992,2025-12-01,HiperMax Nacional,Grandes Superficies,Centro,Bogotá y Sabana,Bogotá,Hipermercado,MUENSTER TAJADO LOMA DORADA 150G,0.15,UND,MUENSTER,QUESOS TAJADOS PREMIUM,QUESOS MADURADOS,regular,LOMA DORADA,IMPORTADO,2025-12
C001,110102,2025-12-31,87,13.05,0.0,0.0,0.0,10.0,1.5,147590.0,2512.0,2499.0,376.8,370.476,100.0,19.374000000000024,False,19.374000000000024,1.415,42.45,13.691872791519451,2025-12-01,HiperMax Nacional,Grandes Superficies,Centro,Bogotá y Sabana,Bogotá,Hipermercado,HOLANDES TAJADO LOMA DORADA 150G,0.15,UND,HOLANDES,QUESOS TAJADOS PREMIUM,QUESOS MADURADOS,regular,LOMA DORADA,IMPORTADO,2025-12
C001,110101,2025-12-31,97,14.55,0.0,0.0,0.0,13.0,1.95,192530.0,2252.0,2264.0,328.35,334.854,85.0,8.04600000000005,False,8.04600000000005,1.2199999999999998,36.599999999999994,6.595081967213156,2025-12-01,HiperMax Nacional,Grandes Superficies,Centro,Bogotá y Sabana,Bogotá,Hipermercado,GOUDA AHUMADO TAJADO LOMA DORADA 150G,0.15,UND,GOUDA AHUMADO,QUESOS TAJADOS PREMIUM,QUESOS MADURADOS,regular,LOMA DORADA,IMPORTADO,2025-12
C001,110115,2025-12-31,84,21.0,0.0,0.0,0.0,12.0,3.0,294670.0,2212.0,2219.0,553.0,542.6,77.0,31.399999999999977,False,31.399999999999977,2.283333333333333,68.5,13.751824817518239,2025-12-01,HiperMax Nacional,Grandes Superficies,Centro,Bogotá y Sabana,Bogotá,Hipermercado,FETA CUBOS CASA SIERRA 250G,0.25,UND,FETA,ESPECIALES,QUESOS MADURADOS,regular,CASA SIERRA,IMPORTADO,2025-12
C012,110105,2025-12-31,18,2.7,16.0,2.4,181310.0,4.0,0.6,63510.0,403.0,395.0,58.05,58.211999999999996,26.0,2.538000000000004,False,2.538000000000004,0.22,6.6,11.536363636363653,2025-12-01,Delimarket Gourmet,Tiendas Especializadas,Centro,Bogotá y Sabana,Bogotá,Especialidad,PROVOLONE TAJADO LOMA DORADA 150G,0.15,UND,PROVOLONE,QUESOS TAJADOS PREMIUM,QUESOS MADURADOS,regular,LOMA DORADA,IMPORTADO,2025-12
C001,900104,2025-12-31,106,8.48,0.0,0.0,0.0,9.0,0.72,83280.0,2682.0,2713.0,214.56,211.702,75.0,11.337999999999994,False,11.337999999999994,0.6906666666666667,20.72,16.41602316602316,2025-12-01,HiperMax Nacional,Grandes Superficies,Centro,Bogotá y Sabana,Bogotá,Hipermercado,CHORIZO TAJADO CASA IBERIA 80G,0.08,UND,CHORIZO,CHARCUTERIA,CARNES MADURADAS,regular,CASA IBERIA,IMPORTADO,2025-12
C002,110102,2025-12-31,77,11.55,0.0,0.0,0.0,6.0,0.9,87050.0,1729.0,1717.0,259.35,253.65,89.0,17.25000000000003,False,17.25000000000003,0.9049999999999999,27.15,19.060773480663016,2025-12-01,SuperAhorro,Grandes Superficies,Antioquia,Valle de Aburrá,Medellín,Supermercado,HOLANDES TAJADO LOMA DORADA 150G,0.15,UND,HOLANDES,QUESOS TAJADOS PREMIUM,QUESOS MADURADOS,regular,LOMA DORADA,IMPORTADO,2025-12
C003,110103,2025-12-31,72,10.8,0.0,0.0,0.0,6.0,0.9,87930.0,1703.0,1702.0,243.75,250.998,73.0,3.552000000000021,False,3.552000000000021,0.935,28.05,3.7989304812834446,2025-12-01,MaxiCompra Caribe,Grandes Superficies,Caribe,Costa Norte,Barranquilla,Supermercado,MUENSTER TAJADO LOMA DORADA 150G,0.15,UND,MUENSTER,QUESOS TAJADOS PREMIUM,QUESOS MADURADOS,regular,LOMA DORADA,IMPORTADO,2025-12
C003,110102,2025-12-31,54,8.1,0.0,0.0,0.0,3.0,0.45,43790.0,1402.0,1407.0,210.3,209.196,49.0,9.204000000000008,False,9.204000000000008,0.84,25.2,10.957142857142866,2025-12-01,MaxiCompra Caribe,Grandes Superficies,Caribe,Costa Norte,Barranquilla,Supermercado,HOLANDES TAJADO LOMA DORADA 150G,0.15,UND,HOLANDES,QUESOS TAJADOS PREMIUM,QUESOS MADURADOS,regular,LOMA DORADA,IMPORTADO,2025-12
C003,110101,2025-12-31,51,7.65,0.0,0.0,0.0,5.0,0.75,71900.0,1534.0,1503.0,223.65,225.462,82.0,5.838000000000022,False,5.838000000000022,0.77,23.1,7.58181818181821,2025-12-01,MaxiCompra Caribe,Grandes Superficies,Caribe,Costa Norte,Barranquilla,Supermercado,GOUDA AHUMADO TAJADO LOMA DORADA 150G,0.15,UND,GOUDA AHUMADO,QUESOS TAJADOS PREMIUM,QUESOS MADURADOS,regular,LOMA DORADA,IMPORTADO,2025-12
C002,900104,2025-12-31,92,7.36,0.0,0.0,0.0,6.0,0.48,54830.0,1864.0,1857.0,149.12,146.359,99.0,10.12100000000001,False,10.12100000000001,0.44000000000000006,13.200000000000001,23.002272727272747,2025-12-01,SuperAhorro,Grandes Superficies,Antioquia,Valle de Aburrá,Medellín,Supermercado,CHORIZO TAJADO CASA IBERIA 80G,0.08,UND,CHORIZO,CHARCUTERIA,CARNES MADURADAS,regular,CASA IBERIA,IMPORTADO,2025-12
C002,900103,2025-12-31,58,4.64,0.0,0.0,0.0,5.0,0.4,54970.0,1680.0,1678.0,134.4,132.653,60.0,6.3870000000000005,False,6.3870000000000005,0.448,13.44,14.256696428571429,2025-12-01,SuperAhorro,Grandes Superficies,Antioquia,Valle de Aburrá,Medellín,Supermercado,JAMON SERRANO TAJADO CASA IBERIA 80G,0.08,UND,JAMON SERRANO,CHARCUTERIA,CARNES MADURADAS,regular,CASA IBERIA,IMPORTADO,2025-12
C002,900102,2025-12-31,86,6.88,0.0,0.0,0.0,5.0,0.4,49330.0,3842.0,3809.0,307.36,300.29200000000003,119.0,13.947999999999979,False,13.947999999999979,0.5066666666666667,15.200000000000001,27.528947368421008,2025-12-01,SuperAhorro,Grandes Superficies,Antioquia,Valle de Aburrá,Medellín,Supermercado,PEPPERONI TAJADO CASA IBERIA 80G,0.08,UND,PEPPERONI,CHARCUTERIA,CARNES MADURADAS,regular,CASA IBERIA,IMPORTADO,2025-12
C002,900101,2025-12-31,77,6.16,0.0,0.0,0.0,7.0,0.56,69480.0,1723.0,1717.0,137.84,133.79500000000002,83.0,10.204999999999984,False,10.204999999999984,0.43200000000000005,12.96,23.622685185185144,2025-12-01,SuperAhorro,Grandes Superficies,Antioquia,Valle de Aburrá,Medellín,Supermercado,SALAMI TAJADO CASA IBERIA 80G,0.08,UND,SALAMI,CHARCUTERIA,CARNES MADURADAS,regular,CASA IBERIA,IMPORTADO,2025-12
C002,300102,2025-12-31,97,22.31,0.0,0.0,0.0,3.0,0.69,27990.0,1926.0,1929.0,442.98,438.61,94.0,26.680000000000007,False,26.680000000000007,1.311,39.33,20.350877192982463,2025-12-01,SuperAhorro,Grandes Superficies,Antioquia,Valle de Aburrá,Medellín,Supermercado,JAMON DE PAVO FINAS LONCHAS SIERRA CARNES 230G,0.23,UND,JAMON PAVO,LONCHAS,CARNES FRIAS,regular,SIERRA CARNES,NACIONAL,2025-12
C002,300101,2025-12-31,76,17.48,0.0,0.0,0.0,4.0,0.92,36360.0,1930.0,1912.0,443.9,428.205,94.0,33.17500000000001,False,33.17500000000001,1.058,31.74,31.35633270321362,2025-12-01,SuperAhorro,Grandes Superficies,Antioquia,Valle de Aburrá,Medellín,Supermercado,JAMON DE CERDO FINAS LONCHAS SIERRA CARNES 230G,0.23,UND,JAMON CERDO,LONCHAS,CARNES FRIAS,regular,SIERRA CARNES,NACIONAL,2025-12
C002,190103,2025-12-31,22,0.0,0.0,0.0,0.0,4.0,2.4,163410.0,119.0,134.0,71.4,80.39999999999999,7.0,-8.999999999999986,True,0.0,1.5799999999999998,47.4,0.0,2025-12-01,SuperAhorro,Grandes Superficies,Antioquia,Valle de Aburrá,Medellín,Supermercado,RACLETTE CELEBRACION LOMA DORADA 600G,0.6,UND,MIXTO QUESOS,TEMPORADA,QUESOS MADURADOS,temporada,LOMA DORADA,IMPORTADO,2025-12
C002,110101,2025-12-31,73,10.95,0.0,0.0,0.0,7.0,1.05,103780.0,1542.0,1535.0,231.93,223.95,80.0,18.930000000000007,False,18.930000000000007,0.755,22.65,25.072847682119214,2025-12-01,SuperAhorro,Grandes Superficies,Antioquia,Valle de Aburrá,Medellín,Supermercado,GOUDA AHUMADO TAJADO LOMA DORADA 150G,0.15,UND,GOUDA AHUMADO,QUESOS TAJADOS PREMIUM,QUESOS MADURADOS,regular,LOMA DORADA,IMPORTADO,2025-12
C002,190102,2025-12-31,22,11.0,0.0,0.0,0.0,4.0,2.0,123490.0,127.0,144.0,63.5,71.5,5.0,3.0,False,3.0,1.4833333333333334,44.5,2.0224719101123596,2025-12-01,SuperAhorro,Grandes Superficies,Antioquia,Valle de Aburrá,Medellín,Supermercado,DUO FESTIVO QUESOS Y CARNES 500G,0.5,UND,MIXTO QUESOS-CARNES,TEMPORADA,QUESOS MADURADOS,temporada,MONTE AZUL,MAQUILA,2025-12
C002,130103,2025-12-31,124,35.712,0.0,0.0,0.0,5.0,1.44,41750.0,2884.0,2953.0,783.648,822.989,55.0,-3.629000000000019,True,0.0,2.3904,71.712,0.0,2025-12-01,SuperAhorro,Grandes Superficies,Antioquia,Valle de Aburrá,Medellín,Supermercado,LONCHAS AMERICANAS DELILAT 288G,0.288,UND,CHEDDAR ANALOGO,LONCHITAS,QUESOS ANALOGOS,regular,DELILAT,MAQUILA,2025-12
C002,130101,2025-12-31,104,15.6,0.0,0.0,0.0,6.0,0.9,33610.0,3014.0,3016.0,437.7,446.964,102.0,6.336000000000013,False,6.336000000000013,1.425,42.75,4.446315789473693,2025-12-01,SuperAhorro,Grandes Superficies,Antioquia,Valle de Aburrá,Medellín,Supermercado,CHEDDAR ESTILO AMERICANO DELILAT 150G,0.15,UND,CHEDDAR ANALOGO,LONCHAS,QUESOS ANALOGOS,regular,DELILAT,MAQUILA,2025-12
C002,120104,2025-12-31,82,16.4,0.0,0.0,0.0,6.0,1.2,47340.0,2167.0,2174.0,433.4,431.304,75.0,18.49599999999998,False,18.49599999999998,1.3933333333333333,41.8,13.274641148325346,2025-12-01,SuperAhorro,Grandes Superficies,Antioquia,Valle de Aburrá,Medellín,Supermercado,MOZZARELLA LIGHT CAMPOCLARO 200G,0.2,UND,MOZZARELLA,QUESOS TAJADOS,QUESOS FRESCOS,regular,CAMPOCLARO,NACIONAL,2025-12
C002,120103,2025-12-31,97,19.4,0.0,0.0,0.0,2.0,0.4,20640.0,2354.0,2395.0,441.6,473.2,56.0,-12.199999999999989,True,0.0,1.4800000000000002,44.400000000000006,0.0,2025-12-01,SuperAhorro,Grandes Superficies,Antioquia,Valle de Aburrá,Medellín,Supermercado,QUESO CREMA CAMPOCLARO 200G,0.2,UND,CREMAS,UNTABLES,QUESOS FRESCOS,regular,CAMPOCLARO,NACIONAL,2025-12
C002,120101,2025-12-31,116,29.0,0.0,0.0,0.0,3.0,0.75,30990.0,3213.0,3175.0,803.25,782.25,154.0,50.0,False,50.0,1.975,59.25,25.31645569620253,2025-12-01,SuperAhorro,Grandes Superficies,Antioquia,Valle de Aburrá,Medellín,Supermercado,MOZZARELLA TAJADA CAMPOCLARO 250G,0.25,UND,MOZZARELLA,QUESOS TAJADOS,QUESOS FRESCOS,regular,CAMPOCLARO,NACIONAL,2025-12
C002,110115,2025-12-31,68,17.0,0.0,0.0,0.0,3.0,0.75,76840.0,1562.0,1563.0,390.5,380.87,67.0,26.629999999999995,False,26.629999999999995,1.4416666666666667,43.25,18.471676300578032,2025-12-01,SuperAhorro,Grandes Superficies,Antioquia,Valle de Aburrá,Medellín,Supermercado,FETA CUBOS CASA SIERRA 250G,0.25,UND,FETA,ESPECIALES,QUESOS MADURADOS,regular,CASA SIERRA,IMPORTADO,2025-12
C002,110114,2025-12-31,66,16.5,0.0,0.0,0.0,2.0,0.5,48960.0,1374.0,1355.0,343.5,336.52,85.0,23.480000000000018,False,23.480000000000018,1.0333333333333334,31.0,22.722580645161305,2025-12-01,SuperAhorro,Grandes Superficies,Antioquia,Valle de Aburrá,Medellín,Supermercado,GOUDA NATURAL CUÑA LOMA DORADA 250G,0.25,UND,GOUDA NATURAL,CUÑAS,QUESOS MADURADOS,regular,LOMA DORADA,IMPORTADO,2025-12
C002,110113,2025-12-31,61,15.25,0.0,0.0,0.0,2.0,0.5,31110.0,1595.0,1600.0,398.75,398.5,56.0,15.5,False,15.5,1.3,39.0,11.923076923076923,2025-12-01,SuperAhorro,Grandes Superficies,Antioquia,Valle de Aburrá,Medellín,Supermercado,PARMESANO RALLADO ORO LECHE 250G,0.25,UND,TIPO PARMESANO,RALLADOS,QUESO PARMESANO,regular,ORO LECHE,MAQUILA,2025-12
C002,110112,2025-12-31,158,15.8,0.0,0.0,0.0,14.0,1.4,98010.0,3224.0,3255.0,322.4,323.3,127.0,14.899999999999977,False,14.899999999999977,0.95,28.5,15.684210526315766,2025-12-01,SuperAhorro,Grandes Superficies,Antioquia,Valle de Aburrá,Medellín,Supermercado,PARMESANO RALLADO ORO LECHE 100G,0.1,UND,TIPO PARMESANO,RALLADOS,QUESO PARMESANO,regular,ORO LECHE,MAQUILA,2025-12
C002,110110,2025-12-31,31,11.16,0.0,0.0,0.0,1.0,0.36,34470.0,730.0,737.0,254.52,262.051,24.0,3.629000000000019,False,3.629000000000019,0.9,27.0,4.032222222222243,2025-12-01,SuperAhorro,Grandes Superficies,Antioquia,Valle de Aburrá,Medellín,Supermercado,MIX QUESOS PREMIUM MONTE AZUL 360G,0.36,UND,MIXTO QUESOS,MEZCLAS PREMIUM,QUESOS MADURADOS,regular,MONTE AZUL,IMPORTADO,2025-12
C002,110103,2025-12-31,59,8.85,0.0,0.0,0.0,6.0,0.0,89580.0,1684.0,1676.0,252.6,248.316,67.0,13.133999999999986,False,13.133999999999986,0.755,22.65,17.396026490066205,2025-12-01,SuperAhorro,Grandes Superficies,Antioquia,Valle de Aburrá,Medellín,Supermercado,MUENSTER TAJADO LOMA DORADA 150G,0.15,UND,MUENSTER,QUESOS TAJADOS PREMIUM,QUESOS MADURADOS,regular,LOMA DORADA,IMPORTADO,2025-12
C002,190101,2025-12-31,18,7.2,0.0,0.0,0.0,0.0,0.0,0.0,115.0,118.0,46.0,47.2,15.0,6.0,False,6.0,1.0,30.0,6.0,2025-12-01,SuperAhorro,Grandes Superficies,Antioquia,Valle de Aburrá,Medellín,Supermercado,TABLA APERITIVO NAVIDEÑA MONTE AZUL 400G,0.4,UND,MIXTO QUESOS,TEMPORADA,QUESOS MADURADOS,temporada,MONTE AZUL,IMPORTADO,2025-12
C018,300102,2025-12-31,96,22.08,0.0,0.0,0.0,12.0,2.76,105370.0,2894.0,2887.0,665.62,658.472,103.0,29.228000000000065,False,29.228000000000065,1.8936666666666666,56.809999999999995,15.434606583348037,2025-12-01,Cadena Uno,Hard Discount,Occidente,Valle del Cauca,Cali,Discounter,JAMON DE PAVO FINAS LONCHAS SIERRA CARNES 230G,0.23,UND,JAMON PAVO,LONCHAS,CARNES FRIAS,regular,SIERRA CARNES,NACIONAL,2025-12
C012,110106,2025-12-31,15,1.875,0.0,0.0,0.0,0.0,0.0,0.0,354.0,348.0,44.25,43.125,21.0,3.0,False,3.0,0.13333333333333333,4.0,22.5,2025-12-01,Delimarket Gourmet,Tiendas Especializadas,Centro,Bogotá y Sabana,Bogotá,Especialidad,BRIE CUÑA MONTE AZUL 125G,0.125,UND,BRIE,QUESOS BLANDOS,QUESOS MADURADOS,regular,MONTE AZUL,IMPORTADO,2025-12
C012,110109,2025-12-31,14,2.1,0.0,0.0,0.0,2.0,0.3,34310.0,404.0,403.0,58.004999999999995,58.8,15.0,1.3049999999999997,False,1.3049999999999997,0.225,6.75,5.799999999999999,2025-12-01,Delimarket Gourmet,Tiendas Especializadas,Centro,Bogotá y Sabana,Bogotá,Especialidad,IBERICO CUÑA MONTE AZUL 150G,0.15,UND,IBERICO,CUÑAS PREMIUM,QUESOS MADURADOS,regular,MONTE AZUL,IMPORTADO,2025-12
C016,190103,2025-12-31,18,10.8,0.0,0.0,0.0,1.0,0.6,41700.0,83.0,89.0,49.8,53.4,12.0,7.199999999999996,False,7.199999999999996,0.84,25.2,8.571428571428566,2025-12-01,Canasta Familiar,Grandes Superficies,Santanderes,Bucaramanga Metropolitana,Bucaramanga,Supermercado,RACLETTE CELEBRACION LOMA DORADA 600G,0.6,UND,MIXTO QUESOS,TEMPORADA,QUESOS MADURADOS,temporada,LOMA DORADA,IMPORTADO,2025-12
C016,190102,2025-12-31,20,10.0,0.0,0.0,0.0,2.0,1.0,60220.0,122.0,131.0,61.0,65.0,11.0,6.0,False,6.0,1.3,39.0,4.615384615384615,2025-12-01,Canasta Familiar,Grandes Superficies,Santanderes,Bucaramanga Metropolitana,Bucaramanga,Supermercado,DUO FESTIVO QUESOS Y CARNES 500G,0.5,UND,MIXTO QUESOS-CARNES,TEMPORADA,QUESOS MADURADOS,temporada,MONTE AZUL,MAQUILA,2025-12
C016,190101,2025-12-31,16,6.4,0.0,0.0,0.0,0.0,0.0,0.0,87.0,92.0,34.8,36.800000000000004,11.0,4.3999999999999915,False,4.3999999999999915,0.6266666666666667,18.8,7.021276595744667,2025-12-01,Canasta Familiar,Grandes Superficies,Santanderes,Bucaramanga Metropolitana,Bucaramanga,Supermercado,TABLA APERITIVO NAVIDEÑA MONTE AZUL 400G,0.4,UND,MIXTO QUESOS,TEMPORADA,QUESOS MADURADOS,temporada,MONTE AZUL,IMPORTADO,2025-12
C016,130103,2025-12-31,88,25.344,0.0,0.0,0.0,4.0,1.152,32890.0,2050.0,2047.0,590.4,582.555,91.0,33.18900000000008,False,33.18900000000008,1.824,54.72,18.19572368421057,2025-12-01,Canasta Familiar,Grandes Superficies,Santanderes,Bucaramanga Metropolitana,Bucaramanga,Supermercado,LONCHAS AMERICANAS DELILAT 288G,0.288,UND,CHEDDAR ANALOGO,LONCHITAS,QUESOS ANALOGOS,regular,DELILAT,MAQUILA,2025-12
C016,130101,2025-12-31,125,18.75,0.0,0.0,0.0,13.0,1.95,75690.0,2643.0,2705.0,396.45,400.65,63.0,14.550000000000011,False,14.550000000000011,1.1849999999999998,35.55,12.27848101265824,2025-12-01,Canasta Familiar,Grandes Superficies,Santanderes,Bucaramanga Metropolitana,Bucaramanga,Supermercado,CHEDDAR ESTILO AMERICANO DELILAT 150G,0.15,UND,CHEDDAR ANALOGO,LONCHAS,QUESOS ANALOGOS,regular,DELILAT,MAQUILA,2025-12
C016,120104,2025-12-31,81,16.2,0.0,0.0,0.0,6.0,1.2,48620.0,1775.0,1824.0,342.2,363.32,32.0,-4.920000000000016,True,0.0,0.9533333333333334,28.6,0.0,2025-12-01,Canasta Familiar,Grandes Superficies,Santanderes,Bucaramanga Metropolitana,Bucaramanga,Supermercado,MOZZARELLA LIGHT CAMPOCLARO 200G,0.2,UND,MOZZARELLA,QUESOS TAJADOS,QUESOS FRESCOS,regular,CAMPOCLARO,NACIONAL,2025-12
C016,120103,2025-12-31,73,14.6,0.0,0.0,0.0,3.0,0.6,29590.0,1477.0,1478.0,295.4,293.81600000000003,72.0,16.18399999999997,False,16.18399999999997,0.86,25.8,18.818604651162754,2025-12-01,Canasta Familiar,Grandes Superficies,Santanderes,Bucaramanga Metropolitana,Bucaramanga,Supermercado,QUESO CREMA CAMPOCLARO 200G,0.2,UND,CREMAS,UNTABLES,QUESOS FRESCOS,regular,CAMPOCLARO,NACIONAL,2025-12
C016,120101,2025-12-31,92,0.0,0.0,0.0,0.0,7.0,1.75,69440.0,2066.0,2085.0,516.5,509.75,73.0,6.75,False,6.75,1.4916666666666667,44.75,4.5251396648044695,2025-12-01,Canasta Familiar,Grandes Superficies,Santanderes,Bucaramanga Metropolitana,Bucaramanga,Supermercado,MOZZARELLA TAJADA CAMPOCLARO 250G,0.25,UND,MOZZARELLA,QUESOS TAJADOS,QUESOS FRESCOS,regular,CAMPOCLARO,NACIONAL,2025-12
C016,110115,2025-12-31,46,11.5,0.0,0.0,0.0,2.0,0.5,49210.0,1055.0,1042.0,263.75,255.42,59.0,19.830000000000013,False,19.830000000000013,0.6833333333333333,20.5,29.01951219512197,2025-12-01,Canasta Familiar,Grandes Superficies,Santanderes,Bucaramanga Metropolitana,Bucaramanga,Supermercado,FETA CUBOS CASA SIERRA 250G,0.25,UND,FETA,ESPECIALES,QUESOS MADURADOS,regular,CASA SIERRA,IMPORTADO,2025-12
C016,110114,2025-12-31,55,13.75,0.0,0.0,0.0,2.0,0.5,48330.0,1414.0,1418.0,344.5,352.25,51.0,6.0,False,6.0,1.2333333333333334,37.0,4.864864864864865,2025-12-01,Canasta Familiar,Grandes Superficies,Santanderes,Bucaramanga Metropolitana,Bucaramanga,Supermercado,GOUDA NATURAL CUÑA LOMA DORADA 250G,0.25,UND,GOUDA NATURAL,CUÑAS,QUESOS MADURADOS,regular,LOMA DORADA,IMPORTADO,2025-12
C016,110113,2025-12-31,46,11.5,0.0,0.0,0.0,2.0,0.5,30890.0,1266.0,1252.0,306.25,308.86,60.0,8.889999999999986,False,8.889999999999986,0.9416666666666667,28.25,9.440707964601756,2025-12-01,Canasta Familiar,Grandes Superficies,Santanderes,Bucaramanga Metropolitana,Bucaramanga,Supermercado,PARMESANO RALLADO ORO LECHE 250G,0.25,UND,TIPO PARMESANO,RALLADOS,QUESO PARMESANO,regular,ORO LECHE,MAQUILA,2025-12
C016,110112,2025-12-31,136,13.6,0.0,0.0,0.0,6.0,0.6,40530.0,2661.0,2670.0,266.1,263.216,127.0,16.484000000000037,False,16.484000000000037,0.86,25.8,19.16744186046516,2025-12-01,Canasta Familiar,Grandes Superficies,Santanderes,Bucaramanga Metropolitana,Bucaramanga,Supermercado,PARMESANO RALLADO ORO LECHE 100G,0.1,UND,TIPO PARMESANO,RALLADOS,QUESO PARMESANO,regular,ORO LECHE,MAQUILA,2025-12
C016,110110,2025-12-31,24,8.64,0.0,0.0,0.0,4.0,1.44,137840.0,585.0,586.0,210.6,210.6,23.0,8.640000000000015,False,8.640000000000015,0.7799999999999999,23.4,11.076923076923096,2025-12-01,Canasta Familiar,Grandes Superficies,Santanderes,Bucaramanga Metropolitana,Bucaramanga,Supermercado,MIX QUESOS PREMIUM MONTE AZUL 360G,0.36,UND,MIXTO QUESOS,MEZCLAS PREMIUM,QUESOS MADURADOS,regular,MONTE AZUL,IMPORTADO,2025-12
C016,110103,2025-12-31,45,6.75,0.0,0.0,0.0,4.0,0.6,58850.0,1281.0,1267.0,187.05,189.168,59.0,4.632000000000005,False,4.632000000000005,0.645,19.35,7.181395348837217,2025-12-01,Canasta Familiar,Grandes Superficies,Santanderes,Bucaramanga Metropolitana,Bucaramanga,Supermercado,MUENSTER TAJADO LOMA DORADA 150G,0.15,UND,MUENSTER,QUESOS TAJADOS PREMIUM,QUESOS MADURADOS,regular,LOMA DORADA,IMPORTADO,2025-12
C016,110102,2025-12-31,56,8.4,0.0,0.0,0.0,3.0,0.45,43590.0,1207.0,1223.0,174.6,181.062,40.0,1.9379999999999882,False,1.9379999999999882,0.6650000000000001,19.950000000000003,2.914285714285696,2025-12-01,Canasta Familiar,Grandes Superficies,Santanderes,Bucaramanga Metropolitana,Bucaramanga,Supermercado,HOLANDES TAJADO LOMA DORADA 150G,0.15,UND,HOLANDES,QUESOS TAJADOS PREMIUM,QUESOS MADURADOS,regular,LOMA DORADA,IMPORTADO,2025-12
C016,110101,2025-12-31,52,7.8,0.0,0.0,0.0,4.0,0.6,59210.0,1227.0,1253.0,178.2,186.09,26.0,-0.09000000000000341,True,0.0,0.775,23.25,0.0,2025-12-01,Canasta Familiar,Grandes Superficies,Santanderes,Bucaramanga Metropolitana,Bucaramanga,Supermercado,GOUDA AHUMADO TAJADO LOMA DORADA 150G,0.15,UND,GOUDA AHUMADO,QUESOS TAJADOS PREMIUM,QUESOS MADURADOS,regular,LOMA DORADA,IMPORTADO,2025-12
C015,900102,2025-12-31,12,0.96,9.0,0.72,67230.0,0.0,0.0,0.0,348.0,344.0,26.72,27.36,16.0,0.3200000000000003,False,0.3200000000000003,0.09333333333333334,2.8000000000000003,3.4285714285714315,2025-12-01,Abarrotes Norte,Tradicional Modernizado,Caribe,Costa Norte,Barranquilla,Supermercado Regional,PEPPERONI TAJADO CASA IBERIA 80G,0.08,UND,PEPPERONI,CHARCUTERIA,CARNES MADURADAS,regular,CASA IBERIA,IMPORTADO,2025-12
C015,900101,2025-12-31,15,1.2,0.0,0.0,0.0,1.0,0.08,9950.0,408.0,409.0,32.64,32.406,14.0,1.4340000000000046,False,1.4340000000000046,0.112,3.36,12.80357142857147,2025-12-01,Abarrotes Norte,Tradicional Modernizado,Caribe,Costa Norte,Barranquilla,Supermercado Regional,SALAMI TAJADO CASA IBERIA 80G,0.08,UND,SALAMI,CHARCUTERIA,CARNES MADURADAS,regular,CASA IBERIA,IMPORTADO,2025-12
C015,300102,2025-12-31,18,4.14,13.0,2.99,93600.0,1.0,0.23,9440.0,492.0,490.0,113.16,110.63,20.0,6.670000000000002,False,6.670000000000002,0.2836666666666667,8.51,23.51351351351352,2025-12-01,Abarrotes Norte,Tradicional Modernizado,Caribe,Costa Norte,Barranquilla,Supermercado Regional,JAMON DE PAVO FINAS LONCHAS SIERRA CARNES 230G,0.23,UND,JAMON PAVO,LONCHAS,CARNES FRIAS,regular,SIERRA CARNES,NACIONAL,2025-12
C015,300101,2025-12-31,15,3.45,0.0,0.0,0.0,2.0,0.46,17910.0,463.0,462.0,106.214,104.632,16.0,5.0319999999999965,False,5.0319999999999965,0.36800000000000005,11.040000000000001,13.67391304347825,2025-12-01,Abarrotes Norte,Tradicional Modernizado,Caribe,Costa Norte,Barranquilla,Supermercado Regional,JAMON DE CERDO FINAS LONCHAS SIERRA CARNES 230G,0.23,UND,JAMON CERDO,LONCHAS,CARNES FRIAS,regular,SIERRA CARNES,NACIONAL,2025-12
C015,130101,2025-12-31,29,4.35,0.0,0.0,0.0,1.0,0.15,5430.0,746.0,750.0,108.45,110.976,25.0,1.823999999999998,False,1.823999999999998,0.325,9.75,5.612307692307686,2025-12-01,Abarrotes Norte,Tradicional Modernizado,Caribe,Costa Norte,Barranquilla,Supermercado Regional,CHEDDAR ESTILO AMERICANO DELILAT 150G,0.15,UND,CHEDDAR ANALOGO,LONCHAS,QUESOS ANALOGOS,regular,DELILAT,MAQUILA,2025-12
C015,120103,2025-12-31,22,4.4,0.0,0.0,0.0,3.0,0.6,28740.0,513.0,521.0,102.6,103.384,14.0,3.6159999999999997,False,3.6159999999999997,0.2866666666666667,8.6,12.613953488372092,2025-12-01,Abarrotes Norte,Tradicional Modernizado,Caribe,Costa Norte,Barranquilla,Supermercado Regional,QUESO CREMA CAMPOCLARO 200G,0.2,UND,CREMAS,UNTABLES,QUESOS FRESCOS,regular,CAMPOCLARO,NACIONAL,2025-12
C015,120101,2025-12-31,35,8.75,26.0,6.5,198600.0,2.0,0.5,19580.0,753.0,753.0,183.5,184.19,35.0,8.060000000000002,False,8.060000000000002,0.5,15.0,16.120000000000005,2025-12-01,Abarrotes Norte,Tradicional Modernizado,Caribe,Costa Norte,Barranquilla,Supermercado Regional,MOZZARELLA TAJADA CAMPOCLARO 250G,0.25,UND,MOZZARELLA,QUESOS TAJADOS,QUESOS FRESCOS,regular,CAMPOCLARO,NACIONAL,2025-12
C016,300101,2025-12-31,88,20.24,0.0,0.0,0.0,2.0,0.46,17760.0,1721.0,1727.0,383.87,394.11899999999997,82.0,9.991000000000042,False,9.991000000000042,1.1193333333333333,33.58,8.925848719475917,2025-12-01,Canasta Familiar,Grandes Superficies,Santanderes,Bucaramanga Metropolitana,Bucaramanga,Supermercado,JAMON DE CERDO FINAS LONCHAS SIERRA CARNES 230G,0.23,UND,JAMON CERDO,LONCHAS,CARNES FRIAS,regular,SIERRA CARNES,NACIONAL,2025-12
C016,300102,2025-12-31,55,12.65,0.0,0.0,0.0,4.0,0.92,38400.0,1343.0,1340.0,308.89,305.44,58.0,16.099999999999966,False,16.099999999999966,0.8663333333333333,25.99,18.58407079646014,2025-12-01,Canasta Familiar,Grandes Superficies,Santanderes,Bucaramanga Metropolitana,Bucaramanga,Supermercado,JAMON DE PAVO FINAS LONCHAS SIERRA CARNES 230G,0.23,UND,JAMON PAVO,LONCHAS,CARNES FRIAS,regular,SIERRA CARNES,NACIONAL,2025-12
C016,900101,2025-12-31,52,4.16,0.0,0.0,0.0,5.0,0.0,49800.0,1319.0,1326.0,98.48,105.28,45.0,-2.6400000000000006,True,0.0,0.37333333333333335,11.200000000000001,0.0,2025-12-01,Canasta Familiar,Grandes Superficies,Santanderes,Bucaramanga Metropolitana,Bucaramanga,Supermercado,SALAMI TAJADO CASA IBERIA 80G,0.08,UND,SALAMI,CHARCUTERIA,CARNES MADURADAS,regular,CASA IBERIA,IMPORTADO,2025-12
C016,900102,2025-12-31,72,5.76,0.0,0.0,0.0,8.0,0.64,77420.0,1508.0,1506.0,120.64,118.301,74.0,8.099000000000004,False,8.099000000000004,0.47200000000000003,14.16,17.15889830508475,2025-12-01,Canasta Familiar,Grandes Superficies,Santanderes,Bucaramanga Metropolitana,Bucaramanga,Supermercado,PEPPERONI TAJADO CASA IBERIA 80G,0.08,UND,PEPPERONI,CHARCUTERIA,CARNES MADURADAS,regular,CASA IBERIA,IMPORTADO,2025-12
C018,130104,2025-12-31,188,28.2,0.0,0.0,0.0,16.0,2.4,84930.0,4756.0,4840.0,713.4,705.606,104.0,35.99400000000003,False,35.99400000000003,2.17,65.1,16.58709677419356,2025-12-01,Cadena Uno,Hard Discount,Occidente,Valle del Cauca,Cali,Discounter,PIZZA MIX RALLADO DELILAT 150G,0.15,UND,MIXTO QUESOS,RALLADOS,QUESOS ANALOGOS,regular,DELILAT,MAQUILA,2025-12
C018,130103,2025-12-31,144,41.472,0.0,0.0,0.0,12.0,0.0,88370.0,5459.0,5403.0,1572.192,1537.6200000000001,200.0,76.04399999999987,False,76.04399999999987,3.8400000000000003,115.2,19.803124999999966,2025-12-01,Cadena Uno,Hard Discount,Occidente,Valle del Cauca,Cali,Discounter,LONCHAS AMERICANAS DELILAT 288G,0.288,UND,CHEDDAR ANALOGO,LONCHITAS,QUESOS ANALOGOS,regular,DELILAT,MAQUILA,2025-12
C018,130101,2025-12-31,262,39.3,0.0,0.0,0.0,26.0,3.9,135470.0,9763.0,9800.0,1350.15,1470.348,225.0,-80.89799999999991,True,0.0,4.569999999999999,137.1,0.0,2025-12-01,Cadena Uno,Hard Discount,Occidente,Valle del Cauca,Cali,Discounter,CHEDDAR ESTILO AMERICANO DELILAT 150G,0.15,UND,CHEDDAR ANALOGO,LONCHAS,QUESOS ANALOGOS,regular,DELILAT,MAQUILA,2025-12
C018,120104,2025-12-31,104,20.8,0.0,0.0,0.0,9.0,1.8,66650.0,3520.0,3494.0,704.0,685.992,130.0,38.80799999999999,False,38.80799999999999,2.26,67.8,17.171681415929203,2025-12-01,Cadena Uno,Hard Discount,Occidente,Valle del Cauca,Cali,Discounter,MOZZARELLA LIGHT CAMPOCLARO 200G,0.2,UND,MOZZARELLA,QUESOS TAJADOS,QUESOS FRESCOS,regular,CAMPOCLARO,NACIONAL,2025-12
C018,120103,2025-12-31,112,22.4,0.0,0.0,0.0,11.0,2.2,99350.0,3710.0,3756.0,742.0,742.8,66.0,21.600000000000023,False,21.600000000000023,2.44,73.2,8.852459016393452,2025-12-01,Cadena Uno,Hard Discount,Occidente,Valle del Cauca,Cali,Discounter,QUESO CREMA CAMPOCLARO 200G,0.2,UND,CREMAS,UNTABLES,QUESOS FRESCOS,regular,CAMPOCLARO,NACIONAL,2025-12
C018,120101,2025-12-31,174,43.5,0.0,0.0,0.0,13.0,3.25,119530.0,4968.0,5019.0,1242.0,1240.5,123.0,45.0,False,45.0,3.966666666666667,119.0,11.34453781512605,2025-12-01,Cadena Uno,Hard Discount,Occidente,Valle del Cauca,Cali,Discounter,MOZZARELLA TAJADA CAMPOCLARO 250G,0.25,UND,MOZZARELLA,QUESOS TAJADOS,QUESOS FRESCOS,regular,CAMPOCLARO,NACIONAL,2025-12
C018,110113,2025-12-31,114,28.5,0.0,0.0,0.0,6.0,1.5,84610.0,2792.0,2832.0,698.0,700.49,74.0,26.00999999999999,False,26.00999999999999,2.216666666666667,66.5,11.73383458646616,2025-12-01,Cadena Uno,Hard Discount,Occidente,Valle del Cauca,Cali,Discounter,PARMESANO RALLADO ORO LECHE 250G,0.25,UND,TIPO PARMESANO,RALLADOS,QUESO PARMESANO,regular,ORO LECHE,MAQUILA,2025-12
C018,110112,2025-12-31,136,13.6,0.0,0.0,0.0,10.0,1.0,62700.0,4213.0,4234.0,412.8,418.884,115.0,7.5160000000000196,False,7.5160000000000196,1.2633333333333332,37.9,5.949340369393156,2025-12-01,Cadena Uno,Hard Discount,Occidente,Valle del Cauca,Cali,Discounter,PARMESANO RALLADO ORO LECHE 100G,0.1,UND,TIPO PARMESANO,RALLADOS,QUESO PARMESANO,regular,ORO LECHE,MAQUILA,2025-12
C017,900103,2025-12-31,3,0.24,0.0,0.0,0.0,1.0,0.08,11540.0,175.0,174.0,13.6,13.68,4.0,0.16000000000000014,False,0.16000000000000014,0.04,1.2,4.0000000000000036,2025-12-01,RapiExpress,E-commerce,Centro,Bogotá y Sabana,Bogotá,Quick Commerce,JAMON SERRANO TAJADO CASA IBERIA 80G,0.08,UND,JAMON SERRANO,CHARCUTERIA,CARNES MADURADAS,regular,CASA IBERIA,IMPORTADO,2025-12
C017,900102,2025-12-31,6,0.48,4.0,0.32,29940.0,1.0,0.08,10670.0,214.0,213.0,16.88,16.959,7.0,0.4009999999999998,False,0.4009999999999998,0.06666666666666667,2.0,6.014999999999997,2025-12-01,RapiExpress,E-commerce,Centro,Bogotá y Sabana,Bogotá,Quick Commerce,PEPPERONI TAJADO CASA IBERIA 80G,0.08,UND,PEPPERONI,CHARCUTERIA,CARNES MADURADAS,regular,CASA IBERIA,IMPORTADO,2025-12
C017,900101,2025-12-31,4,0.32,0.0,0.0,0.0,1.0,0.08,10590.0,202.0,201.0,15.92,15.692,5.0,0.5479999999999983,False,0.5479999999999983,0.058666666666666666,1.76,9.340909090909062,2025-12-01,RapiExpress,E-commerce,Centro,Bogotá y Sabana,Bogotá,Quick Commerce,SALAMI TAJADO CASA IBERIA 80G,0.08,UND,SALAMI,CHARCUTERIA,CARNES MADURADAS,regular,CASA IBERIA,IMPORTADO,2025-12
C015,110113,2025-12-31,12,0.0,11.0,2.75,132650.0,1.0,0.25,15520.0,349.0,344.0,84.25,85.75,17.0,-1.5,True,0.0,0.2916666666666667,8.75,0.0,2025-12-01,Abarrotes Norte,Tradicional Modernizado,Caribe,Costa Norte,Barranquilla,Supermercado Regional,PARMESANO RALLADO ORO LECHE 250G,0.25,UND,TIPO PARMESANO,RALLADOS,QUESO PARMESANO,regular,ORO LECHE,MAQUILA,2025-12
C017,300101,2025-12-31,6,1.38,3.0,0.69,20770.0,2.0,0.46,19250.0,261.0,261.0,59.339999999999996,57.27,6.0,3.4499999999999957,False,3.4499999999999957,0.19933333333333333,5.98,17.307692307692285,2025-12-01,RapiExpress,E-commerce,Centro,Bogotá y Sabana,Bogotá,Quick Commerce,JAMON DE CERDO FINAS LONCHAS SIERRA CARNES 230G,0.23,UND,JAMON CERDO,LONCHAS,CARNES FRIAS,regular,SIERRA CARNES,NACIONAL,2025-12
C017,190102,2025-12-31,2,1.0,2.0,1.0,46250.0,1.0,0.5,32180.0,23.0,21.0,11.5,10.5,4.0,2.0,False,2.0,0.25,7.5,8.0,2025-12-01,RapiExpress,E-commerce,Centro,Bogotá y Sabana,Bogotá,Quick Commerce,DUO FESTIVO QUESOS Y CARNES 500G,0.5,UND,MIXTO QUESOS-CARNES,TEMPORADA,QUESOS MADURADOS,temporada,MONTE AZUL,MAQUILA,2025-12
C017,190101,2025-12-31,1,0.4,0.0,0.0,0.0,0.0,0.0,0.0,14.0,13.0,5.6,5.2,2.0,0.7999999999999998,False,0.7999999999999998,0.08000000000000002,2.4000000000000004,9.999999999999996,2025-12-01,RapiExpress,E-commerce,Centro,Bogotá y Sabana,Bogotá,Quick Commerce,TABLA APERITIVO NAVIDEÑA MONTE AZUL 400G,0.4,UND,MIXTO QUESOS,TEMPORADA,QUESOS MADURADOS,temporada,MONTE AZUL,IMPORTADO,2025-12
C017,130101,2025-12-31,6,0.9,4.0,0.6,17590.0,1.0,0.15,5910.0,274.0,274.0,41.1,40.926,6.0,1.073999999999998,False,1.073999999999998,0.115,3.45,9.339130434782591,2025-12-01,RapiExpress,E-commerce,Centro,Bogotá y Sabana,Bogotá,Quick Commerce,CHEDDAR ESTILO AMERICANO DELILAT 150G,0.15,UND,CHEDDAR ANALOGO,LONCHAS,QUESOS ANALOGOS,regular,DELILAT,MAQUILA,2025-12
C017,120103,2025-12-31,6,1.2,0.0,0.0,0.0,0.0,0.0,0.0,242.0,243.0,48.4,47.632000000000005,5.0,1.9679999999999964,False,1.9679999999999964,0.13333333333333333,4.0,14.759999999999973,2025-12-01,RapiExpress,E-commerce,Centro,Bogotá y Sabana,Bogotá,Quick Commerce,QUESO CREMA CAMPOCLARO 200G,0.2,UND,CREMAS,UNTABLES,QUESOS FRESCOS,regular,CAMPOCLARO,NACIONAL,2025-12
C017,120101,2025-12-31,6,1.5,0.0,0.0,0.0,0.0,0.0,0.0,310.0,311.0,75.75,77.75,5.0,-0.5,True,0.0,0.25,7.5,0.0,2025-12-01,RapiExpress,E-commerce,Centro,Bogotá y Sabana,Bogotá,Quick Commerce,MOZZARELLA TAJADA CAMPOCLARO 250G,0.25,UND,MOZZARELLA,QUESOS TAJADOS,QUESOS FRESCOS,regular,CAMPOCLARO,NACIONAL,2025-12
C017,110113,2025-12-31,3,0.75,3.0,0.75,36440.0,0.0,0.0,0.0,204.0,202.0,50.925,49.23,5.0,2.4450000000000003,False,2.4450000000000003,0.125,3.75,19.560000000000002,2025-12-01,RapiExpress,E-commerce,Centro,Bogotá y Sabana,Bogotá,Quick Commerce,PARMESANO RALLADO ORO LECHE 250G,0.25,UND,TIPO PARMESANO,RALLADOS,QUESO PARMESANO,regular,ORO LECHE,MAQUILA,2025-12
C017,110112,2025-12-31,7,0.7,0.0,0.0,0.0,0.0,0.0,0.0,287.0,289.0,28.7,28.400000000000002,5.0,0.9999999999999964,False,0.9999999999999964,0.09000000000000001,2.7,11.11111111111107,2025-12-01,RapiExpress,E-commerce,Centro,Bogotá y Sabana,Bogotá,Quick Commerce,PARMESANO RALLADO ORO LECHE 100G,0.1,UND,TIPO PARMESANO,RALLADOS,QUESO PARMESANO,regular,ORO LECHE,MAQUILA,2025-12
C017,110108,2025-12-31,3,0.45,0.0,0.0,0.0,0.0,0.0,0.0,160.0,158.0,22.2,23.55,5.0,-0.9000000000000021,True,0.0,0.06999999999999999,2.0999999999999996,0.0,2025-12-01,RapiExpress,E-commerce,Centro,Bogotá y Sabana,Bogotá,Quick Commerce,MANCHEGO CUÑA MONTE AZUL 150G,0.15,UND,MANCHEGO,CUÑAS PREMIUM,QUESOS MADURADOS,regular,MONTE AZUL,IMPORTADO,2025-12
C016,900104,2025-12-31,54,4.32,0.0,0.0,0.0,3.0,0.24,28290.0,1494.0,1501.0,119.52,118.938,47.0,4.902000000000001,False,4.902000000000001,0.4,12.0,12.255000000000003,2025-12-01,Canasta Familiar,Grandes Superficies,Santanderes,Bucaramanga Metropolitana,Bucaramanga,Supermercado,CHORIZO TAJADO CASA IBERIA 80G,0.08,UND,CHORIZO,CHARCUTERIA,CARNES MADURADAS,regular,CASA IBERIA,IMPORTADO,2025-12
C016,900103,2025-12-31,66,5.28,0.0,0.0,0.0,4.0,0.32,43980.0,1363.0,1384.0,105.6,109.92,45.0,0.9599999999999937,False,0.9599999999999937,0.3226666666666667,9.680000000000001,2.9752066115702283,2025-12-01,Canasta Familiar,Grandes Superficies,Santanderes,Bucaramanga Metropolitana,Bucaramanga,Supermercado,JAMON SERRANO TAJADO CASA IBERIA 80G,0.08,UND,JAMON SERRANO,CHARCUTERIA,CARNES MADURADAS,regular,CASA IBERIA,IMPORTADO,2025-12
C017,300102,2025-12-31,4,0.92,0.0,0.0,0.0,0.0,0.0,0.0,328.0,330.0,73.14,75.9,2.0,-1.8400000000000034,True,0.0,0.10733333333333332,3.2199999999999998,0.0,2025-12-01,RapiExpress,E-commerce,Centro,Bogotá y Sabana,Bogotá,Quick Commerce,JAMON DE PAVO FINAS LONCHAS SIERRA CARNES 230G,0.23,UND,JAMON PAVO,LONCHAS,CARNES FRIAS,regular,SIERRA CARNES,NACIONAL,2025-12
C015,110112,2025-12-31,32,3.2,22.0,2.2,116680.0,2.0,0.2,13090.0,754.0,749.0,72.6,74.276,37.0,1.524000000000001,False,1.524000000000001,0.18000000000000002,5.4,8.46666666666667,2025-12-01,Abarrotes Norte,Tradicional Modernizado,Caribe,Costa Norte,Barranquilla,Supermercado Regional,PARMESANO RALLADO ORO LECHE 100G,0.1,UND,TIPO PARMESANO,RALLADOS,QUESO PARMESANO,regular,ORO LECHE,MAQUILA,2025-12
C014,900104,2025-12-31,74,5.92,0.0,0.0,0.0,8.0,0.64,74760.0,1836.0,1821.0,140.856,143.357,89.0,3.4189999999999827,False,3.4189999999999827,0.52,15.600000000000001,6.574999999999966,2025-12-01,Plaza Hogar,Grandes Superficies,Occidente,Valle del Cauca,Cali,Hipermercado,CHORIZO TAJADO CASA IBERIA 80G,0.08,UND,CHORIZO,CHARCUTERIA,CARNES MADURADAS,regular,CASA IBERIA,IMPORTADO,2025-12
C014,900103,2025-12-31,71,5.68,0.0,0.0,0.0,6.0,0.48,63850.0,1699.0,1703.0,135.92000000000002,134.198,67.0,7.402000000000015,False,7.402000000000015,0.4026666666666667,12.08,18.382450331125867,2025-12-01,Plaza Hogar,Grandes Superficies,Occidente,Valle del Cauca,Cali,Hipermercado,JAMON SERRANO TAJADO CASA IBERIA 80G,0.08,UND,JAMON SERRANO,CHARCUTERIA,CARNES MADURADAS,regular,CASA IBERIA,IMPORTADO,2025-12
C013,900101,2025-12-31,19,1.52,0.0,0.0,0.0,0.0,0.0,0.0,358.0,361.0,28.64,28.8,16.0,1.3599999999999994,False,1.3599999999999994,0.128,3.84,10.624999999999995,2025-12-01,La Mesa Premium,Tiendas Especializadas,Occidente,,Cali,Especialidad,SALAMI TAJADO CASA IBERIA 80G,0.08,UND,SALAMI,CHARCUTERIA,CARNES MADURADAS,regular,CASA IBERIA,IMPORTADO,2025-12
C013,190103,2025-12-31,5,3.0,2.0,1.2,65940.0,0.0,0.0,0.0,21.0,22.0,12.6,13.2,4.0,2.4000000000000004,False,2.4000000000000004,0.2,6.0,12.000000000000002,2025-12-01,La Mesa Premium,Tiendas Especializadas,Occidente,,Cali,Especialidad,RACLETTE CELEBRACION LOMA DORADA 600G,0.6,UND,MIXTO QUESOS,TEMPORADA,QUESOS MADURADOS,temporada,LOMA DORADA,IMPORTADO,2025-12
C013,190102,2025-12-31,4,2.0,0.0,0.0,0.0,0.0,0.0,0.0,28.0,29.0,14.0,14.5,3.0,1.5,False,1.5,0.2833333333333333,8.5,5.294117647058823,2025-12-01,La Mesa Premium,Tiendas Especializadas,Occidente,,Cali,Especialidad,DUO FESTIVO QUESOS Y CARNES 500G,0.5,UND,MIXTO QUESOS-CARNES,TEMPORADA,QUESOS MADURADOS,temporada,MONTE AZUL,MAQUILA,2025-12
C013,190101,2025-12-31,4,1.6,4.0,0.0,78820.0,0.0,0.0,0.0,20.0,20.0,6.4,8.0,4.0,0.0,False,0.0,0.12000000000000002,3.6000000000000005,0.0,2025-12-01,La Mesa Premium,Tiendas Especializadas,Occidente,,Cali,Especialidad,TABLA APERITIVO NAVIDEÑA MONTE AZUL 400G,0.4,UND,MIXTO QUESOS,TEMPORADA,QUESOS MADURADOS,temporada,MONTE AZUL,IMPORTADO,2025-12
C013,110115,2025-12-31,11,2.75,0.0,0.0,0.0,0.0,0.0,0.0,299.0,298.0,74.75,73.44,12.0,4.060000000000002,False,4.060000000000002,0.18333333333333332,5.5,22.14545454545456,2025-12-01,La Mesa Premium,Tiendas Especializadas,Occidente,,Cali,Especialidad,FETA CUBOS CASA SIERRA 250G,0.25,UND,FETA,ESPECIALES,QUESOS MADURADOS,regular,CASA SIERRA,IMPORTADO,2025-12
C013,110114,2025-12-31,14,3.5,0.0,0.0,0.0,0.0,0.0,0.0,312.0,314.0,78.0,77.79,12.0,3.7099999999999937,False,3.7099999999999937,0.2833333333333333,8.5,13.094117647058802,2025-12-01,La Mesa Premium,Tiendas Especializadas,Occidente,,Cali,Especialidad,GOUDA NATURAL CUÑA LOMA DORADA 250G,0.25,UND,GOUDA NATURAL,CUÑAS,QUESOS MADURADOS,regular,LOMA DORADA,IMPORTADO,2025-12
C013,110110,2025-12-31,10,3.6,8.0,2.88,208100.0,1.0,0.36,37700.0,200.0,197.0,70.2,69.062,13.0,4.7379999999999995,False,4.7379999999999995,0.336,10.08,14.101190476190474,2025-12-01,La Mesa Premium,Tiendas Especializadas,Occidente,,Cali,Especialidad,MIX QUESOS PREMIUM MONTE AZUL 360G,0.36,UND,MIXTO QUESOS,MEZCLAS PREMIUM,QUESOS MADURADOS,regular,MONTE AZUL,IMPORTADO,2025-12
C013,110109,2025-12-31,13,1.95,0.0,0.0,0.0,1.0,0.15,17510.0,371.0,371.0,54.0,55.038,13.0,0.9120000000000061,False,0.9120000000000061,0.18000000000000002,5.4,5.0666666666667,2025-12-01,La Mesa Premium,Tiendas Especializadas,Occidente,,Cali,Especialidad,IBERICO CUÑA MONTE AZUL 150G,0.15,UND,IBERICO,CUÑAS PREMIUM,QUESOS MADURADOS,regular,MONTE AZUL,IMPORTADO,2025-12
C013,110108,2025-12-31,15,2.25,15.0,2.25,180480.0,0.0,0.0,0.0,378.0,370.0,56.7,53.711999999999996,23.0,5.238000000000007,False,5.238000000000007,0.16999999999999998,5.1,30.811764705882396,2025-12-01,La Mesa Premium,Tiendas Especializadas,Occidente,,Cali,Especialidad,MANCHEGO CUÑA MONTE AZUL 150G,0.15,UND,MANCHEGO,CUÑAS PREMIUM,QUESOS MADURADOS,regular,MONTE AZUL,IMPORTADO,2025-12
C013,110107,2025-12-31,12,1.5,19.0,2.375,192090.0,0.0,0.0,0.0,289.0,282.0,34.5,34.885,19.0,1.115000000000002,False,1.115000000000002,0.15833333333333333,4.75,7.042105263157907,2025-12-01,La Mesa Premium,Tiendas Especializadas,Occidente,,Cali,Especialidad,CAMEMBERT CUÑA MONTE AZUL 125G,0.125,UND,CAMEMBERT,QUESOS BLANDOS,QUESOS MADURADOS,regular,MONTE AZUL,IMPORTADO,2025-12
C013,110106,2025-12-31,10,1.25,10.0,1.25,100690.0,1.0,0.125,14020.0,266.0,258.0,33.25,32.115,18.0,2.384999999999998,False,2.384999999999998,0.09166666666666666,2.75,26.018181818181798,2025-12-01,La Mesa Premium,Tiendas Especializadas,Occidente,,Cali,Especialidad,BRIE CUÑA MONTE AZUL 125G,0.125,UND,BRIE,QUESOS BLANDOS,QUESOS MADURADOS,regular,MONTE AZUL,IMPORTADO,2025-12
C013,900102,2025-12-31,19,1.52,26.0,2.08,198870.0,2.0,0.16,21710.0,455.0,446.0,34.88,35.293,28.0,1.1070000000000064,False,1.1070000000000064,0.13066666666666668,3.9200000000000004,8.471938775510253,2025-12-01,La Mesa Premium,Tiendas Especializadas,Occidente,,Cali,Especialidad,PEPPERONI TAJADO CASA IBERIA 80G,0.08,UND,PEPPERONI,CHARCUTERIA,CARNES MADURADAS,regular,CASA IBERIA,IMPORTADO,2025-12
C013,110105,2025-12-31,17,2.55,22.0,3.3,245470.0,1.0,0.15,16190.0,310.0,305.0,44.85,45.738,22.0,1.661999999999999,False,1.661999999999999,0.195,5.8500000000000005,8.523076923076918,2025-12-01,La Mesa Premium,Tiendas Especializadas,Occidente,,Cali,Especialidad,PROVOLONE TAJADO LOMA DORADA 150G,0.15,UND,PROVOLONE,QUESOS TAJADOS PREMIUM,QUESOS MADURADOS,regular,LOMA DORADA,IMPORTADO,2025-12
C013,110101,2025-12-31,19,2.85,18.0,2.7,204280.0,0.0,0.0,0.0,368.0,362.0,53.55,52.65,25.0,3.75,False,3.75,0.19499999999999998,5.85,19.230769230769234,2025-12-01,La Mesa Premium,Tiendas Especializadas,Occidente,,Cali,Especialidad,GOUDA AHUMADO TAJADO LOMA DORADA 150G,0.15,UND,GOUDA AHUMADO,QUESOS TAJADOS PREMIUM,QUESOS MADURADOS,regular,LOMA DORADA,IMPORTADO,2025-12
C012,900104,2025-12-31,26,2.08,0.0,0.0,0.0,4.0,0.32,41040.0,457.0,466.0,36.56,37.2,17.0,1.4399999999999977,False,1.4399999999999977,0.13066666666666665,3.92,11.020408163265289,2025-12-01,Delimarket Gourmet,Tiendas Especializadas,Centro,Bogotá y Sabana,Bogotá,Especialidad,CHORIZO TAJADO CASA IBERIA 80G,0.08,UND,CHORIZO,CHARCUTERIA,CARNES MADURADAS,regular,CASA IBERIA,IMPORTADO,2025-12
C012,900103,2025-12-31,29,2.32,40.0,3.2,340830.0,2.0,0.16,23680.0,718.0,702.0,56.144,55.04,45.0,3.4239999999999995,False,3.4239999999999995,0.272,8.16,12.588235294117645,2025-12-01,Delimarket Gourmet,Tiendas Especializadas,Centro,Bogotá y Sabana,Bogotá,Especialidad,JAMON SERRANO TAJADO CASA IBERIA 80G,0.08,UND,JAMON SERRANO,CHARCUTERIA,CARNES MADURADAS,regular,CASA IBERIA,IMPORTADO,2025-12
C012,900102,2025-12-31,24,1.92,17.0,1.36,129480.0,2.0,0.16,22040.0,481.0,476.0,38.480000000000004,37.28,29.0,3.1200000000000045,False,3.1200000000000045,0.16266666666666665,4.88,19.180327868852487,2025-12-01,Delimarket Gourmet,Tiendas Especializadas,Centro,Bogotá y Sabana,Bogotá,Especialidad,PEPPERONI TAJADO CASA IBERIA 80G,0.08,UND,PEPPERONI,CHARCUTERIA,CARNES MADURADAS,regular,CASA IBERIA,IMPORTADO,2025-12
C012,900101,2025-12-31,24,1.92,0.0,0.0,0.0,3.0,0.24,33310.0,561.0,569.0,44.88,44.0,16.0,2.8000000000000043,False,2.8000000000000043,0.17066666666666666,5.12,16.406250000000025,2025-12-01,Delimarket Gourmet,Tiendas Especializadas,Centro,Bogotá y Sabana,Bogotá,Especialidad,SALAMI TAJADO CASA IBERIA 80G,0.08,UND,SALAMI,CHARCUTERIA,CARNES MADURADAS,regular,CASA IBERIA,IMPORTADO,2025-12
C012,190103,2025-12-31,5,3.0,5.0,3.0,161310.0,0.0,0.0,0.0,24.0,23.0,14.4,13.799999999999999,6.0,3.5999999999999996,False,3.5999999999999996,0.22,6.6,16.363636363636363,2025-12-01,Delimarket Gourmet,Tiendas Especializadas,Centro,Bogotá y Sabana,Bogotá,Especialidad,RACLETTE CELEBRACION LOMA DORADA 600G,0.6,UND,MIXTO QUESOS,TEMPORADA,QUESOS MADURADOS,temporada,LOMA DORADA,IMPORTADO,2025-12
C012,190102,2025-12-31,7,3.5,0.0,0.0,0.0,0.0,0.0,0.0,30.0,32.0,15.0,16.0,5.0,2.5,False,2.5,0.25,7.5,10.0,2025-12-01,Delimarket Gourmet,Tiendas Especializadas,Centro,Bogotá y Sabana,Bogotá,Especialidad,DUO FESTIVO QUESOS Y CARNES 500G,0.5,UND,MIXTO QUESOS-CARNES,TEMPORADA,QUESOS MADURADOS,temporada,MONTE AZUL,MAQUILA,2025-12
C012,190101,2025-12-31,7,2.8,0.0,0.0,0.0,0.0,0.0,0.0,32.0,36.0,12.8,14.4,3.0,1.200000000000001,False,1.200000000000001,0.2666666666666667,8.000000000000002,4.5000000000000036,2025-12-01,Delimarket Gourmet,Tiendas Especializadas,Centro,Bogotá y Sabana,Bogotá,Especialidad,TABLA APERITIVO NAVIDEÑA MONTE AZUL 400G,0.4,UND,MIXTO QUESOS,TEMPORADA,QUESOS MADURADOS,temporada,MONTE AZUL,IMPORTADO,2025-12
C012,110115,2025-12-31,18,4.5,16.0,4.0,314950.0,1.0,0.25,27560.0,408.0,399.0,99.65,97.02,27.0,7.13000000000001,False,7.13000000000001,0.425,12.75,16.776470588235316,2025-12-01,Delimarket Gourmet,Tiendas Especializadas,Centro,Bogotá y Sabana,Bogotá,Especialidad,FETA CUBOS CASA SIERRA 250G,0.25,UND,FETA,ESPECIALES,QUESOS MADURADOS,regular,CASA SIERRA,IMPORTADO,2025-12
C012,110114,2025-12-31,20,5.0,18.0,4.5,334450.0,1.0,0.25,26240.0,398.0,392.0,99.5,95.56,26.0,8.939999999999998,False,8.939999999999998,0.3333333333333333,10.0,26.819999999999993,2025-12-01,Delimarket Gourmet,Tiendas Especializadas,Centro,Bogotá y Sabana,Bogotá,Especialidad,GOUDA NATURAL CUÑA LOMA DORADA 250G,0.25,UND,GOUDA NATURAL,CUÑAS,QUESOS MADURADOS,regular,LOMA DORADA,IMPORTADO,2025-12
C012,110110,2025-12-31,8,2.88,0.0,0.0,0.0,1.0,0.36,37820.0,216.0,215.0,73.44,75.96,9.0,0.35999999999999943,False,0.35999999999999943,0.348,10.44,1.0344827586206882,2025-12-01,Delimarket Gourmet,Tiendas Especializadas,Centro,Bogotá y Sabana,Bogotá,Especialidad,MIX QUESOS PREMIUM MONTE AZUL 360G,0.36,UND,MIXTO QUESOS,MEZCLAS PREMIUM,QUESOS MADURADOS,regular,MONTE AZUL,IMPORTADO,2025-12
C013,110102,2025-12-31,19,2.85,24.0,3.6,276320.0,0.0,0.0,0.0,374.0,368.0,53.55,55.001999999999995,25.0,1.3980000000000032,False,1.3980000000000032,0.2,6.0,6.990000000000016,2025-12-01,La Mesa Premium,Tiendas Especializadas,Occidente,,Cali,Especialidad,HOLANDES TAJADO LOMA DORADA 150G,0.15,UND,HOLANDES,QUESOS TAJADOS PREMIUM,QUESOS MADURADOS,regular,LOMA DORADA,IMPORTADO,2025-12
C012,110107,2025-12-31,16,2.0,0.0,0.0,0.0,1.0,0.125,14360.0,412.0,415.0,51.5,51.5,13.0,2.0,False,2.0,0.18333333333333332,5.5,10.90909090909091,2025-12-01,Delimarket Gourmet,Tiendas Especializadas,Centro,Bogotá y Sabana,Bogotá,Especialidad,CAMEMBERT CUÑA MONTE AZUL 125G,0.125,UND,CAMEMBERT,QUESOS BLANDOS,QUESOS MADURADOS,regular,MONTE AZUL,IMPORTADO,2025-12
C013,900103,2025-12-31,18,1.44,20.0,1.6,171140.0,2.0,0.16,24470.0,573.0,559.0,45.84,44.4,32.0,2.8800000000000026,False,2.8800000000000026,0.23466666666666666,7.04,12.272727272727284,2025-12-01,La Mesa Premium,Tiendas Especializadas,Occidente,,Cali,Especialidad,JAMON SERRANO TAJADO CASA IBERIA 80G,0.08,UND,JAMON SERRANO,CHARCUTERIA,CARNES MADURADAS,regular,CASA IBERIA,IMPORTADO,2025-12
C014,110101,2025-12-31,70,10.5,0.0,0.0,0.0,3.0,0.45,43720.0,1707.0,1724.0,248.7,255.6,53.0,3.5999999999999943,False,3.5999999999999943,0.89,26.7,4.044943820224713,2025-12-01,Plaza Hogar,Grandes Superficies,Occidente,Valle del Cauca,Cali,Hipermercado,GOUDA AHUMADO TAJADO LOMA DORADA 150G,0.15,UND,GOUDA AHUMADO,QUESOS TAJADOS PREMIUM,QUESOS MADURADOS,regular,LOMA DORADA,IMPORTADO,2025-12
C014,900102,2025-12-31,76,6.08,0.0,0.0,0.0,4.0,0.32,39910.0,1692.0,1678.0,131.6,131.859,90.0,5.820999999999998,False,5.820999999999998,0.42133333333333334,12.64,13.81566455696202,2025-12-01,Plaza Hogar,Grandes Superficies,Occidente,Valle del Cauca,Cali,Hipermercado,PEPPERONI TAJADO CASA IBERIA 80G,0.08,UND,PEPPERONI,CHARCUTERIA,CARNES MADURADAS,regular,CASA IBERIA,IMPORTADO,2025-12
C014,900101,2025-12-31,67,0.0,0.0,0.0,0.0,5.0,0.4,50740.0,1782.0,1778.0,137.76,142.026,71.0,-4.2660000000000196,True,0.0,0.5359999999999999,16.08,0.0,2025-12-01,Plaza Hogar,Grandes Superficies,Occidente,Valle del Cauca,Cali,Hipermercado,SALAMI TAJADO CASA IBERIA 80G,0.08,UND,SALAMI,CHARCUTERIA,CARNES MADURADAS,regular,CASA IBERIA,IMPORTADO,2025-12
C014,300102,2025-12-31,61,14.03,0.0,0.0,0.0,4.0,0.92,38790.0,1641.0,1644.0,363.4,364.587,58.0,12.842999999999961,False,12.842999999999961,1.0426666666666666,31.279999999999998,12.317455242966714,2025-12-01,Plaza Hogar,Grandes Superficies,Occidente,Valle del Cauca,Cali,Hipermercado,JAMON DE PAVO FINAS LONCHAS SIERRA CARNES 230G,0.23,UND,JAMON PAVO,LONCHAS,CARNES FRIAS,regular,SIERRA CARNES,NACIONAL,2025-12
C014,300101,2025-12-31,90,20.7,0.0,0.0,0.0,8.0,1.84,72540.0,2207.0,2201.0,489.67,496.7,96.0,13.670000000000016,False,13.670000000000016,1.6099999999999999,48.3,8.490683229813675,2025-12-01,Plaza Hogar,Grandes Superficies,Occidente,Valle del Cauca,Cali,Hipermercado,JAMON DE CERDO FINAS LONCHAS SIERRA CARNES 230G,0.23,UND,JAMON CERDO,LONCHAS,CARNES FRIAS,regular,SIERRA CARNES,NACIONAL,2025-12
C014,190103,2025-12-31,16,9.6,0.0,0.0,0.0,1.0,0.6,42020.0,98.0,101.0,58.8,60.6,13.0,7.79999999999999,False,7.79999999999999,1.22,36.6,6.393442622950811,2025-12-01,Plaza Hogar,Grandes Superficies,Occidente,Valle del Cauca,Cali,Hipermercado,RACLETTE CELEBRACION LOMA DORADA 600G,0.6,UND,MIXTO QUESOS,TEMPORADA,QUESOS MADURADOS,temporada,LOMA DORADA,IMPORTADO,2025-12
C014,190102,2025-12-31,26,13.0,0.0,0.0,0.0,3.0,1.5,88510.0,112.0,170.0,56.0,85.0,-32.0,-16.0,True,0.0,1.9666666666666666,59.0,0.0,2025-12-01,Plaza Hogar,Grandes Superficies,Occidente,Valle del Cauca,Cali,Hipermercado,DUO FESTIVO QUESOS Y CARNES 500G,0.5,UND,MIXTO QUESOS-CARNES,TEMPORADA,QUESOS MADURADOS,temporada,MONTE AZUL,MAQUILA,2025-12
C014,190101,2025-12-31,23,9.2,0.0,0.0,0.0,0.0,0.0,0.0,109.0,119.0,43.6,46.4,13.0,6.399999999999999,False,6.399999999999999,0.8,24.0,7.999999999999998,2025-12-01,Plaza Hogar,Grandes Superficies,Occidente,Valle del Cauca,Cali,Hipermercado,TABLA APERITIVO NAVIDEÑA MONTE AZUL 400G,0.4,UND,MIXTO QUESOS,TEMPORADA,QUESOS MADURADOS,temporada,MONTE AZUL,IMPORTADO,2025-12
C014,130103,2025-12-31,91,26.208,0.0,0.0,0.0,4.0,1.152,33240.0,2669.0,2677.0,768.672,753.27,83.0,41.610000000000014,False,41.610000000000014,2.2944000000000004,68.83200000000001,18.135460251046027,2025-12-01,Plaza Hogar,Grandes Superficies,Occidente,Valle del Cauca,Cali,Hipermercado,LONCHAS AMERICANAS DELILAT 288G,0.288,UND,CHEDDAR ANALOGO,LONCHITAS,QUESOS ANALOGOS,regular,DELILAT,MAQUILA,2025-12
C014,130101,2025-12-31,100,15.0,0.0,0.0,0.0,15.0,2.25,83710.0,2823.0,2834.0,423.45,423.75,89.0,14.699999999999989,False,14.699999999999989,1.245,37.35,11.807228915662641,2025-12-01,Plaza Hogar,Grandes Superficies,Occidente,Valle del Cauca,Cali,Hipermercado,CHEDDAR ESTILO AMERICANO DELILAT 150G,0.15,UND,CHEDDAR ANALOGO,LONCHAS,QUESOS ANALOGOS,regular,DELILAT,MAQUILA,2025-12
C014,120104,2025-12-31,96,19.2,0.0,0.0,0.0,3.0,0.6,23850.0,2073.0,2076.0,414.6,413.248,93.0,20.55200000000002,False,20.55200000000002,1.1733333333333333,35.2,17.51590909090911,2025-12-01,Plaza Hogar,Grandes Superficies,Occidente,Valle del Cauca,Cali,Hipermercado,MOZZARELLA LIGHT CAMPOCLARO 200G,0.2,UND,MOZZARELLA,QUESOS TAJADOS,QUESOS FRESCOS,regular,CAMPOCLARO,NACIONAL,2025-12
C014,120103,2025-12-31,87,17.4,0.0,0.0,0.0,9.0,1.8,90750.0,2317.0,2298.0,464.74,446.504,106.0,35.63599999999997,False,35.63599999999997,1.4533333333333334,43.6,24.52018348623851,2025-12-01,Plaza Hogar,Grandes Superficies,Occidente,Valle del Cauca,Cali,Hipermercado,QUESO CREMA CAMPOCLARO 200G,0.2,UND,CREMAS,UNTABLES,QUESOS FRESCOS,regular,CAMPOCLARO,NACIONAL,2025-12
C013,900104,2025-12-31,21,1.68,18.0,1.44,132330.0,0.0,0.0,0.0,366.0,362.0,29.28,28.726,25.0,2.2340000000000018,False,2.2340000000000018,0.096,2.88,23.27083333333335,2025-12-01,La Mesa Premium,Tiendas Especializadas,Occidente,,Cali,Especialidad,CHORIZO TAJADO CASA IBERIA 80G,0.08,UND,CHORIZO,CHARCUTERIA,CARNES MADURADAS,regular,CASA IBERIA,IMPORTADO,2025-12
C014,120101,2025-12-31,115,28.75,0.0,0.0,0.0,12.0,3.0,120220.0,3329.0,3297.0,808.25,817.63,147.0,19.370000000000005,False,19.370000000000005,2.5,75.0,7.748000000000002,2025-12-01,Plaza Hogar,Grandes Superficies,Occidente,Valle del Cauca,Cali,Hipermercado,MOZZARELLA TAJADA CAMPOCLARO 250G,0.25,UND,MOZZARELLA,QUESOS TAJADOS,QUESOS FRESCOS,regular,CAMPOCLARO,NACIONAL,2025-12
C014,110114,2025-12-31,74,18.5,0.0,0.0,0.0,6.0,1.5,149270.0,3190.0,3160.0,797.5,773.72,104.0,42.27999999999997,False,42.27999999999997,1.3916666666666666,41.75,30.380838323353274,2025-12-01,Plaza Hogar,Grandes Superficies,Occidente,Valle del Cauca,Cali,Hipermercado,GOUDA NATURAL CUÑA LOMA DORADA 250G,0.25,UND,GOUDA NATURAL,CUÑAS,QUESOS MADURADOS,regular,LOMA DORADA,IMPORTADO,2025-12
C014,110113,2025-12-31,68,17.0,0.0,0.0,0.0,2.0,0.5,30680.0,1651.0,1635.0,412.75,403.17,84.0,26.579999999999984,False,26.579999999999984,1.2,36.0,22.149999999999988,2025-12-01,Plaza Hogar,Grandes Superficies,Occidente,Valle del Cauca,Cali,Hipermercado,PARMESANO RALLADO ORO LECHE 250G,0.25,UND,TIPO PARMESANO,RALLADOS,QUESO PARMESANO,regular,ORO LECHE,MAQUILA,2025-12
C014,110112,2025-12-31,98,9.8,0.0,0.0,0.0,7.0,0.7,47100.0,2759.0,2781.0,276.84000000000003,276.056,76.0,10.58400000000006,False,10.58400000000006,0.88,26.4,12.027272727272795,2025-12-01,Plaza Hogar,Grandes Superficies,Occidente,Valle del Cauca,Cali,Hipermercado,PARMESANO RALLADO ORO LECHE 100G,0.1,UND,TIPO PARMESANO,RALLADOS,QUESO PARMESANO,regular,ORO LECHE,MAQUILA,2025-12
C014,110110,2025-12-31,33,11.88,0.0,0.0,0.0,4.0,1.44,137260.0,769.0,761.0,276.84,270.36,41.0,18.359999999999957,False,18.359999999999957,0.8160000000000001,24.48,22.499999999999947,2025-12-01,Plaza Hogar,Grandes Superficies,Occidente,Valle del Cauca,Cali,Hipermercado,MIX QUESOS PREMIUM MONTE AZUL 360G,0.36,UND,MIXTO QUESOS,MEZCLAS PREMIUM,QUESOS MADURADOS,regular,MONTE AZUL,IMPORTADO,2025-12
C014,110107,2025-12-31,58,7.25,0.0,0.0,0.0,4.0,0.5,51650.0,1248.0,1279.0,139.625,157.47,27.0,-10.594999999999999,True,0.0,0.4708333333333333,14.125,0.0,2025-12-01,Plaza Hogar,Grandes Superficies,Occidente,Valle del Cauca,Cali,Hipermercado,CAMEMBERT CUÑA MONTE AZUL 125G,0.125,UND,CAMEMBERT,QUESOS BLANDOS,QUESOS MADURADOS,regular,MONTE AZUL,IMPORTADO,2025-12
C014,110106,2025-12-31,51,6.375,0.0,0.0,0.0,1.0,0.125,12990.0,1335.0,1322.0,166.875,162.53,64.0,10.719999999999999,False,10.719999999999999,0.4791666666666667,14.375,22.372173913043476,2025-12-01,Plaza Hogar,Grandes Superficies,Occidente,Valle del Cauca,Cali,Hipermercado,BRIE CUÑA MONTE AZUL 125G,0.125,UND,BRIE,QUESOS BLANDOS,QUESOS MADURADOS,regular,MONTE AZUL,IMPORTADO,2025-12
C014,110105,2025-12-31,60,9.0,0.0,0.0,0.0,1.0,0.15,14420.0,1506.0,1499.0,209.1,223.062,67.0,-4.9620000000000175,True,0.0,0.8200000000000001,24.6,0.0,2025-12-01,Plaza Hogar,Grandes Superficies,Occidente,Valle del Cauca,Cali,Hipermercado,PROVOLONE TAJADO LOMA DORADA 150G,0.15,UND,PROVOLONE,QUESOS TAJADOS PREMIUM,QUESOS MADURADOS,regular,LOMA DORADA,IMPORTADO,2025-12
C014,110104,2025-12-31,57,8.55,0.0,0.0,0.0,9.0,1.35,129150.0,1750.0,1743.0,262.5,256.338,64.0,14.711999999999989,False,14.711999999999989,0.925,27.75,15.904864864864852,2025-12-01,Plaza Hogar,Grandes Superficies,Occidente,Valle del Cauca,Cali,Hipermercado,COLBY JACK TAJADO LOMA DORADA 150G,0.15,UND,COLBY JACK,QUESOS TAJADOS PREMIUM,QUESOS MADURADOS,regular,LOMA DORADA,IMPORTADO,2025-12
C014,110103,2025-12-31,64,9.6,0.0,0.0,0.0,2.0,0.3,29590.0,1847.0,1809.0,277.05,267.45,102.0,19.200000000000045,False,19.200000000000045,0.9000000000000001,27.000000000000004,21.333333333333382,2025-12-01,Plaza Hogar,Grandes Superficies,Occidente,Valle del Cauca,Cali,Hipermercado,MUENSTER TAJADO LOMA DORADA 150G,0.15,UND,MUENSTER,QUESOS TAJADOS PREMIUM,QUESOS MADURADOS,regular,LOMA DORADA,IMPORTADO,2025-12
C014,110102,2025-12-31,74,11.1,0.0,0.0,0.0,2.0,0.3,28570.0,1472.0,1499.0,208.8,223.638,47.0,-3.7379999999999995,True,0.0,0.78,23.400000000000002,0.0,2025-12-01,Plaza Hogar,Grandes Superficies,Occidente,Valle del Cauca,Cali,Hipermercado,HOLANDES TAJADO LOMA DORADA 150G,0.15,UND,HOLANDES,QUESOS TAJADOS PREMIUM,QUESOS MADURADOS,regular,LOMA DORADA,IMPORTADO,2025-12
C014,110115,2025-12-31,41,10.25,0.0,0.0,0.0,5.0,1.25,128190.0,1199.0,1209.0,299.75,297.76,31.0,12.240000000000009,False,12.240000000000009,1.1166666666666667,33.5,10.961194029850754,2025-12-01,Plaza Hogar,Grandes Superficies,Occidente,Valle del Cauca,Cali,Hipermercado,FETA CUBOS CASA SIERRA 250G,0.25,UND,FETA,ESPECIALES,QUESOS MADURADOS,regular,CASA SIERRA,IMPORTADO,2025-12
C018,900102,2025-12-31,93,7.44,0.0,0.0,0.0,11.0,0.88,98070.0,2638.0,2669.0,205.84,212.88,62.0,0.4000000000000057,False,0.4000000000000057,0.672,20.16,0.5952380952381037,2025-12-01,Cadena Uno,Hard Discount,Occidente,Valle del Cauca,Cali,Discounter,PEPPERONI TAJADO CASA IBERIA 80G,0.08,UND,PEPPERONI,CHARCUTERIA,CARNES MADURADAS,regular,CASA IBERIA,IMPORTADO,2025-12
